college_id,college_name,location,branch,year,round,category,cutoff_percentile,closing_rank
101,"Fr. C. Rodrigues Institute of Technology (FCRIT)","Vashi","Computer Engineering",2021,1,"Open",83.44,23200
101,"Fr. C. Rodrigues Institute of Technology (FCRIT)","Vashi","Information Technology",2021,1,"Open",91.64,11700
101,"Fr. C. Rodrigues Institute of Technology (FCRIT)","Vashi","Electronics & Telecommunication",2021,1,"Open",84.24,22050
101,"Fr. C. Rodrigues Institute of Technology (FCRIT)","Vashi","Mechanical Engineering",2021,1,"Open",68.94,43500
101,"Fr. C. Rodrigues Institute of Technology (FCRIT)","Vashi","Civil Engineering",2021,1,"Open",63.44,51200
101,"Fr. C. Rodrigues Institute of Technology (FCRIT)","Vashi","Automobile Engineering",2021,1,"Open",57.94,58900
101,"Fr. C. Rodrigues Institute of Technology (FCRIT)","Vashi","Computer Engineering",2021,1,"OBC",83.44,23200
101,"Fr. C. Rodrigues Institute of Technology (FCRIT)","Vashi","Information Technology",2021,1,"OBC",91.64,11700
101,"Fr. C. Rodrigues Institute of Technology (FCRIT)","Vashi","Electronics & Telecommunication",2021,1,"OBC",84.24,22050
101,"Fr. C. Rodrigues Institute of Technology (FCRIT)","Vashi","Mechanical Engineering",2021,1,"OBC",68.94,43500
101,"Fr. C. Rodrigues Institute of Technology (FCRIT)","Vashi","Civil Engineering",2021,1,"OBC",63.44,51200
101,"Fr. C. Rodrigues Institute of Technology (FCRIT)","Vashi","Automobile Engineering",2021,1,"OBC",57.94,58900
101,"Fr. C. Rodrigues Institute of Technology (FCRIT)","Vashi","Computer Engineering",2021,1,"NT",82.64,24300
101,"Fr. C. Rodrigues Institute of Technology (FCRIT)","Vashi","Information Technology",2021,1,"NT",90.84,12800
101,"Fr. C. Rodrigues Institute of Technology (FCRIT)","Vashi","Electronics & Telecommunication",2021,1,"NT",83.44,23200
101,"Fr. C. Rodrigues Institute of Technology (FCRIT)","Vashi","Mechanical Engineering",2021,1,"NT",68.14,44600
101,"Fr. C. Rodrigues Institute of Technology (FCRIT)","Vashi","Civil Engineering",2021,1,"NT",62.64,52300
101,"Fr. C. Rodrigues Institute of Technology (FCRIT)","Vashi","Automobile Engineering",2021,1,"NT",57.14,60000
101,"Fr. C. Rodrigues Institute of Technology (FCRIT)","Vashi","Computer Engineering",2021,1,"SC",80.94,26700
101,"Fr. C. Rodrigues Institute of Technology (FCRIT)","Vashi","Information Technology",2021,1,"SC",89.14,15200
101,"Fr. C. Rodrigues Institute of Technology (FCRIT)","Vashi","Electronics & Telecommunication",2021,1,"SC",81.74,25550
101,"Fr. C. Rodrigues Institute of Technology (FCRIT)","Vashi","Mechanical Engineering",2021,1,"SC",66.44,47000
101,"Fr. C. Rodrigues Institute of Technology (FCRIT)","Vashi","Civil Engineering",2021,1,"SC",60.94,54700
101,"Fr. C. Rodrigues Institute of Technology (FCRIT)","Vashi","Automobile Engineering",2021,1,"SC",55.44,62400
101,"Fr. C. Rodrigues Institute of Technology (FCRIT)","Vashi","Computer Engineering",2021,1,"ST",79.44,28800
101,"Fr. C. Rodrigues Institute of Technology (FCRIT)","Vashi","Information Technology",2021,1,"ST",87.64,17300
101,"Fr. C. Rodrigues Institute of Technology (FCRIT)","Vashi","Electronics & Telecommunication",2021,1,"ST",80.24,27650
101,"Fr. C. Rodrigues Institute of Technology (FCRIT)","Vashi","Mechanical Engineering",2021,1,"ST",64.94,49100
101,"Fr. C. Rodrigues Institute of Technology (FCRIT)","Vashi","Civil Engineering",2021,1,"ST",59.44,56800
101,"Fr. C. Rodrigues Institute of Technology (FCRIT)","Vashi","Automobile Engineering",2021,1,"ST",53.94,64500
101,"Fr. C. Rodrigues Institute of Technology (FCRIT)","Vashi","Computer Engineering",2021,1,"Others",82.24,24850
101,"Fr. C. Rodrigues Institute of Technology (FCRIT)","Vashi","Information Technology",2021,1,"Others",90.44,13400
101,"Fr. C. Rodrigues Institute of Technology (FCRIT)","Vashi","Electronics & Telecommunication",2021,1,"Others",83.04,23750
101,"Fr. C. Rodrigues Institute of Technology (FCRIT)","Vashi","Mechanical Engineering",2021,1,"Others",67.74,45150
101,"Fr. C. Rodrigues Institute of Technology (FCRIT)","Vashi","Civil Engineering",2021,1,"Others",62.24,52850
101,"Fr. C. Rodrigues Institute of Technology (FCRIT)","Vashi","Automobile Engineering",2021,1,"Others",56.74,60550
101,"Fr. C. Rodrigues Institute of Technology (FCRIT)","Vashi","Computer Engineering",2021,2,"Open",82.7,24200
101,"Fr. C. Rodrigues Institute of Technology (FCRIT)","Vashi","Information Technology",2021,2,"Open",90.9,12750
101,"Fr. C. Rodrigues Institute of Technology (FCRIT)","Vashi","Electronics & Telecommunication",2021,2,"Open",83.5,23100
101,"Fr. C. Rodrigues Institute of Technology (FCRIT)","Vashi","Mechanical Engineering",2021,2,"Open",68.2,44500
101,"Fr. C. Rodrigues Institute of Technology (FCRIT)","Vashi","Civil Engineering",2021,2,"Open",62.7,52200
101,"Fr. C. Rodrigues Institute of Technology (FCRIT)","Vashi","Automobile Engineering",2021,2,"Open",57.2,59900
101,"Fr. C. Rodrigues Institute of Technology (FCRIT)","Vashi","Computer Engineering",2021,2,"OBC",82.7,24200
101,"Fr. C. Rodrigues Institute of Technology (FCRIT)","Vashi","Information Technology",2021,2,"OBC",90.9,12750
101,"Fr. C. Rodrigues Institute of Technology (FCRIT)","Vashi","Electronics & Telecommunication",2021,2,"OBC",83.5,23100
101,"Fr. C. Rodrigues Institute of Technology (FCRIT)","Vashi","Mechanical Engineering",2021,2,"OBC",68.2,44500
101,"Fr. C. Rodrigues Institute of Technology (FCRIT)","Vashi","Civil Engineering",2021,2,"OBC",62.7,52200
101,"Fr. C. Rodrigues Institute of Technology (FCRIT)","Vashi","Automobile Engineering",2021,2,"OBC",57.2,59900
101,"Fr. C. Rodrigues Institute of Technology (FCRIT)","Vashi","Computer Engineering",2021,2,"NT",81.9,25350
101,"Fr. C. Rodrigues Institute of Technology (FCRIT)","Vashi","Information Technology",2021,2,"NT",90.1,13850
101,"Fr. C. Rodrigues Institute of Technology (FCRIT)","Vashi","Electronics & Telecommunication",2021,2,"NT",82.7,24200
101,"Fr. C. Rodrigues Institute of Technology (FCRIT)","Vashi","Mechanical Engineering",2021,2,"NT",67.4,45650
101,"Fr. C. Rodrigues Institute of Technology (FCRIT)","Vashi","Civil Engineering",2021,2,"NT",61.9,53350
101,"Fr. C. Rodrigues Institute of Technology (FCRIT)","Vashi","Automobile Engineering",2021,2,"NT",56.4,61050
101,"Fr. C. Rodrigues Institute of Technology (FCRIT)","Vashi","Computer Engineering",2021,2,"SC",80.2,27700
101,"Fr. C. Rodrigues Institute of Technology (FCRIT)","Vashi","Information Technology",2021,2,"SC",88.4,16250
101,"Fr. C. Rodrigues Institute of Technology (FCRIT)","Vashi","Electronics & Telecommunication",2021,2,"SC",81,26600
101,"Fr. C. Rodrigues Institute of Technology (FCRIT)","Vashi","Mechanical Engineering",2021,2,"SC",65.7,48000
101,"Fr. C. Rodrigues Institute of Technology (FCRIT)","Vashi","Civil Engineering",2021,2,"SC",60.2,55700
101,"Fr. C. Rodrigues Institute of Technology (FCRIT)","Vashi","Automobile Engineering",2021,2,"SC",54.7,63400
101,"Fr. C. Rodrigues Institute of Technology (FCRIT)","Vashi","Computer Engineering",2021,2,"ST",78.7,29800
101,"Fr. C. Rodrigues Institute of Technology (FCRIT)","Vashi","Information Technology",2021,2,"ST",86.9,18350
101,"Fr. C. Rodrigues Institute of Technology (FCRIT)","Vashi","Electronics & Telecommunication",2021,2,"ST",79.5,28700
101,"Fr. C. Rodrigues Institute of Technology (FCRIT)","Vashi","Mechanical Engineering",2021,2,"ST",64.2,50100
101,"Fr. C. Rodrigues Institute of Technology (FCRIT)","Vashi","Civil Engineering",2021,2,"ST",58.7,57800
101,"Fr. C. Rodrigues Institute of Technology (FCRIT)","Vashi","Automobile Engineering",2021,2,"ST",53.2,65500
101,"Fr. C. Rodrigues Institute of Technology (FCRIT)","Vashi","Computer Engineering",2021,2,"Others",81.5,25900
101,"Fr. C. Rodrigues Institute of Technology (FCRIT)","Vashi","Information Technology",2021,2,"Others",89.7,14400
101,"Fr. C. Rodrigues Institute of Technology (FCRIT)","Vashi","Electronics & Telecommunication",2021,2,"Others",82.3,24800
101,"Fr. C. Rodrigues Institute of Technology (FCRIT)","Vashi","Mechanical Engineering",2021,2,"Others",67,46200
101,"Fr. C. Rodrigues Institute of Technology (FCRIT)","Vashi","Civil Engineering",2021,2,"Others",61.5,53900
101,"Fr. C. Rodrigues Institute of Technology (FCRIT)","Vashi","Automobile Engineering",2021,2,"Others",56,61600
101,"Fr. C. Rodrigues Institute of Technology (FCRIT)","Vashi","Computer Engineering",2021,3,"Open",81.96,25250
101,"Fr. C. Rodrigues Institute of Technology (FCRIT)","Vashi","Information Technology",2021,3,"Open",90.16,13800
101,"Fr. C. Rodrigues Institute of Technology (FCRIT)","Vashi","Electronics & Telecommunication",2021,3,"Open",82.76,24150
101,"Fr. C. Rodrigues Institute of Technology (FCRIT)","Vashi","Mechanical Engineering",2021,3,"Open",67.46,45550
101,"Fr. C. Rodrigues Institute of Technology (FCRIT)","Vashi","Civil Engineering",2021,3,"Open",61.96,53250
101,"Fr. C. Rodrigues Institute of Technology (FCRIT)","Vashi","Automobile Engineering",2021,3,"Open",56.46,60950
101,"Fr. C. Rodrigues Institute of Technology (FCRIT)","Vashi","Computer Engineering",2021,3,"OBC",81.96,25250
101,"Fr. C. Rodrigues Institute of Technology (FCRIT)","Vashi","Information Technology",2021,3,"OBC",90.16,13800
101,"Fr. C. Rodrigues Institute of Technology (FCRIT)","Vashi","Electronics & Telecommunication",2021,3,"OBC",82.76,24150
101,"Fr. C. Rodrigues Institute of Technology (FCRIT)","Vashi","Mechanical Engineering",2021,3,"OBC",67.46,45550
101,"Fr. C. Rodrigues Institute of Technology (FCRIT)","Vashi","Civil Engineering",2021,3,"OBC",61.96,53250
101,"Fr. C. Rodrigues Institute of Technology (FCRIT)","Vashi","Automobile Engineering",2021,3,"OBC",56.46,60950
101,"Fr. C. Rodrigues Institute of Technology (FCRIT)","Vashi","Computer Engineering",2021,3,"NT",81.16,26400
101,"Fr. C. Rodrigues Institute of Technology (FCRIT)","Vashi","Information Technology",2021,3,"NT",89.36,14900
101,"Fr. C. Rodrigues Institute of Technology (FCRIT)","Vashi","Electronics & Telecommunication",2021,3,"NT",81.96,25250
101,"Fr. C. Rodrigues Institute of Technology (FCRIT)","Vashi","Mechanical Engineering",2021,3,"NT",66.66,46700
101,"Fr. C. Rodrigues Institute of Technology (FCRIT)","Vashi","Civil Engineering",2021,3,"NT",61.16,54400
101,"Fr. C. Rodrigues Institute of Technology (FCRIT)","Vashi","Automobile Engineering",2021,3,"NT",55.66,62100
101,"Fr. C. Rodrigues Institute of Technology (FCRIT)","Vashi","Computer Engineering",2021,3,"SC",79.46,28750
101,"Fr. C. Rodrigues Institute of Technology (FCRIT)","Vashi","Information Technology",2021,3,"SC",87.66,17300
101,"Fr. C. Rodrigues Institute of Technology (FCRIT)","Vashi","Electronics & Telecommunication",2021,3,"SC",80.26,27650
101,"Fr. C. Rodrigues Institute of Technology (FCRIT)","Vashi","Mechanical Engineering",2021,3,"SC",64.96,49050
101,"Fr. C. Rodrigues Institute of Technology (FCRIT)","Vashi","Civil Engineering",2021,3,"SC",59.46,56750
101,"Fr. C. Rodrigues Institute of Technology (FCRIT)","Vashi","Automobile Engineering",2021,3,"SC",53.96,64450
101,"Fr. C. Rodrigues Institute of Technology (FCRIT)","Vashi","Computer Engineering",2021,3,"ST",77.96,30850
101,"Fr. C. Rodrigues Institute of Technology (FCRIT)","Vashi","Information Technology",2021,3,"ST",86.16,19400
101,"Fr. C. Rodrigues Institute of Technology (FCRIT)","Vashi","Electronics & Telecommunication",2021,3,"ST",78.76,29750
101,"Fr. C. Rodrigues Institute of Technology (FCRIT)","Vashi","Mechanical Engineering",2021,3,"ST",63.46,51150
101,"Fr. C. Rodrigues Institute of Technology (FCRIT)","Vashi","Civil Engineering",2021,3,"ST",57.96,58850
101,"Fr. C. Rodrigues Institute of Technology (FCRIT)","Vashi","Automobile Engineering",2021,3,"ST",52.46,66550
101,"Fr. C. Rodrigues Institute of Technology (FCRIT)","Vashi","Computer Engineering",2021,3,"Others",80.76,26950
101,"Fr. C. Rodrigues Institute of Technology (FCRIT)","Vashi","Information Technology",2021,3,"Others",88.96,15450
101,"Fr. C. Rodrigues Institute of Technology (FCRIT)","Vashi","Electronics & Telecommunication",2021,3,"Others",81.56,25800
101,"Fr. C. Rodrigues Institute of Technology (FCRIT)","Vashi","Mechanical Engineering",2021,3,"Others",66.26,47250
101,"Fr. C. Rodrigues Institute of Technology (FCRIT)","Vashi","Civil Engineering",2021,3,"Others",60.76,54950
101,"Fr. C. Rodrigues Institute of Technology (FCRIT)","Vashi","Automobile Engineering",2021,3,"Others",55.26,62650
101,"Fr. C. Rodrigues Institute of Technology (FCRIT)","Vashi","Computer Engineering",2022,1,"Open",83.78,22700
101,"Fr. C. Rodrigues Institute of Technology (FCRIT)","Vashi","Information Technology",2022,1,"Open",91.98,11250
101,"Fr. C. Rodrigues Institute of Technology (FCRIT)","Vashi","Electronics & Telecommunication",2022,1,"Open",84.58,21600
101,"Fr. C. Rodrigues Institute of Technology (FCRIT)","Vashi","Mechanical Engineering",2022,1,"Open",69.28,43000
101,"Fr. C. Rodrigues Institute of Technology (FCRIT)","Vashi","Civil Engineering",2022,1,"Open",63.78,50700
101,"Fr. C. Rodrigues Institute of Technology (FCRIT)","Vashi","Automobile Engineering",2022,1,"Open",58.28,58400
101,"Fr. C. Rodrigues Institute of Technology (FCRIT)","Vashi","Computer Engineering",2022,1,"OBC",83.78,22700
101,"Fr. C. Rodrigues Institute of Technology (FCRIT)","Vashi","Information Technology",2022,1,"OBC",91.98,11250
101,"Fr. C. Rodrigues Institute of Technology (FCRIT)","Vashi","Electronics & Telecommunication",2022,1,"OBC",84.58,21600
101,"Fr. C. Rodrigues Institute of Technology (FCRIT)","Vashi","Mechanical Engineering",2022,1,"OBC",69.28,43000
101,"Fr. C. Rodrigues Institute of Technology (FCRIT)","Vashi","Civil Engineering",2022,1,"OBC",63.78,50700
101,"Fr. C. Rodrigues Institute of Technology (FCRIT)","Vashi","Automobile Engineering",2022,1,"OBC",58.28,58400
101,"Fr. C. Rodrigues Institute of Technology (FCRIT)","Vashi","Computer Engineering",2022,1,"NT",82.98,23850
101,"Fr. C. Rodrigues Institute of Technology (FCRIT)","Vashi","Information Technology",2022,1,"NT",91.18,12350
101,"Fr. C. Rodrigues Institute of Technology (FCRIT)","Vashi","Electronics & Telecommunication",2022,1,"NT",83.78,22700
101,"Fr. C. Rodrigues Institute of Technology (FCRIT)","Vashi","Mechanical Engineering",2022,1,"NT",68.48,44150
101,"Fr. C. Rodrigues Institute of Technology (FCRIT)","Vashi","Civil Engineering",2022,1,"NT",62.98,51850
101,"Fr. C. Rodrigues Institute of Technology (FCRIT)","Vashi","Automobile Engineering",2022,1,"NT",57.48,59550
101,"Fr. C. Rodrigues Institute of Technology (FCRIT)","Vashi","Computer Engineering",2022,1,"SC",81.28,26200
101,"Fr. C. Rodrigues Institute of Technology (FCRIT)","Vashi","Information Technology",2022,1,"SC",89.48,14750
101,"Fr. C. Rodrigues Institute of Technology (FCRIT)","Vashi","Electronics & Telecommunication",2022,1,"SC",82.08,25100
101,"Fr. C. Rodrigues Institute of Technology (FCRIT)","Vashi","Mechanical Engineering",2022,1,"SC",66.78,46500
101,"Fr. C. Rodrigues Institute of Technology (FCRIT)","Vashi","Civil Engineering",2022,1,"SC",61.28,54200
101,"Fr. C. Rodrigues Institute of Technology (FCRIT)","Vashi","Automobile Engineering",2022,1,"SC",55.78,61900
101,"Fr. C. Rodrigues Institute of Technology (FCRIT)","Vashi","Computer Engineering",2022,1,"ST",79.78,28300
101,"Fr. C. Rodrigues Institute of Technology (FCRIT)","Vashi","Information Technology",2022,1,"ST",87.98,16850
101,"Fr. C. Rodrigues Institute of Technology (FCRIT)","Vashi","Electronics & Telecommunication",2022,1,"ST",80.58,27200
101,"Fr. C. Rodrigues Institute of Technology (FCRIT)","Vashi","Mechanical Engineering",2022,1,"ST",65.28,48600
101,"Fr. C. Rodrigues Institute of Technology (FCRIT)","Vashi","Civil Engineering",2022,1,"ST",59.78,56300
101,"Fr. C. Rodrigues Institute of Technology (FCRIT)","Vashi","Automobile Engineering",2022,1,"ST",54.28,64000
101,"Fr. C. Rodrigues Institute of Technology (FCRIT)","Vashi","Computer Engineering",2022,1,"Others",82.58,24400
101,"Fr. C. Rodrigues Institute of Technology (FCRIT)","Vashi","Information Technology",2022,1,"Others",90.78,12900
101,"Fr. C. Rodrigues Institute of Technology (FCRIT)","Vashi","Electronics & Telecommunication",2022,1,"Others",83.38,23250
101,"Fr. C. Rodrigues Institute of Technology (FCRIT)","Vashi","Mechanical Engineering",2022,1,"Others",68.08,44700
101,"Fr. C. Rodrigues Institute of Technology (FCRIT)","Vashi","Civil Engineering",2022,1,"Others",62.58,52400
101,"Fr. C. Rodrigues Institute of Technology (FCRIT)","Vashi","Automobile Engineering",2022,1,"Others",57.08,60100
101,"Fr. C. Rodrigues Institute of Technology (FCRIT)","Vashi","Computer Engineering",2022,2,"Open",83.44,23200
101,"Fr. C. Rodrigues Institute of Technology (FCRIT)","Vashi","Information Technology",2022,2,"Open",91.64,11700
101,"Fr. C. Rodrigues Institute of Technology (FCRIT)","Vashi","Electronics & Telecommunication",2022,2,"Open",84.24,22050
101,"Fr. C. Rodrigues Institute of Technology (FCRIT)","Vashi","Mechanical Engineering",2022,2,"Open",68.94,43500
101,"Fr. C. Rodrigues Institute of Technology (FCRIT)","Vashi","Civil Engineering",2022,2,"Open",63.44,51200
101,"Fr. C. Rodrigues Institute of Technology (FCRIT)","Vashi","Automobile Engineering",2022,2,"Open",57.94,58900
101,"Fr. C. Rodrigues Institute of Technology (FCRIT)","Vashi","Computer Engineering",2022,2,"OBC",83.44,23200
101,"Fr. C. Rodrigues Institute of Technology (FCRIT)","Vashi","Information Technology",2022,2,"OBC",91.64,11700
101,"Fr. C. Rodrigues Institute of Technology (FCRIT)","Vashi","Electronics & Telecommunication",2022,2,"OBC",84.24,22050
101,"Fr. C. Rodrigues Institute of Technology (FCRIT)","Vashi","Mechanical Engineering",2022,2,"OBC",68.94,43500
101,"Fr. C. Rodrigues Institute of Technology (FCRIT)","Vashi","Civil Engineering",2022,2,"OBC",63.44,51200
101,"Fr. C. Rodrigues Institute of Technology (FCRIT)","Vashi","Automobile Engineering",2022,2,"OBC",57.94,58900
101,"Fr. C. Rodrigues Institute of Technology (FCRIT)","Vashi","Computer Engineering",2022,2,"NT",82.64,24300
101,"Fr. C. Rodrigues Institute of Technology (FCRIT)","Vashi","Information Technology",2022,2,"NT",90.84,12800
101,"Fr. C. Rodrigues Institute of Technology (FCRIT)","Vashi","Electronics & Telecommunication",2022,2,"NT",83.44,23200
101,"Fr. C. Rodrigues Institute of Technology (FCRIT)","Vashi","Mechanical Engineering",2022,2,"NT",68.14,44600
101,"Fr. C. Rodrigues Institute of Technology (FCRIT)","Vashi","Civil Engineering",2022,2,"NT",62.64,52300
101,"Fr. C. Rodrigues Institute of Technology (FCRIT)","Vashi","Automobile Engineering",2022,2,"NT",57.14,60000
101,"Fr. C. Rodrigues Institute of Technology (FCRIT)","Vashi","Computer Engineering",2022,2,"SC",80.94,26700
101,"Fr. C. Rodrigues Institute of Technology (FCRIT)","Vashi","Information Technology",2022,2,"SC",89.14,15200
101,"Fr. C. Rodrigues Institute of Technology (FCRIT)","Vashi","Electronics & Telecommunication",2022,2,"SC",81.74,25550
101,"Fr. C. Rodrigues Institute of Technology (FCRIT)","Vashi","Mechanical Engineering",2022,2,"SC",66.44,47000
101,"Fr. C. Rodrigues Institute of Technology (FCRIT)","Vashi","Civil Engineering",2022,2,"SC",60.94,54700
101,"Fr. C. Rodrigues Institute of Technology (FCRIT)","Vashi","Automobile Engineering",2022,2,"SC",55.44,62400
101,"Fr. C. Rodrigues Institute of Technology (FCRIT)","Vashi","Computer Engineering",2022,2,"ST",79.44,28800
101,"Fr. C. Rodrigues Institute of Technology (FCRIT)","Vashi","Information Technology",2022,2,"ST",87.64,17300
101,"Fr. C. Rodrigues Institute of Technology (FCRIT)","Vashi","Electronics & Telecommunication",2022,2,"ST",80.24,27650
101,"Fr. C. Rodrigues Institute of Technology (FCRIT)","Vashi","Mechanical Engineering",2022,2,"ST",64.94,49100
101,"Fr. C. Rodrigues Institute of Technology (FCRIT)","Vashi","Civil Engineering",2022,2,"ST",59.44,56800
101,"Fr. C. Rodrigues Institute of Technology (FCRIT)","Vashi","Automobile Engineering",2022,2,"ST",53.94,64500
101,"Fr. C. Rodrigues Institute of Technology (FCRIT)","Vashi","Computer Engineering",2022,2,"Others",82.24,24850
101,"Fr. C. Rodrigues Institute of Technology (FCRIT)","Vashi","Information Technology",2022,2,"Others",90.44,13400
101,"Fr. C. Rodrigues Institute of Technology (FCRIT)","Vashi","Electronics & Telecommunication",2022,2,"Others",83.04,23750
101,"Fr. C. Rodrigues Institute of Technology (FCRIT)","Vashi","Mechanical Engineering",2022,2,"Others",67.74,45150
101,"Fr. C. Rodrigues Institute of Technology (FCRIT)","Vashi","Civil Engineering",2022,2,"Others",62.24,52850
101,"Fr. C. Rodrigues Institute of Technology (FCRIT)","Vashi","Automobile Engineering",2022,2,"Others",56.74,60550
101,"Fr. C. Rodrigues Institute of Technology (FCRIT)","Vashi","Computer Engineering",2022,3,"Open",82.7,24200
101,"Fr. C. Rodrigues Institute of Technology (FCRIT)","Vashi","Information Technology",2022,3,"Open",90.9,12750
101,"Fr. C. Rodrigues Institute of Technology (FCRIT)","Vashi","Electronics & Telecommunication",2022,3,"Open",83.5,23100
101,"Fr. C. Rodrigues Institute of Technology (FCRIT)","Vashi","Mechanical Engineering",2022,3,"Open",68.2,44500
101,"Fr. C. Rodrigues Institute of Technology (FCRIT)","Vashi","Civil Engineering",2022,3,"Open",62.7,52200
101,"Fr. C. Rodrigues Institute of Technology (FCRIT)","Vashi","Automobile Engineering",2022,3,"Open",57.2,59900
101,"Fr. C. Rodrigues Institute of Technology (FCRIT)","Vashi","Computer Engineering",2022,3,"OBC",82.7,24200
101,"Fr. C. Rodrigues Institute of Technology (FCRIT)","Vashi","Information Technology",2022,3,"OBC",90.9,12750
101,"Fr. C. Rodrigues Institute of Technology (FCRIT)","Vashi","Electronics & Telecommunication",2022,3,"OBC",83.5,23100
101,"Fr. C. Rodrigues Institute of Technology (FCRIT)","Vashi","Mechanical Engineering",2022,3,"OBC",68.2,44500
101,"Fr. C. Rodrigues Institute of Technology (FCRIT)","Vashi","Civil Engineering",2022,3,"OBC",62.7,52200
101,"Fr. C. Rodrigues Institute of Technology (FCRIT)","Vashi","Automobile Engineering",2022,3,"OBC",57.2,59900
101,"Fr. C. Rodrigues Institute of Technology (FCRIT)","Vashi","Computer Engineering",2022,3,"NT",81.9,25350
101,"Fr. C. Rodrigues Institute of Technology (FCRIT)","Vashi","Information Technology",2022,3,"NT",90.1,13850
101,"Fr. C. Rodrigues Institute of Technology (FCRIT)","Vashi","Electronics & Telecommunication",2022,3,"NT",82.7,24200
101,"Fr. C. Rodrigues Institute of Technology (FCRIT)","Vashi","Mechanical Engineering",2022,3,"NT",67.4,45650
101,"Fr. C. Rodrigues Institute of Technology (FCRIT)","Vashi","Civil Engineering",2022,3,"NT",61.9,53350
101,"Fr. C. Rodrigues Institute of Technology (FCRIT)","Vashi","Automobile Engineering",2022,3,"NT",56.4,61050
101,"Fr. C. Rodrigues Institute of Technology (FCRIT)","Vashi","Computer Engineering",2022,3,"SC",80.2,27700
101,"Fr. C. Rodrigues Institute of Technology (FCRIT)","Vashi","Information Technology",2022,3,"SC",88.4,16250
101,"Fr. C. Rodrigues Institute of Technology (FCRIT)","Vashi","Electronics & Telecommunication",2022,3,"SC",81,26600
101,"Fr. C. Rodrigues Institute of Technology (FCRIT)","Vashi","Mechanical Engineering",2022,3,"SC",65.7,48000
101,"Fr. C. Rodrigues Institute of Technology (FCRIT)","Vashi","Civil Engineering",2022,3,"SC",60.2,55700
101,"Fr. C. Rodrigues Institute of Technology (FCRIT)","Vashi","Automobile Engineering",2022,3,"SC",54.7,63400
101,"Fr. C. Rodrigues Institute of Technology (FCRIT)","Vashi","Computer Engineering",2022,3,"ST",78.7,29800
101,"Fr. C. Rodrigues Institute of Technology (FCRIT)","Vashi","Information Technology",2022,3,"ST",86.9,18350
101,"Fr. C. Rodrigues Institute of Technology (FCRIT)","Vashi","Electronics & Telecommunication",2022,3,"ST",79.5,28700
101,"Fr. C. Rodrigues Institute of Technology (FCRIT)","Vashi","Mechanical Engineering",2022,3,"ST",64.2,50100
101,"Fr. C. Rodrigues Institute of Technology (FCRIT)","Vashi","Civil Engineering",2022,3,"ST",58.7,57800
101,"Fr. C. Rodrigues Institute of Technology (FCRIT)","Vashi","Automobile Engineering",2022,3,"ST",53.2,65500
101,"Fr. C. Rodrigues Institute of Technology (FCRIT)","Vashi","Computer Engineering",2022,3,"Others",81.5,25900
101,"Fr. C. Rodrigues Institute of Technology (FCRIT)","Vashi","Information Technology",2022,3,"Others",89.7,14400
101,"Fr. C. Rodrigues Institute of Technology (FCRIT)","Vashi","Electronics & Telecommunication",2022,3,"Others",82.3,24800
101,"Fr. C. Rodrigues Institute of Technology (FCRIT)","Vashi","Mechanical Engineering",2022,3,"Others",67,46200
101,"Fr. C. Rodrigues Institute of Technology (FCRIT)","Vashi","Civil Engineering",2022,3,"Others",61.5,53900
101,"Fr. C. Rodrigues Institute of Technology (FCRIT)","Vashi","Automobile Engineering",2022,3,"Others",56,61600
101,"Fr. C. Rodrigues Institute of Technology (FCRIT)","Vashi","Computer Engineering",2023,1,"Open",84.52,21650
101,"Fr. C. Rodrigues Institute of Technology (FCRIT)","Vashi","Information Technology",2023,1,"Open",92.72,10200
101,"Fr. C. Rodrigues Institute of Technology (FCRIT)","Vashi","Electronics & Telecommunication",2023,1,"Open",85.32,20550
101,"Fr. C. Rodrigues Institute of Technology (FCRIT)","Vashi","Mechanical Engineering",2023,1,"Open",70.02,41950
101,"Fr. C. Rodrigues Institute of Technology (FCRIT)","Vashi","Civil Engineering",2023,1,"Open",64.52,49650
101,"Fr. C. Rodrigues Institute of Technology (FCRIT)","Vashi","Automobile Engineering",2023,1,"Open",59.02,57350
101,"Fr. C. Rodrigues Institute of Technology (FCRIT)","Vashi","Computer Engineering",2023,1,"OBC",84.52,21650
101,"Fr. C. Rodrigues Institute of Technology (FCRIT)","Vashi","Information Technology",2023,1,"OBC",92.72,10200
101,"Fr. C. Rodrigues Institute of Technology (FCRIT)","Vashi","Electronics & Telecommunication",2023,1,"OBC",85.32,20550
101,"Fr. C. Rodrigues Institute of Technology (FCRIT)","Vashi","Mechanical Engineering",2023,1,"OBC",70.02,41950
101,"Fr. C. Rodrigues Institute of Technology (FCRIT)","Vashi","Civil Engineering",2023,1,"OBC",64.52,49650
101,"Fr. C. Rodrigues Institute of Technology (FCRIT)","Vashi","Automobile Engineering",2023,1,"OBC",59.02,57350
101,"Fr. C. Rodrigues Institute of Technology (FCRIT)","Vashi","Computer Engineering",2023,1,"NT",83.72,22800
101,"Fr. C. Rodrigues Institute of Technology (FCRIT)","Vashi","Information Technology",2023,1,"NT",91.92,11300
101,"Fr. C. Rodrigues Institute of Technology (FCRIT)","Vashi","Electronics & Telecommunication",2023,1,"NT",84.52,21650
101,"Fr. C. Rodrigues Institute of Technology (FCRIT)","Vashi","Mechanical Engineering",2023,1,"NT",69.22,43100
101,"Fr. C. Rodrigues Institute of Technology (FCRIT)","Vashi","Civil Engineering",2023,1,"NT",63.72,50800
101,"Fr. C. Rodrigues Institute of Technology (FCRIT)","Vashi","Automobile Engineering",2023,1,"NT",58.22,58500
101,"Fr. C. Rodrigues Institute of Technology (FCRIT)","Vashi","Computer Engineering",2023,1,"SC",82.02,25150
101,"Fr. C. Rodrigues Institute of Technology (FCRIT)","Vashi","Information Technology",2023,1,"SC",90.22,13700
101,"Fr. C. Rodrigues Institute of Technology (FCRIT)","Vashi","Electronics & Telecommunication",2023,1,"SC",82.82,24050
101,"Fr. C. Rodrigues Institute of Technology (FCRIT)","Vashi","Mechanical Engineering",2023,1,"SC",67.52,45450
101,"Fr. C. Rodrigues Institute of Technology (FCRIT)","Vashi","Civil Engineering",2023,1,"SC",62.02,53150
101,"Fr. C. Rodrigues Institute of Technology (FCRIT)","Vashi","Automobile Engineering",2023,1,"SC",56.52,60850
101,"Fr. C. Rodrigues Institute of Technology (FCRIT)","Vashi","Computer Engineering",2023,1,"ST",80.52,27250
101,"Fr. C. Rodrigues Institute of Technology (FCRIT)","Vashi","Information Technology",2023,1,"ST",88.72,15800
101,"Fr. C. Rodrigues Institute of Technology (FCRIT)","Vashi","Electronics & Telecommunication",2023,1,"ST",81.32,26150
101,"Fr. C. Rodrigues Institute of Technology (FCRIT)","Vashi","Mechanical Engineering",2023,1,"ST",66.02,47550
101,"Fr. C. Rodrigues Institute of Technology (FCRIT)","Vashi","Civil Engineering",2023,1,"ST",60.52,55250
101,"Fr. C. Rodrigues Institute of Technology (FCRIT)","Vashi","Automobile Engineering",2023,1,"ST",55.02,62950
101,"Fr. C. Rodrigues Institute of Technology (FCRIT)","Vashi","Computer Engineering",2023,1,"Others",83.32,23350
101,"Fr. C. Rodrigues Institute of Technology (FCRIT)","Vashi","Information Technology",2023,1,"Others",91.52,11850
101,"Fr. C. Rodrigues Institute of Technology (FCRIT)","Vashi","Electronics & Telecommunication",2023,1,"Others",84.12,22250
101,"Fr. C. Rodrigues Institute of Technology (FCRIT)","Vashi","Mechanical Engineering",2023,1,"Others",68.82,43650
101,"Fr. C. Rodrigues Institute of Technology (FCRIT)","Vashi","Civil Engineering",2023,1,"Others",63.32,51350
101,"Fr. C. Rodrigues Institute of Technology (FCRIT)","Vashi","Automobile Engineering",2023,1,"Others",57.82,59050
101,"Fr. C. Rodrigues Institute of Technology (FCRIT)","Vashi","Computer Engineering",2023,2,"Open",83.78,22700
101,"Fr. C. Rodrigues Institute of Technology (FCRIT)","Vashi","Information Technology",2023,2,"Open",91.98,11250
101,"Fr. C. Rodrigues Institute of Technology (FCRIT)","Vashi","Electronics & Telecommunication",2023,2,"Open",84.58,21600
101,"Fr. C. Rodrigues Institute of Technology (FCRIT)","Vashi","Mechanical Engineering",2023,2,"Open",69.28,43000
101,"Fr. C. Rodrigues Institute of Technology (FCRIT)","Vashi","Civil Engineering",2023,2,"Open",63.78,50700
101,"Fr. C. Rodrigues Institute of Technology (FCRIT)","Vashi","Automobile Engineering",2023,2,"Open",58.28,58400
101,"Fr. C. Rodrigues Institute of Technology (FCRIT)","Vashi","Computer Engineering",2023,2,"OBC",83.78,22700
101,"Fr. C. Rodrigues Institute of Technology (FCRIT)","Vashi","Information Technology",2023,2,"OBC",91.98,11250
101,"Fr. C. Rodrigues Institute of Technology (FCRIT)","Vashi","Electronics & Telecommunication",2023,2,"OBC",84.58,21600
101,"Fr. C. Rodrigues Institute of Technology (FCRIT)","Vashi","Mechanical Engineering",2023,2,"OBC",69.28,43000
101,"Fr. C. Rodrigues Institute of Technology (FCRIT)","Vashi","Civil Engineering",2023,2,"OBC",63.78,50700
101,"Fr. C. Rodrigues Institute of Technology (FCRIT)","Vashi","Automobile Engineering",2023,2,"OBC",58.28,58400
101,"Fr. C. Rodrigues Institute of Technology (FCRIT)","Vashi","Computer Engineering",2023,2,"NT",82.98,23850
101,"Fr. C. Rodrigues Institute of Technology (FCRIT)","Vashi","Information Technology",2023,2,"NT",91.18,12350
101,"Fr. C. Rodrigues Institute of Technology (FCRIT)","Vashi","Electronics & Telecommunication",2023,2,"NT",83.78,22700
101,"Fr. C. Rodrigues Institute of Technology (FCRIT)","Vashi","Mechanical Engineering",2023,2,"NT",68.48,44150
101,"Fr. C. Rodrigues Institute of Technology (FCRIT)","Vashi","Civil Engineering",2023,2,"NT",62.98,51850
101,"Fr. C. Rodrigues Institute of Technology (FCRIT)","Vashi","Automobile Engineering",2023,2,"NT",57.48,59550
101,"Fr. C. Rodrigues Institute of Technology (FCRIT)","Vashi","Computer Engineering",2023,2,"SC",81.28,26200
101,"Fr. C. Rodrigues Institute of Technology (FCRIT)","Vashi","Information Technology",2023,2,"SC",89.48,14750
101,"Fr. C. Rodrigues Institute of Technology (FCRIT)","Vashi","Electronics & Telecommunication",2023,2,"SC",82.08,25100
101,"Fr. C. Rodrigues Institute of Technology (FCRIT)","Vashi","Mechanical Engineering",2023,2,"SC",66.78,46500
101,"Fr. C. Rodrigues Institute of Technology (FCRIT)","Vashi","Civil Engineering",2023,2,"SC",61.28,54200
101,"Fr. C. Rodrigues Institute of Technology (FCRIT)","Vashi","Automobile Engineering",2023,2,"SC",55.78,61900
101,"Fr. C. Rodrigues Institute of Technology (FCRIT)","Vashi","Computer Engineering",2023,2,"ST",79.78,28300
101,"Fr. C. Rodrigues Institute of Technology (FCRIT)","Vashi","Information Technology",2023,2,"ST",87.98,16850
101,"Fr. C. Rodrigues Institute of Technology (FCRIT)","Vashi","Electronics & Telecommunication",2023,2,"ST",80.58,27200
101,"Fr. C. Rodrigues Institute of Technology (FCRIT)","Vashi","Mechanical Engineering",2023,2,"ST",65.28,48600
101,"Fr. C. Rodrigues Institute of Technology (FCRIT)","Vashi","Civil Engineering",2023,2,"ST",59.78,56300
101,"Fr. C. Rodrigues Institute of Technology (FCRIT)","Vashi","Automobile Engineering",2023,2,"ST",54.28,64000
101,"Fr. C. Rodrigues Institute of Technology (FCRIT)","Vashi","Computer Engineering",2023,2,"Others",82.58,24400
101,"Fr. C. Rodrigues Institute of Technology (FCRIT)","Vashi","Information Technology",2023,2,"Others",90.78,12900
101,"Fr. C. Rodrigues Institute of Technology (FCRIT)","Vashi","Electronics & Telecommunication",2023,2,"Others",83.38,23250
101,"Fr. C. Rodrigues Institute of Technology (FCRIT)","Vashi","Mechanical Engineering",2023,2,"Others",68.08,44700
101,"Fr. C. Rodrigues Institute of Technology (FCRIT)","Vashi","Civil Engineering",2023,2,"Others",62.58,52400
101,"Fr. C. Rodrigues Institute of Technology (FCRIT)","Vashi","Automobile Engineering",2023,2,"Others",57.08,60100
101,"Fr. C. Rodrigues Institute of Technology (FCRIT)","Vashi","Computer Engineering",2023,3,"Open",83.44,23200
101,"Fr. C. Rodrigues Institute of Technology (FCRIT)","Vashi","Information Technology",2023,3,"Open",91.64,11700
101,"Fr. C. Rodrigues Institute of Technology (FCRIT)","Vashi","Electronics & Telecommunication",2023,3,"Open",84.24,22050
101,"Fr. C. Rodrigues Institute of Technology (FCRIT)","Vashi","Mechanical Engineering",2023,3,"Open",68.94,43500
101,"Fr. C. Rodrigues Institute of Technology (FCRIT)","Vashi","Civil Engineering",2023,3,"Open",63.44,51200
101,"Fr. C. Rodrigues Institute of Technology (FCRIT)","Vashi","Automobile Engineering",2023,3,"Open",57.94,58900
101,"Fr. C. Rodrigues Institute of Technology (FCRIT)","Vashi","Computer Engineering",2023,3,"OBC",83.44,23200
101,"Fr. C. Rodrigues Institute of Technology (FCRIT)","Vashi","Information Technology",2023,3,"OBC",91.64,11700
101,"Fr. C. Rodrigues Institute of Technology (FCRIT)","Vashi","Electronics & Telecommunication",2023,3,"OBC",84.24,22050
101,"Fr. C. Rodrigues Institute of Technology (FCRIT)","Vashi","Mechanical Engineering",2023,3,"OBC",68.94,43500
101,"Fr. C. Rodrigues Institute of Technology (FCRIT)","Vashi","Civil Engineering",2023,3,"OBC",63.44,51200
101,"Fr. C. Rodrigues Institute of Technology (FCRIT)","Vashi","Automobile Engineering",2023,3,"OBC",57.94,58900
101,"Fr. C. Rodrigues Institute of Technology (FCRIT)","Vashi","Computer Engineering",2023,3,"NT",82.64,24300
101,"Fr. C. Rodrigues Institute of Technology (FCRIT)","Vashi","Information Technology",2023,3,"NT",90.84,12800
101,"Fr. C. Rodrigues Institute of Technology (FCRIT)","Vashi","Electronics & Telecommunication",2023,3,"NT",83.44,23200
101,"Fr. C. Rodrigues Institute of Technology (FCRIT)","Vashi","Mechanical Engineering",2023,3,"NT",68.14,44600
101,"Fr. C. Rodrigues Institute of Technology (FCRIT)","Vashi","Civil Engineering",2023,3,"NT",62.64,52300
101,"Fr. C. Rodrigues Institute of Technology (FCRIT)","Vashi","Automobile Engineering",2023,3,"NT",57.14,60000
101,"Fr. C. Rodrigues Institute of Technology (FCRIT)","Vashi","Computer Engineering",2023,3,"SC",80.94,26700
101,"Fr. C. Rodrigues Institute of Technology (FCRIT)","Vashi","Information Technology",2023,3,"SC",89.14,15200
101,"Fr. C. Rodrigues Institute of Technology (FCRIT)","Vashi","Electronics & Telecommunication",2023,3,"SC",81.74,25550
101,"Fr. C. Rodrigues Institute of Technology (FCRIT)","Vashi","Mechanical Engineering",2023,3,"SC",66.44,47000
101,"Fr. C. Rodrigues Institute of Technology (FCRIT)","Vashi","Civil Engineering",2023,3,"SC",60.94,54700
101,"Fr. C. Rodrigues Institute of Technology (FCRIT)","Vashi","Automobile Engineering",2023,3,"SC",55.44,62400
101,"Fr. C. Rodrigues Institute of Technology (FCRIT)","Vashi","Computer Engineering",2023,3,"ST",79.44,28800
101,"Fr. C. Rodrigues Institute of Technology (FCRIT)","Vashi","Information Technology",2023,3,"ST",87.64,17300
101,"Fr. C. Rodrigues Institute of Technology (FCRIT)","Vashi","Electronics & Telecommunication",2023,3,"ST",80.24,27650
101,"Fr. C. Rodrigues Institute of Technology (FCRIT)","Vashi","Mechanical Engineering",2023,3,"ST",64.94,49100
101,"Fr. C. Rodrigues Institute of Technology (FCRIT)","Vashi","Civil Engineering",2023,3,"ST",59.44,56800
101,"Fr. C. Rodrigues Institute of Technology (FCRIT)","Vashi","Automobile Engineering",2023,3,"ST",53.94,64500
101,"Fr. C. Rodrigues Institute of Technology (FCRIT)","Vashi","Computer Engineering",2023,3,"Others",82.24,24850
101,"Fr. C. Rodrigues Institute of Technology (FCRIT)","Vashi","Information Technology",2023,3,"Others",90.44,13400
101,"Fr. C. Rodrigues Institute of Technology (FCRIT)","Vashi","Electronics & Telecommunication",2023,3,"Others",83.04,23750
101,"Fr. C. Rodrigues Institute of Technology (FCRIT)","Vashi","Mechanical Engineering",2023,3,"Others",67.74,45150
101,"Fr. C. Rodrigues Institute of Technology (FCRIT)","Vashi","Civil Engineering",2023,3,"Others",62.24,52850
101,"Fr. C. Rodrigues Institute of Technology (FCRIT)","Vashi","Automobile Engineering",2023,3,"Others",56.74,60550
101,"Fr. C. Rodrigues Institute of Technology (FCRIT)","Vashi","Computer Engineering",2024,1,"Open",85.26,20650
101,"Fr. C. Rodrigues Institute of Technology (FCRIT)","Vashi","Information Technology",2024,1,"Open",93.46,9150
101,"Fr. C. Rodrigues Institute of Technology (FCRIT)","Vashi","Electronics & Telecommunication",2024,1,"Open",86.06,19500
101,"Fr. C. Rodrigues Institute of Technology (FCRIT)","Vashi","Mechanical Engineering",2024,1,"Open",70.76,40950
101,"Fr. C. Rodrigues Institute of Technology (FCRIT)","Vashi","Civil Engineering",2024,1,"Open",65.26,48650
101,"Fr. C. Rodrigues Institute of Technology (FCRIT)","Vashi","Automobile Engineering",2024,1,"Open",59.76,56350
101,"Fr. C. Rodrigues Institute of Technology (FCRIT)","Vashi","Computer Engineering",2024,1,"OBC",85.26,20650
101,"Fr. C. Rodrigues Institute of Technology (FCRIT)","Vashi","Information Technology",2024,1,"OBC",93.46,9150
101,"Fr. C. Rodrigues Institute of Technology (FCRIT)","Vashi","Electronics & Telecommunication",2024,1,"OBC",86.06,19500
101,"Fr. C. Rodrigues Institute of Technology (FCRIT)","Vashi","Mechanical Engineering",2024,1,"OBC",70.76,40950
101,"Fr. C. Rodrigues Institute of Technology (FCRIT)","Vashi","Civil Engineering",2024,1,"OBC",65.26,48650
101,"Fr. C. Rodrigues Institute of Technology (FCRIT)","Vashi","Automobile Engineering",2024,1,"OBC",59.76,56350
101,"Fr. C. Rodrigues Institute of Technology (FCRIT)","Vashi","Computer Engineering",2024,1,"NT",84.46,21750
101,"Fr. C. Rodrigues Institute of Technology (FCRIT)","Vashi","Information Technology",2024,1,"NT",92.66,10300
101,"Fr. C. Rodrigues Institute of Technology (FCRIT)","Vashi","Electronics & Telecommunication",2024,1,"NT",85.26,20650
101,"Fr. C. Rodrigues Institute of Technology (FCRIT)","Vashi","Mechanical Engineering",2024,1,"NT",69.96,42050
101,"Fr. C. Rodrigues Institute of Technology (FCRIT)","Vashi","Civil Engineering",2024,1,"NT",64.46,49750
101,"Fr. C. Rodrigues Institute of Technology (FCRIT)","Vashi","Automobile Engineering",2024,1,"NT",58.96,57450
101,"Fr. C. Rodrigues Institute of Technology (FCRIT)","Vashi","Computer Engineering",2024,1,"SC",82.76,24150
101,"Fr. C. Rodrigues Institute of Technology (FCRIT)","Vashi","Information Technology",2024,1,"SC",90.96,12650
101,"Fr. C. Rodrigues Institute of Technology (FCRIT)","Vashi","Electronics & Telecommunication",2024,1,"SC",83.56,23000
101,"Fr. C. Rodrigues Institute of Technology (FCRIT)","Vashi","Mechanical Engineering",2024,1,"SC",68.26,44450
101,"Fr. C. Rodrigues Institute of Technology (FCRIT)","Vashi","Civil Engineering",2024,1,"SC",62.76,52150
101,"Fr. C. Rodrigues Institute of Technology (FCRIT)","Vashi","Automobile Engineering",2024,1,"SC",57.26,59850
101,"Fr. C. Rodrigues Institute of Technology (FCRIT)","Vashi","Computer Engineering",2024,1,"ST",81.26,26250
101,"Fr. C. Rodrigues Institute of Technology (FCRIT)","Vashi","Information Technology",2024,1,"ST",89.46,14750
101,"Fr. C. Rodrigues Institute of Technology (FCRIT)","Vashi","Electronics & Telecommunication",2024,1,"ST",82.06,25100
101,"Fr. C. Rodrigues Institute of Technology (FCRIT)","Vashi","Mechanical Engineering",2024,1,"ST",66.76,46550
101,"Fr. C. Rodrigues Institute of Technology (FCRIT)","Vashi","Civil Engineering",2024,1,"ST",61.26,54250
101,"Fr. C. Rodrigues Institute of Technology (FCRIT)","Vashi","Automobile Engineering",2024,1,"ST",55.76,61950
101,"Fr. C. Rodrigues Institute of Technology (FCRIT)","Vashi","Computer Engineering",2024,1,"Others",84.06,22300
101,"Fr. C. Rodrigues Institute of Technology (FCRIT)","Vashi","Information Technology",2024,1,"Others",92.26,10850
101,"Fr. C. Rodrigues Institute of Technology (FCRIT)","Vashi","Electronics & Telecommunication",2024,1,"Others",84.86,21200
101,"Fr. C. Rodrigues Institute of Technology (FCRIT)","Vashi","Mechanical Engineering",2024,1,"Others",69.56,42600
101,"Fr. C. Rodrigues Institute of Technology (FCRIT)","Vashi","Civil Engineering",2024,1,"Others",64.06,50300
101,"Fr. C. Rodrigues Institute of Technology (FCRIT)","Vashi","Automobile Engineering",2024,1,"Others",58.56,58000
101,"Fr. C. Rodrigues Institute of Technology (FCRIT)","Vashi","Computer Engineering",2024,2,"Open",84.52,21650
101,"Fr. C. Rodrigues Institute of Technology (FCRIT)","Vashi","Information Technology",2024,2,"Open",92.72,10200
101,"Fr. C. Rodrigues Institute of Technology (FCRIT)","Vashi","Electronics & Telecommunication",2024,2,"Open",85.32,20550
101,"Fr. C. Rodrigues Institute of Technology (FCRIT)","Vashi","Mechanical Engineering",2024,2,"Open",70.02,41950
101,"Fr. C. Rodrigues Institute of Technology (FCRIT)","Vashi","Civil Engineering",2024,2,"Open",64.52,49650
101,"Fr. C. Rodrigues Institute of Technology (FCRIT)","Vashi","Automobile Engineering",2024,2,"Open",59.02,57350
101,"Fr. C. Rodrigues Institute of Technology (FCRIT)","Vashi","Computer Engineering",2024,2,"OBC",84.52,21650
101,"Fr. C. Rodrigues Institute of Technology (FCRIT)","Vashi","Information Technology",2024,2,"OBC",92.72,10200
101,"Fr. C. Rodrigues Institute of Technology (FCRIT)","Vashi","Electronics & Telecommunication",2024,2,"OBC",85.32,20550
101,"Fr. C. Rodrigues Institute of Technology (FCRIT)","Vashi","Mechanical Engineering",2024,2,"OBC",70.02,41950
101,"Fr. C. Rodrigues Institute of Technology (FCRIT)","Vashi","Civil Engineering",2024,2,"OBC",64.52,49650
101,"Fr. C. Rodrigues Institute of Technology (FCRIT)","Vashi","Automobile Engineering",2024,2,"OBC",59.02,57350
101,"Fr. C. Rodrigues Institute of Technology (FCRIT)","Vashi","Computer Engineering",2024,2,"NT",83.72,22800
101,"Fr. C. Rodrigues Institute of Technology (FCRIT)","Vashi","Information Technology",2024,2,"NT",91.92,11300
101,"Fr. C. Rodrigues Institute of Technology (FCRIT)","Vashi","Electronics & Telecommunication",2024,2,"NT",84.52,21650
101,"Fr. C. Rodrigues Institute of Technology (FCRIT)","Vashi","Mechanical Engineering",2024,2,"NT",69.22,43100
101,"Fr. C. Rodrigues Institute of Technology (FCRIT)","Vashi","Civil Engineering",2024,2,"NT",63.72,50800
101,"Fr. C. Rodrigues Institute of Technology (FCRIT)","Vashi","Automobile Engineering",2024,2,"NT",58.22,58500
101,"Fr. C. Rodrigues Institute of Technology (FCRIT)","Vashi","Computer Engineering",2024,2,"SC",82.02,25150
101,"Fr. C. Rodrigues Institute of Technology (FCRIT)","Vashi","Information Technology",2024,2,"SC",90.22,13700
101,"Fr. C. Rodrigues Institute of Technology (FCRIT)","Vashi","Electronics & Telecommunication",2024,2,"SC",82.82,24050
101,"Fr. C. Rodrigues Institute of Technology (FCRIT)","Vashi","Mechanical Engineering",2024,2,"SC",67.52,45450
101,"Fr. C. Rodrigues Institute of Technology (FCRIT)","Vashi","Civil Engineering",2024,2,"SC",62.02,53150
101,"Fr. C. Rodrigues Institute of Technology (FCRIT)","Vashi","Automobile Engineering",2024,2,"SC",56.52,60850
101,"Fr. C. Rodrigues Institute of Technology (FCRIT)","Vashi","Computer Engineering",2024,2,"ST",80.52,27250
101,"Fr. C. Rodrigues Institute of Technology (FCRIT)","Vashi","Information Technology",2024,2,"ST",88.72,15800
101,"Fr. C. Rodrigues Institute of Technology (FCRIT)","Vashi","Electronics & Telecommunication",2024,2,"ST",81.32,26150
101,"Fr. C. Rodrigues Institute of Technology (FCRIT)","Vashi","Mechanical Engineering",2024,2,"ST",66.02,47550
101,"Fr. C. Rodrigues Institute of Technology (FCRIT)","Vashi","Civil Engineering",2024,2,"ST",60.52,55250
101,"Fr. C. Rodrigues Institute of Technology (FCRIT)","Vashi","Automobile Engineering",2024,2,"ST",55.02,62950
101,"Fr. C. Rodrigues Institute of Technology (FCRIT)","Vashi","Computer Engineering",2024,2,"Others",83.32,23350
101,"Fr. C. Rodrigues Institute of Technology (FCRIT)","Vashi","Information Technology",2024,2,"Others",91.52,11850
101,"Fr. C. Rodrigues Institute of Technology (FCRIT)","Vashi","Electronics & Telecommunication",2024,2,"Others",84.12,22250
101,"Fr. C. Rodrigues Institute of Technology (FCRIT)","Vashi","Mechanical Engineering",2024,2,"Others",68.82,43650
101,"Fr. C. Rodrigues Institute of Technology (FCRIT)","Vashi","Civil Engineering",2024,2,"Others",63.32,51350
101,"Fr. C. Rodrigues Institute of Technology (FCRIT)","Vashi","Automobile Engineering",2024,2,"Others",57.82,59050
101,"Fr. C. Rodrigues Institute of Technology (FCRIT)","Vashi","Computer Engineering",2024,3,"Open",83.78,22700
101,"Fr. C. Rodrigues Institute of Technology (FCRIT)","Vashi","Information Technology",2024,3,"Open",91.98,11250
101,"Fr. C. Rodrigues Institute of Technology (FCRIT)","Vashi","Electronics & Telecommunication",2024,3,"Open",84.58,21600
101,"Fr. C. Rodrigues Institute of Technology (FCRIT)","Vashi","Mechanical Engineering",2024,3,"Open",69.28,43000
101,"Fr. C. Rodrigues Institute of Technology (FCRIT)","Vashi","Civil Engineering",2024,3,"Open",63.78,50700
101,"Fr. C. Rodrigues Institute of Technology (FCRIT)","Vashi","Automobile Engineering",2024,3,"Open",58.28,58400
101,"Fr. C. Rodrigues Institute of Technology (FCRIT)","Vashi","Computer Engineering",2024,3,"OBC",83.78,22700
101,"Fr. C. Rodrigues Institute of Technology (FCRIT)","Vashi","Information Technology",2024,3,"OBC",91.98,11250
101,"Fr. C. Rodrigues Institute of Technology (FCRIT)","Vashi","Electronics & Telecommunication",2024,3,"OBC",84.58,21600
101,"Fr. C. Rodrigues Institute of Technology (FCRIT)","Vashi","Mechanical Engineering",2024,3,"OBC",69.28,43000
101,"Fr. C. Rodrigues Institute of Technology (FCRIT)","Vashi","Civil Engineering",2024,3,"OBC",63.78,50700
101,"Fr. C. Rodrigues Institute of Technology (FCRIT)","Vashi","Automobile Engineering",2024,3,"OBC",58.28,58400
101,"Fr. C. Rodrigues Institute of Technology (FCRIT)","Vashi","Computer Engineering",2024,3,"NT",82.98,23850
101,"Fr. C. Rodrigues Institute of Technology (FCRIT)","Vashi","Information Technology",2024,3,"NT",91.18,12350
101,"Fr. C. Rodrigues Institute of Technology (FCRIT)","Vashi","Electronics & Telecommunication",2024,3,"NT",83.78,22700
101,"Fr. C. Rodrigues Institute of Technology (FCRIT)","Vashi","Mechanical Engineering",2024,3,"NT",68.48,44150
101,"Fr. C. Rodrigues Institute of Technology (FCRIT)","Vashi","Civil Engineering",2024,3,"NT",62.98,51850
101,"Fr. C. Rodrigues Institute of Technology (FCRIT)","Vashi","Automobile Engineering",2024,3,"NT",57.48,59550
101,"Fr. C. Rodrigues Institute of Technology (FCRIT)","Vashi","Computer Engineering",2024,3,"SC",81.28,26200
101,"Fr. C. Rodrigues Institute of Technology (FCRIT)","Vashi","Information Technology",2024,3,"SC",89.48,14750
101,"Fr. C. Rodrigues Institute of Technology (FCRIT)","Vashi","Electronics & Telecommunication",2024,3,"SC",82.08,25100
101,"Fr. C. Rodrigues Institute of Technology (FCRIT)","Vashi","Mechanical Engineering",2024,3,"SC",66.78,46500
101,"Fr. C. Rodrigues Institute of Technology (FCRIT)","Vashi","Civil Engineering",2024,3,"SC",61.28,54200
101,"Fr. C. Rodrigues Institute of Technology (FCRIT)","Vashi","Automobile Engineering",2024,3,"SC",55.78,61900
101,"Fr. C. Rodrigues Institute of Technology (FCRIT)","Vashi","Computer Engineering",2024,3,"ST",79.78,28300
101,"Fr. C. Rodrigues Institute of Technology (FCRIT)","Vashi","Information Technology",2024,3,"ST",87.98,16850
101,"Fr. C. Rodrigues Institute of Technology (FCRIT)","Vashi","Electronics & Telecommunication",2024,3,"ST",80.58,27200
101,"Fr. C. Rodrigues Institute of Technology (FCRIT)","Vashi","Mechanical Engineering",2024,3,"ST",65.28,48600
101,"Fr. C. Rodrigues Institute of Technology (FCRIT)","Vashi","Civil Engineering",2024,3,"ST",59.78,56300
101,"Fr. C. Rodrigues Institute of Technology (FCRIT)","Vashi","Automobile Engineering",2024,3,"ST",54.28,64000
101,"Fr. C. Rodrigues Institute of Technology (FCRIT)","Vashi","Computer Engineering",2024,3,"Others",82.58,24400
101,"Fr. C. Rodrigues Institute of Technology (FCRIT)","Vashi","Information Technology",2024,3,"Others",90.78,12900
101,"Fr. C. Rodrigues Institute of Technology (FCRIT)","Vashi","Electronics & Telecommunication",2024,3,"Others",83.38,23250
101,"Fr. C. Rodrigues Institute of Technology (FCRIT)","Vashi","Mechanical Engineering",2024,3,"Others",68.08,44700
101,"Fr. C. Rodrigues Institute of Technology (FCRIT)","Vashi","Civil Engineering",2024,3,"Others",62.58,52400
101,"Fr. C. Rodrigues Institute of Technology (FCRIT)","Vashi","Automobile Engineering",2024,3,"Others",57.08,60100
101,"Fr. C. Rodrigues Institute of Technology (FCRIT)","Vashi","Computer Engineering",2025,1,"Open",85.5,20300
101,"Fr. C. Rodrigues Institute of Technology (FCRIT)","Vashi","Information Technology",2025,1,"Open",93.7,8800
101,"Fr. C. Rodrigues Institute of Technology (FCRIT)","Vashi","Electronics & Telecommunication",2025,1,"Open",86.3,19200
101,"Fr. C. Rodrigues Institute of Technology (FCRIT)","Vashi","Mechanical Engineering",2025,1,"Open",71,40600
101,"Fr. C. Rodrigues Institute of Technology (FCRIT)","Vashi","Civil Engineering",2025,1,"Open",65.5,48300
101,"Fr. C. Rodrigues Institute of Technology (FCRIT)","Vashi","Automobile Engineering",2025,1,"Open",60,56000
101,"Fr. C. Rodrigues Institute of Technology (FCRIT)","Vashi","Computer Engineering",2025,1,"OBC",85.5,20300
101,"Fr. C. Rodrigues Institute of Technology (FCRIT)","Vashi","Information Technology",2025,1,"OBC",93.7,8800
101,"Fr. C. Rodrigues Institute of Technology (FCRIT)","Vashi","Electronics & Telecommunication",2025,1,"OBC",86.3,19200
101,"Fr. C. Rodrigues Institute of Technology (FCRIT)","Vashi","Mechanical Engineering",2025,1,"OBC",71,40600
101,"Fr. C. Rodrigues Institute of Technology (FCRIT)","Vashi","Civil Engineering",2025,1,"OBC",65.5,48300
101,"Fr. C. Rodrigues Institute of Technology (FCRIT)","Vashi","Automobile Engineering",2025,1,"OBC",60,56000
101,"Fr. C. Rodrigues Institute of Technology (FCRIT)","Vashi","Computer Engineering",2025,1,"NT",84.7,21400
101,"Fr. C. Rodrigues Institute of Technology (FCRIT)","Vashi","Information Technology",2025,1,"NT",92.9,9950
101,"Fr. C. Rodrigues Institute of Technology (FCRIT)","Vashi","Electronics & Telecommunication",2025,1,"NT",85.5,20300
101,"Fr. C. Rodrigues Institute of Technology (FCRIT)","Vashi","Mechanical Engineering",2025,1,"NT",70.2,41700
101,"Fr. C. Rodrigues Institute of Technology (FCRIT)","Vashi","Civil Engineering",2025,1,"NT",64.7,49400
101,"Fr. C. Rodrigues Institute of Technology (FCRIT)","Vashi","Automobile Engineering",2025,1,"NT",59.2,57100
101,"Fr. C. Rodrigues Institute of Technology (FCRIT)","Vashi","Computer Engineering",2025,1,"SC",83,23800
101,"Fr. C. Rodrigues Institute of Technology (FCRIT)","Vashi","Information Technology",2025,1,"SC",91.2,12300
101,"Fr. C. Rodrigues Institute of Technology (FCRIT)","Vashi","Electronics & Telecommunication",2025,1,"SC",83.8,22700
101,"Fr. C. Rodrigues Institute of Technology (FCRIT)","Vashi","Mechanical Engineering",2025,1,"SC",68.5,44100
101,"Fr. C. Rodrigues Institute of Technology (FCRIT)","Vashi","Civil Engineering",2025,1,"SC",63,51800
101,"Fr. C. Rodrigues Institute of Technology (FCRIT)","Vashi","Automobile Engineering",2025,1,"SC",57.5,59500
101,"Fr. C. Rodrigues Institute of Technology (FCRIT)","Vashi","Computer Engineering",2025,1,"ST",81.5,25900
101,"Fr. C. Rodrigues Institute of Technology (FCRIT)","Vashi","Information Technology",2025,1,"ST",89.7,14400
101,"Fr. C. Rodrigues Institute of Technology (FCRIT)","Vashi","Electronics & Telecommunication",2025,1,"ST",82.3,24800
101,"Fr. C. Rodrigues Institute of Technology (FCRIT)","Vashi","Mechanical Engineering",2025,1,"ST",67,46200
101,"Fr. C. Rodrigues Institute of Technology (FCRIT)","Vashi","Civil Engineering",2025,1,"ST",61.5,53900
101,"Fr. C. Rodrigues Institute of Technology (FCRIT)","Vashi","Automobile Engineering",2025,1,"ST",56,61600
101,"Fr. C. Rodrigues Institute of Technology (FCRIT)","Vashi","Computer Engineering",2025,1,"Others",84.3,22000
101,"Fr. C. Rodrigues Institute of Technology (FCRIT)","Vashi","Information Technology",2025,1,"Others",92.5,10500
101,"Fr. C. Rodrigues Institute of Technology (FCRIT)","Vashi","Electronics & Telecommunication",2025,1,"Others",85.1,20850
101,"Fr. C. Rodrigues Institute of Technology (FCRIT)","Vashi","Mechanical Engineering",2025,1,"Others",69.8,42300
101,"Fr. C. Rodrigues Institute of Technology (FCRIT)","Vashi","Civil Engineering",2025,1,"Others",64.3,50000
101,"Fr. C. Rodrigues Institute of Technology (FCRIT)","Vashi","Automobile Engineering",2025,1,"Others",58.8,57700
101,"Fr. C. Rodrigues Institute of Technology (FCRIT)","Vashi","Computer Engineering",2025,2,"Open",85.16,20800
101,"Fr. C. Rodrigues Institute of Technology (FCRIT)","Vashi","Information Technology",2025,2,"Open",93.36,9300
101,"Fr. C. Rodrigues Institute of Technology (FCRIT)","Vashi","Electronics & Telecommunication",2025,2,"Open",85.96,19650
101,"Fr. C. Rodrigues Institute of Technology (FCRIT)","Vashi","Mechanical Engineering",2025,2,"Open",70.66,41100
101,"Fr. C. Rodrigues Institute of Technology (FCRIT)","Vashi","Civil Engineering",2025,2,"Open",65.16,48800
101,"Fr. C. Rodrigues Institute of Technology (FCRIT)","Vashi","Automobile Engineering",2025,2,"Open",59.66,56500
101,"Fr. C. Rodrigues Institute of Technology (FCRIT)","Vashi","Computer Engineering",2025,2,"OBC",85.16,20800
101,"Fr. C. Rodrigues Institute of Technology (FCRIT)","Vashi","Information Technology",2025,2,"OBC",93.36,9300
101,"Fr. C. Rodrigues Institute of Technology (FCRIT)","Vashi","Electronics & Telecommunication",2025,2,"OBC",85.96,19650
101,"Fr. C. Rodrigues Institute of Technology (FCRIT)","Vashi","Mechanical Engineering",2025,2,"OBC",70.66,41100
101,"Fr. C. Rodrigues Institute of Technology (FCRIT)","Vashi","Civil Engineering",2025,2,"OBC",65.16,48800
101,"Fr. C. Rodrigues Institute of Technology (FCRIT)","Vashi","Automobile Engineering",2025,2,"OBC",59.66,56500
101,"Fr. C. Rodrigues Institute of Technology (FCRIT)","Vashi","Computer Engineering",2025,2,"NT",84.36,21900
101,"Fr. C. Rodrigues Institute of Technology (FCRIT)","Vashi","Information Technology",2025,2,"NT",92.56,10400
101,"Fr. C. Rodrigues Institute of Technology (FCRIT)","Vashi","Electronics & Telecommunication",2025,2,"NT",85.16,20800
101,"Fr. C. Rodrigues Institute of Technology (FCRIT)","Vashi","Mechanical Engineering",2025,2,"NT",69.86,42200
101,"Fr. C. Rodrigues Institute of Technology (FCRIT)","Vashi","Civil Engineering",2025,2,"NT",64.36,49900
101,"Fr. C. Rodrigues Institute of Technology (FCRIT)","Vashi","Automobile Engineering",2025,2,"NT",58.86,57600
101,"Fr. C. Rodrigues Institute of Technology (FCRIT)","Vashi","Computer Engineering",2025,2,"SC",82.66,24300
101,"Fr. C. Rodrigues Institute of Technology (FCRIT)","Vashi","Information Technology",2025,2,"SC",90.86,12800
101,"Fr. C. Rodrigues Institute of Technology (FCRIT)","Vashi","Electronics & Telecommunication",2025,2,"SC",83.46,23150
101,"Fr. C. Rodrigues Institute of Technology (FCRIT)","Vashi","Mechanical Engineering",2025,2,"SC",68.16,44600
101,"Fr. C. Rodrigues Institute of Technology (FCRIT)","Vashi","Civil Engineering",2025,2,"SC",62.66,52300
101,"Fr. C. Rodrigues Institute of Technology (FCRIT)","Vashi","Automobile Engineering",2025,2,"SC",57.16,60000
101,"Fr. C. Rodrigues Institute of Technology (FCRIT)","Vashi","Computer Engineering",2025,2,"ST",81.16,26400
101,"Fr. C. Rodrigues Institute of Technology (FCRIT)","Vashi","Information Technology",2025,2,"ST",89.36,14900
101,"Fr. C. Rodrigues Institute of Technology (FCRIT)","Vashi","Electronics & Telecommunication",2025,2,"ST",81.96,25250
101,"Fr. C. Rodrigues Institute of Technology (FCRIT)","Vashi","Mechanical Engineering",2025,2,"ST",66.66,46700
101,"Fr. C. Rodrigues Institute of Technology (FCRIT)","Vashi","Civil Engineering",2025,2,"ST",61.16,54400
101,"Fr. C. Rodrigues Institute of Technology (FCRIT)","Vashi","Automobile Engineering",2025,2,"ST",55.66,62100
101,"Fr. C. Rodrigues Institute of Technology (FCRIT)","Vashi","Computer Engineering",2025,2,"Others",83.96,22450
101,"Fr. C. Rodrigues Institute of Technology (FCRIT)","Vashi","Information Technology",2025,2,"Others",92.16,11000
101,"Fr. C. Rodrigues Institute of Technology (FCRIT)","Vashi","Electronics & Telecommunication",2025,2,"Others",84.76,21350
101,"Fr. C. Rodrigues Institute of Technology (FCRIT)","Vashi","Mechanical Engineering",2025,2,"Others",69.46,42750
101,"Fr. C. Rodrigues Institute of Technology (FCRIT)","Vashi","Civil Engineering",2025,2,"Others",63.96,50450
101,"Fr. C. Rodrigues Institute of Technology (FCRIT)","Vashi","Automobile Engineering",2025,2,"Others",58.46,58150
101,"Fr. C. Rodrigues Institute of Technology (FCRIT)","Vashi","Computer Engineering",2025,3,"Open",84.42,21800
101,"Fr. C. Rodrigues Institute of Technology (FCRIT)","Vashi","Information Technology",2025,3,"Open",92.62,10350
101,"Fr. C. Rodrigues Institute of Technology (FCRIT)","Vashi","Electronics & Telecommunication",2025,3,"Open",85.22,20700
101,"Fr. C. Rodrigues Institute of Technology (FCRIT)","Vashi","Mechanical Engineering",2025,3,"Open",69.92,42100
101,"Fr. C. Rodrigues Institute of Technology (FCRIT)","Vashi","Civil Engineering",2025,3,"Open",64.42,49800
101,"Fr. C. Rodrigues Institute of Technology (FCRIT)","Vashi","Automobile Engineering",2025,3,"Open",58.92,57500
101,"Fr. C. Rodrigues Institute of Technology (FCRIT)","Vashi","Computer Engineering",2025,3,"OBC",84.42,21800
101,"Fr. C. Rodrigues Institute of Technology (FCRIT)","Vashi","Information Technology",2025,3,"OBC",92.62,10350
101,"Fr. C. Rodrigues Institute of Technology (FCRIT)","Vashi","Electronics & Telecommunication",2025,3,"OBC",85.22,20700
101,"Fr. C. Rodrigues Institute of Technology (FCRIT)","Vashi","Mechanical Engineering",2025,3,"OBC",69.92,42100
101,"Fr. C. Rodrigues Institute of Technology (FCRIT)","Vashi","Civil Engineering",2025,3,"OBC",64.42,49800
101,"Fr. C. Rodrigues Institute of Technology (FCRIT)","Vashi","Automobile Engineering",2025,3,"OBC",58.92,57500
101,"Fr. C. Rodrigues Institute of Technology (FCRIT)","Vashi","Computer Engineering",2025,3,"NT",83.62,22950
101,"Fr. C. Rodrigues Institute of Technology (FCRIT)","Vashi","Information Technology",2025,3,"NT",91.82,11450
101,"Fr. C. Rodrigues Institute of Technology (FCRIT)","Vashi","Electronics & Telecommunication",2025,3,"NT",84.42,21800
101,"Fr. C. Rodrigues Institute of Technology (FCRIT)","Vashi","Mechanical Engineering",2025,3,"NT",69.12,43250
101,"Fr. C. Rodrigues Institute of Technology (FCRIT)","Vashi","Civil Engineering",2025,3,"NT",63.62,50950
101,"Fr. C. Rodrigues Institute of Technology (FCRIT)","Vashi","Automobile Engineering",2025,3,"NT",58.12,58650
101,"Fr. C. Rodrigues Institute of Technology (FCRIT)","Vashi","Computer Engineering",2025,3,"SC",81.92,25300
101,"Fr. C. Rodrigues Institute of Technology (FCRIT)","Vashi","Information Technology",2025,3,"SC",90.12,13850
101,"Fr. C. Rodrigues Institute of Technology (FCRIT)","Vashi","Electronics & Telecommunication",2025,3,"SC",82.72,24200
101,"Fr. C. Rodrigues Institute of Technology (FCRIT)","Vashi","Mechanical Engineering",2025,3,"SC",67.42,45600
101,"Fr. C. Rodrigues Institute of Technology (FCRIT)","Vashi","Civil Engineering",2025,3,"SC",61.92,53300
101,"Fr. C. Rodrigues Institute of Technology (FCRIT)","Vashi","Automobile Engineering",2025,3,"SC",56.42,61000
101,"Fr. C. Rodrigues Institute of Technology (FCRIT)","Vashi","Computer Engineering",2025,3,"ST",80.42,27400
101,"Fr. C. Rodrigues Institute of Technology (FCRIT)","Vashi","Information Technology",2025,3,"ST",88.62,15950
101,"Fr. C. Rodrigues Institute of Technology (FCRIT)","Vashi","Electronics & Telecommunication",2025,3,"ST",81.22,26300
101,"Fr. C. Rodrigues Institute of Technology (FCRIT)","Vashi","Mechanical Engineering",2025,3,"ST",65.92,47700
101,"Fr. C. Rodrigues Institute of Technology (FCRIT)","Vashi","Civil Engineering",2025,3,"ST",60.42,55400
101,"Fr. C. Rodrigues Institute of Technology (FCRIT)","Vashi","Automobile Engineering",2025,3,"ST",54.92,63100
101,"Fr. C. Rodrigues Institute of Technology (FCRIT)","Vashi","Computer Engineering",2025,3,"Others",83.22,23500
101,"Fr. C. Rodrigues Institute of Technology (FCRIT)","Vashi","Information Technology",2025,3,"Others",91.42,12000
101,"Fr. C. Rodrigues Institute of Technology (FCRIT)","Vashi","Electronics & Telecommunication",2025,3,"Others",84.02,22350
101,"Fr. C. Rodrigues Institute of Technology (FCRIT)","Vashi","Mechanical Engineering",2025,3,"Others",68.72,43800
101,"Fr. C. Rodrigues Institute of Technology (FCRIT)","Vashi","Civil Engineering",2025,3,"Others",63.22,51500
101,"Fr. C. Rodrigues Institute of Technology (FCRIT)","Vashi","Automobile Engineering",2025,3,"Others",57.72,59200
102,"SIES Graduate School of Technology","Nerul","Computer Engineering",2021,1,"Open",81.68,25650
102,"SIES Graduate School of Technology","Nerul","Information Technology",2021,1,"Open",89.88,14150
102,"SIES Graduate School of Technology","Nerul","Electronics & Telecommunication",2021,1,"Open",82.48,24550
102,"SIES Graduate School of Technology","Nerul","Mechanical Engineering",2021,1,"Open",67.18,45950
102,"SIES Graduate School of Technology","Nerul","Civil Engineering",2021,1,"Open",61.68,53650
102,"SIES Graduate School of Technology","Nerul","Automobile Engineering",2021,1,"Open",56.18,61350
102,"SIES Graduate School of Technology","Nerul","Computer Engineering",2021,1,"OBC",81.68,25650
102,"SIES Graduate School of Technology","Nerul","Information Technology",2021,1,"OBC",89.88,14150
102,"SIES Graduate School of Technology","Nerul","Electronics & Telecommunication",2021,1,"OBC",82.48,24550
102,"SIES Graduate School of Technology","Nerul","Mechanical Engineering",2021,1,"OBC",67.18,45950
102,"SIES Graduate School of Technology","Nerul","Civil Engineering",2021,1,"OBC",61.68,53650
102,"SIES Graduate School of Technology","Nerul","Automobile Engineering",2021,1,"OBC",56.18,61350
102,"SIES Graduate School of Technology","Nerul","Computer Engineering",2021,1,"NT",80.88,26750
102,"SIES Graduate School of Technology","Nerul","Information Technology",2021,1,"NT",89.08,15300
102,"SIES Graduate School of Technology","Nerul","Electronics & Telecommunication",2021,1,"NT",81.68,25650
102,"SIES Graduate School of Technology","Nerul","Mechanical Engineering",2021,1,"NT",66.38,47050
102,"SIES Graduate School of Technology","Nerul","Civil Engineering",2021,1,"NT",60.88,54750
102,"SIES Graduate School of Technology","Nerul","Automobile Engineering",2021,1,"NT",55.38,62450
102,"SIES Graduate School of Technology","Nerul","Computer Engineering",2021,1,"SC",79.18,29150
102,"SIES Graduate School of Technology","Nerul","Information Technology",2021,1,"SC",87.38,17650
102,"SIES Graduate School of Technology","Nerul","Electronics & Telecommunication",2021,1,"SC",79.98,28050
102,"SIES Graduate School of Technology","Nerul","Mechanical Engineering",2021,1,"SC",64.68,49450
102,"SIES Graduate School of Technology","Nerul","Civil Engineering",2021,1,"SC",59.18,57150
102,"SIES Graduate School of Technology","Nerul","Automobile Engineering",2021,1,"SC",53.68,64850
102,"SIES Graduate School of Technology","Nerul","Computer Engineering",2021,1,"ST",77.68,31250
102,"SIES Graduate School of Technology","Nerul","Information Technology",2021,1,"ST",85.88,19750
102,"SIES Graduate School of Technology","Nerul","Electronics & Telecommunication",2021,1,"ST",78.48,30150
102,"SIES Graduate School of Technology","Nerul","Mechanical Engineering",2021,1,"ST",63.18,51550
102,"SIES Graduate School of Technology","Nerul","Civil Engineering",2021,1,"ST",57.68,59250
102,"SIES Graduate School of Technology","Nerul","Automobile Engineering",2021,1,"ST",52.18,66950
102,"SIES Graduate School of Technology","Nerul","Computer Engineering",2021,1,"Others",80.48,27350
102,"SIES Graduate School of Technology","Nerul","Information Technology",2021,1,"Others",88.68,15850
102,"SIES Graduate School of Technology","Nerul","Electronics & Telecommunication",2021,1,"Others",81.28,26200
102,"SIES Graduate School of Technology","Nerul","Mechanical Engineering",2021,1,"Others",65.98,47650
102,"SIES Graduate School of Technology","Nerul","Civil Engineering",2021,1,"Others",60.48,55350
102,"SIES Graduate School of Technology","Nerul","Automobile Engineering",2021,1,"Others",54.98,63050
102,"SIES Graduate School of Technology","Nerul","Computer Engineering",2021,2,"Open",80.94,26700
102,"SIES Graduate School of Technology","Nerul","Information Technology",2021,2,"Open",89.14,15200
102,"SIES Graduate School of Technology","Nerul","Electronics & Telecommunication",2021,2,"Open",81.74,25550
102,"SIES Graduate School of Technology","Nerul","Mechanical Engineering",2021,2,"Open",66.44,47000
102,"SIES Graduate School of Technology","Nerul","Civil Engineering",2021,2,"Open",60.94,54700
102,"SIES Graduate School of Technology","Nerul","Automobile Engineering",2021,2,"Open",55.44,62400
102,"SIES Graduate School of Technology","Nerul","Computer Engineering",2021,2,"OBC",80.94,26700
102,"SIES Graduate School of Technology","Nerul","Information Technology",2021,2,"OBC",89.14,15200
102,"SIES Graduate School of Technology","Nerul","Electronics & Telecommunication",2021,2,"OBC",81.74,25550
102,"SIES Graduate School of Technology","Nerul","Mechanical Engineering",2021,2,"OBC",66.44,47000
102,"SIES Graduate School of Technology","Nerul","Civil Engineering",2021,2,"OBC",60.94,54700
102,"SIES Graduate School of Technology","Nerul","Automobile Engineering",2021,2,"OBC",55.44,62400
102,"SIES Graduate School of Technology","Nerul","Computer Engineering",2021,2,"NT",80.14,27800
102,"SIES Graduate School of Technology","Nerul","Information Technology",2021,2,"NT",88.34,16300
102,"SIES Graduate School of Technology","Nerul","Electronics & Telecommunication",2021,2,"NT",80.94,26700
102,"SIES Graduate School of Technology","Nerul","Mechanical Engineering",2021,2,"NT",65.64,48100
102,"SIES Graduate School of Technology","Nerul","Civil Engineering",2021,2,"NT",60.14,55800
102,"SIES Graduate School of Technology","Nerul","Automobile Engineering",2021,2,"NT",54.64,63500
102,"SIES Graduate School of Technology","Nerul","Computer Engineering",2021,2,"SC",78.44,30200
102,"SIES Graduate School of Technology","Nerul","Information Technology",2021,2,"SC",86.64,18700
102,"SIES Graduate School of Technology","Nerul","Electronics & Telecommunication",2021,2,"SC",79.24,29050
102,"SIES Graduate School of Technology","Nerul","Mechanical Engineering",2021,2,"SC",63.94,50500
102,"SIES Graduate School of Technology","Nerul","Civil Engineering",2021,2,"SC",58.44,58200
102,"SIES Graduate School of Technology","Nerul","Automobile Engineering",2021,2,"SC",52.94,65900
102,"SIES Graduate School of Technology","Nerul","Computer Engineering",2021,2,"ST",76.94,32300
102,"SIES Graduate School of Technology","Nerul","Information Technology",2021,2,"ST",85.14,20800
102,"SIES Graduate School of Technology","Nerul","Electronics & Telecommunication",2021,2,"ST",77.74,31150
102,"SIES Graduate School of Technology","Nerul","Mechanical Engineering",2021,2,"ST",62.44,52600
102,"SIES Graduate School of Technology","Nerul","Civil Engineering",2021,2,"ST",56.94,60300
102,"SIES Graduate School of Technology","Nerul","Automobile Engineering",2021,2,"ST",51.44,68000
102,"SIES Graduate School of Technology","Nerul","Computer Engineering",2021,2,"Others",79.74,28350
102,"SIES Graduate School of Technology","Nerul","Information Technology",2021,2,"Others",87.94,16900
102,"SIES Graduate School of Technology","Nerul","Electronics & Telecommunication",2021,2,"Others",80.54,27250
102,"SIES Graduate School of Technology","Nerul","Mechanical Engineering",2021,2,"Others",65.24,48650
102,"SIES Graduate School of Technology","Nerul","Civil Engineering",2021,2,"Others",59.74,56350
102,"SIES Graduate School of Technology","Nerul","Automobile Engineering",2021,2,"Others",54.24,64050
102,"SIES Graduate School of Technology","Nerul","Computer Engineering",2021,3,"Open",80.2,27700
102,"SIES Graduate School of Technology","Nerul","Information Technology",2021,3,"Open",88.4,16250
102,"SIES Graduate School of Technology","Nerul","Electronics & Telecommunication",2021,3,"Open",81,26600
102,"SIES Graduate School of Technology","Nerul","Mechanical Engineering",2021,3,"Open",65.7,48000
102,"SIES Graduate School of Technology","Nerul","Civil Engineering",2021,3,"Open",60.2,55700
102,"SIES Graduate School of Technology","Nerul","Automobile Engineering",2021,3,"Open",54.7,63400
102,"SIES Graduate School of Technology","Nerul","Computer Engineering",2021,3,"OBC",80.2,27700
102,"SIES Graduate School of Technology","Nerul","Information Technology",2021,3,"OBC",88.4,16250
102,"SIES Graduate School of Technology","Nerul","Electronics & Telecommunication",2021,3,"OBC",81,26600
102,"SIES Graduate School of Technology","Nerul","Mechanical Engineering",2021,3,"OBC",65.7,48000
102,"SIES Graduate School of Technology","Nerul","Civil Engineering",2021,3,"OBC",60.2,55700
102,"SIES Graduate School of Technology","Nerul","Automobile Engineering",2021,3,"OBC",54.7,63400
102,"SIES Graduate School of Technology","Nerul","Computer Engineering",2021,3,"NT",79.4,28850
102,"SIES Graduate School of Technology","Nerul","Information Technology",2021,3,"NT",87.6,17350
102,"SIES Graduate School of Technology","Nerul","Electronics & Telecommunication",2021,3,"NT",80.2,27700
102,"SIES Graduate School of Technology","Nerul","Mechanical Engineering",2021,3,"NT",64.9,49150
102,"SIES Graduate School of Technology","Nerul","Civil Engineering",2021,3,"NT",59.4,56850
102,"SIES Graduate School of Technology","Nerul","Automobile Engineering",2021,3,"NT",53.9,64550
102,"SIES Graduate School of Technology","Nerul","Computer Engineering",2021,3,"SC",77.7,31200
102,"SIES Graduate School of Technology","Nerul","Information Technology",2021,3,"SC",85.9,19750
102,"SIES Graduate School of Technology","Nerul","Electronics & Telecommunication",2021,3,"SC",78.5,30100
102,"SIES Graduate School of Technology","Nerul","Mechanical Engineering",2021,3,"SC",63.2,51500
102,"SIES Graduate School of Technology","Nerul","Civil Engineering",2021,3,"SC",57.7,59200
102,"SIES Graduate School of Technology","Nerul","Automobile Engineering",2021,3,"SC",52.2,66900
102,"SIES Graduate School of Technology","Nerul","Computer Engineering",2021,3,"ST",76.2,33300
102,"SIES Graduate School of Technology","Nerul","Information Technology",2021,3,"ST",84.4,21850
102,"SIES Graduate School of Technology","Nerul","Electronics & Telecommunication",2021,3,"ST",77,32200
102,"SIES Graduate School of Technology","Nerul","Mechanical Engineering",2021,3,"ST",61.7,53600
102,"SIES Graduate School of Technology","Nerul","Civil Engineering",2021,3,"ST",56.2,61300
102,"SIES Graduate School of Technology","Nerul","Automobile Engineering",2021,3,"ST",50.7,69000
102,"SIES Graduate School of Technology","Nerul","Computer Engineering",2021,3,"Others",79,29400
102,"SIES Graduate School of Technology","Nerul","Information Technology",2021,3,"Others",87.2,17900
102,"SIES Graduate School of Technology","Nerul","Electronics & Telecommunication",2021,3,"Others",79.8,28300
102,"SIES Graduate School of Technology","Nerul","Mechanical Engineering",2021,3,"Others",64.5,49700
102,"SIES Graduate School of Technology","Nerul","Civil Engineering",2021,3,"Others",59,57400
102,"SIES Graduate School of Technology","Nerul","Automobile Engineering",2021,3,"Others",53.5,65100
102,"SIES Graduate School of Technology","Nerul","Computer Engineering",2022,1,"Open",82.02,25150
102,"SIES Graduate School of Technology","Nerul","Information Technology",2022,1,"Open",90.22,13700
102,"SIES Graduate School of Technology","Nerul","Electronics & Telecommunication",2022,1,"Open",82.82,24050
102,"SIES Graduate School of Technology","Nerul","Mechanical Engineering",2022,1,"Open",67.52,45450
102,"SIES Graduate School of Technology","Nerul","Civil Engineering",2022,1,"Open",62.02,53150
102,"SIES Graduate School of Technology","Nerul","Automobile Engineering",2022,1,"Open",56.52,60850
102,"SIES Graduate School of Technology","Nerul","Computer Engineering",2022,1,"OBC",82.02,25150
102,"SIES Graduate School of Technology","Nerul","Information Technology",2022,1,"OBC",90.22,13700
102,"SIES Graduate School of Technology","Nerul","Electronics & Telecommunication",2022,1,"OBC",82.82,24050
102,"SIES Graduate School of Technology","Nerul","Mechanical Engineering",2022,1,"OBC",67.52,45450
102,"SIES Graduate School of Technology","Nerul","Civil Engineering",2022,1,"OBC",62.02,53150
102,"SIES Graduate School of Technology","Nerul","Automobile Engineering",2022,1,"OBC",56.52,60850
102,"SIES Graduate School of Technology","Nerul","Computer Engineering",2022,1,"NT",81.22,26300
102,"SIES Graduate School of Technology","Nerul","Information Technology",2022,1,"NT",89.42,14800
102,"SIES Graduate School of Technology","Nerul","Electronics & Telecommunication",2022,1,"NT",82.02,25150
102,"SIES Graduate School of Technology","Nerul","Mechanical Engineering",2022,1,"NT",66.72,46600
102,"SIES Graduate School of Technology","Nerul","Civil Engineering",2022,1,"NT",61.22,54300
102,"SIES Graduate School of Technology","Nerul","Automobile Engineering",2022,1,"NT",55.72,62000
102,"SIES Graduate School of Technology","Nerul","Computer Engineering",2022,1,"SC",79.52,28650
102,"SIES Graduate School of Technology","Nerul","Information Technology",2022,1,"SC",87.72,17200
102,"SIES Graduate School of Technology","Nerul","Electronics & Telecommunication",2022,1,"SC",80.32,27550
102,"SIES Graduate School of Technology","Nerul","Mechanical Engineering",2022,1,"SC",65.02,48950
102,"SIES Graduate School of Technology","Nerul","Civil Engineering",2022,1,"SC",59.52,56650
102,"SIES Graduate School of Technology","Nerul","Automobile Engineering",2022,1,"SC",54.02,64350
102,"SIES Graduate School of Technology","Nerul","Computer Engineering",2022,1,"ST",78.02,30750
102,"SIES Graduate School of Technology","Nerul","Information Technology",2022,1,"ST",86.22,19300
102,"SIES Graduate School of Technology","Nerul","Electronics & Telecommunication",2022,1,"ST",78.82,29650
102,"SIES Graduate School of Technology","Nerul","Mechanical Engineering",2022,1,"ST",63.52,51050
102,"SIES Graduate School of Technology","Nerul","Civil Engineering",2022,1,"ST",58.02,58750
102,"SIES Graduate School of Technology","Nerul","Automobile Engineering",2022,1,"ST",52.52,66450
102,"SIES Graduate School of Technology","Nerul","Computer Engineering",2022,1,"Others",80.82,26850
102,"SIES Graduate School of Technology","Nerul","Information Technology",2022,1,"Others",89.02,15350
102,"SIES Graduate School of Technology","Nerul","Electronics & Telecommunication",2022,1,"Others",81.62,25750
102,"SIES Graduate School of Technology","Nerul","Mechanical Engineering",2022,1,"Others",66.32,47150
102,"SIES Graduate School of Technology","Nerul","Civil Engineering",2022,1,"Others",60.82,54850
102,"SIES Graduate School of Technology","Nerul","Automobile Engineering",2022,1,"Others",55.32,62550
102,"SIES Graduate School of Technology","Nerul","Computer Engineering",2022,2,"Open",81.68,25650
102,"SIES Graduate School of Technology","Nerul","Information Technology",2022,2,"Open",89.88,14150
102,"SIES Graduate School of Technology","Nerul","Electronics & Telecommunication",2022,2,"Open",82.48,24550
102,"SIES Graduate School of Technology","Nerul","Mechanical Engineering",2022,2,"Open",67.18,45950
102,"SIES Graduate School of Technology","Nerul","Civil Engineering",2022,2,"Open",61.68,53650
102,"SIES Graduate School of Technology","Nerul","Automobile Engineering",2022,2,"Open",56.18,61350
102,"SIES Graduate School of Technology","Nerul","Computer Engineering",2022,2,"OBC",81.68,25650
102,"SIES Graduate School of Technology","Nerul","Information Technology",2022,2,"OBC",89.88,14150
102,"SIES Graduate School of Technology","Nerul","Electronics & Telecommunication",2022,2,"OBC",82.48,24550
102,"SIES Graduate School of Technology","Nerul","Mechanical Engineering",2022,2,"OBC",67.18,45950
102,"SIES Graduate School of Technology","Nerul","Civil Engineering",2022,2,"OBC",61.68,53650
102,"SIES Graduate School of Technology","Nerul","Automobile Engineering",2022,2,"OBC",56.18,61350
102,"SIES Graduate School of Technology","Nerul","Computer Engineering",2022,2,"NT",80.88,26750
102,"SIES Graduate School of Technology","Nerul","Information Technology",2022,2,"NT",89.08,15300
102,"SIES Graduate School of Technology","Nerul","Electronics & Telecommunication",2022,2,"NT",81.68,25650
102,"SIES Graduate School of Technology","Nerul","Mechanical Engineering",2022,2,"NT",66.38,47050
102,"SIES Graduate School of Technology","Nerul","Civil Engineering",2022,2,"NT",60.88,54750
102,"SIES Graduate School of Technology","Nerul","Automobile Engineering",2022,2,"NT",55.38,62450
102,"SIES Graduate School of Technology","Nerul","Computer Engineering",2022,2,"SC",79.18,29150
102,"SIES Graduate School of Technology","Nerul","Information Technology",2022,2,"SC",87.38,17650
102,"SIES Graduate School of Technology","Nerul","Electronics & Telecommunication",2022,2,"SC",79.98,28050
102,"SIES Graduate School of Technology","Nerul","Mechanical Engineering",2022,2,"SC",64.68,49450
102,"SIES Graduate School of Technology","Nerul","Civil Engineering",2022,2,"SC",59.18,57150
102,"SIES Graduate School of Technology","Nerul","Automobile Engineering",2022,2,"SC",53.68,64850
102,"SIES Graduate School of Technology","Nerul","Computer Engineering",2022,2,"ST",77.68,31250
102,"SIES Graduate School of Technology","Nerul","Information Technology",2022,2,"ST",85.88,19750
102,"SIES Graduate School of Technology","Nerul","Electronics & Telecommunication",2022,2,"ST",78.48,30150
102,"SIES Graduate School of Technology","Nerul","Mechanical Engineering",2022,2,"ST",63.18,51550
102,"SIES Graduate School of Technology","Nerul","Civil Engineering",2022,2,"ST",57.68,59250
102,"SIES Graduate School of Technology","Nerul","Automobile Engineering",2022,2,"ST",52.18,66950
102,"SIES Graduate School of Technology","Nerul","Computer Engineering",2022,2,"Others",80.48,27350
102,"SIES Graduate School of Technology","Nerul","Information Technology",2022,2,"Others",88.68,15850
102,"SIES Graduate School of Technology","Nerul","Electronics & Telecommunication",2022,2,"Others",81.28,26200
102,"SIES Graduate School of Technology","Nerul","Mechanical Engineering",2022,2,"Others",65.98,47650
102,"SIES Graduate School of Technology","Nerul","Civil Engineering",2022,2,"Others",60.48,55350
102,"SIES Graduate School of Technology","Nerul","Automobile Engineering",2022,2,"Others",54.98,63050
102,"SIES Graduate School of Technology","Nerul","Computer Engineering",2022,3,"Open",80.94,26700
102,"SIES Graduate School of Technology","Nerul","Information Technology",2022,3,"Open",89.14,15200
102,"SIES Graduate School of Technology","Nerul","Electronics & Telecommunication",2022,3,"Open",81.74,25550
102,"SIES Graduate School of Technology","Nerul","Mechanical Engineering",2022,3,"Open",66.44,47000
102,"SIES Graduate School of Technology","Nerul","Civil Engineering",2022,3,"Open",60.94,54700
102,"SIES Graduate School of Technology","Nerul","Automobile Engineering",2022,3,"Open",55.44,62400
102,"SIES Graduate School of Technology","Nerul","Computer Engineering",2022,3,"OBC",80.94,26700
102,"SIES Graduate School of Technology","Nerul","Information Technology",2022,3,"OBC",89.14,15200
102,"SIES Graduate School of Technology","Nerul","Electronics & Telecommunication",2022,3,"OBC",81.74,25550
102,"SIES Graduate School of Technology","Nerul","Mechanical Engineering",2022,3,"OBC",66.44,47000
102,"SIES Graduate School of Technology","Nerul","Civil Engineering",2022,3,"OBC",60.94,54700
102,"SIES Graduate School of Technology","Nerul","Automobile Engineering",2022,3,"OBC",55.44,62400
102,"SIES Graduate School of Technology","Nerul","Computer Engineering",2022,3,"NT",80.14,27800
102,"SIES Graduate School of Technology","Nerul","Information Technology",2022,3,"NT",88.34,16300
102,"SIES Graduate School of Technology","Nerul","Electronics & Telecommunication",2022,3,"NT",80.94,26700
102,"SIES Graduate School of Technology","Nerul","Mechanical Engineering",2022,3,"NT",65.64,48100
102,"SIES Graduate School of Technology","Nerul","Civil Engineering",2022,3,"NT",60.14,55800
102,"SIES Graduate School of Technology","Nerul","Automobile Engineering",2022,3,"NT",54.64,63500
102,"SIES Graduate School of Technology","Nerul","Computer Engineering",2022,3,"SC",78.44,30200
102,"SIES Graduate School of Technology","Nerul","Information Technology",2022,3,"SC",86.64,18700
102,"SIES Graduate School of Technology","Nerul","Electronics & Telecommunication",2022,3,"SC",79.24,29050
102,"SIES Graduate School of Technology","Nerul","Mechanical Engineering",2022,3,"SC",63.94,50500
102,"SIES Graduate School of Technology","Nerul","Civil Engineering",2022,3,"SC",58.44,58200
102,"SIES Graduate School of Technology","Nerul","Automobile Engineering",2022,3,"SC",52.94,65900
102,"SIES Graduate School of Technology","Nerul","Computer Engineering",2022,3,"ST",76.94,32300
102,"SIES Graduate School of Technology","Nerul","Information Technology",2022,3,"ST",85.14,20800
102,"SIES Graduate School of Technology","Nerul","Electronics & Telecommunication",2022,3,"ST",77.74,31150
102,"SIES Graduate School of Technology","Nerul","Mechanical Engineering",2022,3,"ST",62.44,52600
102,"SIES Graduate School of Technology","Nerul","Civil Engineering",2022,3,"ST",56.94,60300
102,"SIES Graduate School of Technology","Nerul","Automobile Engineering",2022,3,"ST",51.44,68000
102,"SIES Graduate School of Technology","Nerul","Computer Engineering",2022,3,"Others",79.74,28350
102,"SIES Graduate School of Technology","Nerul","Information Technology",2022,3,"Others",87.94,16900
102,"SIES Graduate School of Technology","Nerul","Electronics & Telecommunication",2022,3,"Others",80.54,27250
102,"SIES Graduate School of Technology","Nerul","Mechanical Engineering",2022,3,"Others",65.24,48650
102,"SIES Graduate School of Technology","Nerul","Civil Engineering",2022,3,"Others",59.74,56350
102,"SIES Graduate School of Technology","Nerul","Automobile Engineering",2022,3,"Others",54.24,64050
102,"SIES Graduate School of Technology","Nerul","Computer Engineering",2023,1,"Open",82.76,24150
102,"SIES Graduate School of Technology","Nerul","Information Technology",2023,1,"Open",90.96,12650
102,"SIES Graduate School of Technology","Nerul","Electronics & Telecommunication",2023,1,"Open",83.56,23000
102,"SIES Graduate School of Technology","Nerul","Mechanical Engineering",2023,1,"Open",68.26,44450
102,"SIES Graduate School of Technology","Nerul","Civil Engineering",2023,1,"Open",62.76,52150
102,"SIES Graduate School of Technology","Nerul","Automobile Engineering",2023,1,"Open",57.26,59850
102,"SIES Graduate School of Technology","Nerul","Computer Engineering",2023,1,"OBC",82.76,24150
102,"SIES Graduate School of Technology","Nerul","Information Technology",2023,1,"OBC",90.96,12650
102,"SIES Graduate School of Technology","Nerul","Electronics & Telecommunication",2023,1,"OBC",83.56,23000
102,"SIES Graduate School of Technology","Nerul","Mechanical Engineering",2023,1,"OBC",68.26,44450
102,"SIES Graduate School of Technology","Nerul","Civil Engineering",2023,1,"OBC",62.76,52150
102,"SIES Graduate School of Technology","Nerul","Automobile Engineering",2023,1,"OBC",57.26,59850
102,"SIES Graduate School of Technology","Nerul","Computer Engineering",2023,1,"NT",81.96,25250
102,"SIES Graduate School of Technology","Nerul","Information Technology",2023,1,"NT",90.16,13800
102,"SIES Graduate School of Technology","Nerul","Electronics & Telecommunication",2023,1,"NT",82.76,24150
102,"SIES Graduate School of Technology","Nerul","Mechanical Engineering",2023,1,"NT",67.46,45550
102,"SIES Graduate School of Technology","Nerul","Civil Engineering",2023,1,"NT",61.96,53250
102,"SIES Graduate School of Technology","Nerul","Automobile Engineering",2023,1,"NT",56.46,60950
102,"SIES Graduate School of Technology","Nerul","Computer Engineering",2023,1,"SC",80.26,27650
102,"SIES Graduate School of Technology","Nerul","Information Technology",2023,1,"SC",88.46,16150
102,"SIES Graduate School of Technology","Nerul","Electronics & Telecommunication",2023,1,"SC",81.06,26500
102,"SIES Graduate School of Technology","Nerul","Mechanical Engineering",2023,1,"SC",65.76,47950
102,"SIES Graduate School of Technology","Nerul","Civil Engineering",2023,1,"SC",60.26,55650
102,"SIES Graduate School of Technology","Nerul","Automobile Engineering",2023,1,"SC",54.76,63350
102,"SIES Graduate School of Technology","Nerul","Computer Engineering",2023,1,"ST",78.76,29750
102,"SIES Graduate School of Technology","Nerul","Information Technology",2023,1,"ST",86.96,18250
102,"SIES Graduate School of Technology","Nerul","Electronics & Telecommunication",2023,1,"ST",79.56,28600
102,"SIES Graduate School of Technology","Nerul","Mechanical Engineering",2023,1,"ST",64.26,50050
102,"SIES Graduate School of Technology","Nerul","Civil Engineering",2023,1,"ST",58.76,57750
102,"SIES Graduate School of Technology","Nerul","Automobile Engineering",2023,1,"ST",53.26,65450
102,"SIES Graduate School of Technology","Nerul","Computer Engineering",2023,1,"Others",81.56,25800
102,"SIES Graduate School of Technology","Nerul","Information Technology",2023,1,"Others",89.76,14350
102,"SIES Graduate School of Technology","Nerul","Electronics & Telecommunication",2023,1,"Others",82.36,24700
102,"SIES Graduate School of Technology","Nerul","Mechanical Engineering",2023,1,"Others",67.06,46100
102,"SIES Graduate School of Technology","Nerul","Civil Engineering",2023,1,"Others",61.56,53800
102,"SIES Graduate School of Technology","Nerul","Automobile Engineering",2023,1,"Others",56.06,61500
102,"SIES Graduate School of Technology","Nerul","Computer Engineering",2023,2,"Open",82.02,25150
102,"SIES Graduate School of Technology","Nerul","Information Technology",2023,2,"Open",90.22,13700
102,"SIES Graduate School of Technology","Nerul","Electronics & Telecommunication",2023,2,"Open",82.82,24050
102,"SIES Graduate School of Technology","Nerul","Mechanical Engineering",2023,2,"Open",67.52,45450
102,"SIES Graduate School of Technology","Nerul","Civil Engineering",2023,2,"Open",62.02,53150
102,"SIES Graduate School of Technology","Nerul","Automobile Engineering",2023,2,"Open",56.52,60850
102,"SIES Graduate School of Technology","Nerul","Computer Engineering",2023,2,"OBC",82.02,25150
102,"SIES Graduate School of Technology","Nerul","Information Technology",2023,2,"OBC",90.22,13700
102,"SIES Graduate School of Technology","Nerul","Electronics & Telecommunication",2023,2,"OBC",82.82,24050
102,"SIES Graduate School of Technology","Nerul","Mechanical Engineering",2023,2,"OBC",67.52,45450
102,"SIES Graduate School of Technology","Nerul","Civil Engineering",2023,2,"OBC",62.02,53150
102,"SIES Graduate School of Technology","Nerul","Automobile Engineering",2023,2,"OBC",56.52,60850
102,"SIES Graduate School of Technology","Nerul","Computer Engineering",2023,2,"NT",81.22,26300
102,"SIES Graduate School of Technology","Nerul","Information Technology",2023,2,"NT",89.42,14800
102,"SIES Graduate School of Technology","Nerul","Electronics & Telecommunication",2023,2,"NT",82.02,25150
102,"SIES Graduate School of Technology","Nerul","Mechanical Engineering",2023,2,"NT",66.72,46600
102,"SIES Graduate School of Technology","Nerul","Civil Engineering",2023,2,"NT",61.22,54300
102,"SIES Graduate School of Technology","Nerul","Automobile Engineering",2023,2,"NT",55.72,62000
102,"SIES Graduate School of Technology","Nerul","Computer Engineering",2023,2,"SC",79.52,28650
102,"SIES Graduate School of Technology","Nerul","Information Technology",2023,2,"SC",87.72,17200
102,"SIES Graduate School of Technology","Nerul","Electronics & Telecommunication",2023,2,"SC",80.32,27550
102,"SIES Graduate School of Technology","Nerul","Mechanical Engineering",2023,2,"SC",65.02,48950
102,"SIES Graduate School of Technology","Nerul","Civil Engineering",2023,2,"SC",59.52,56650
102,"SIES Graduate School of Technology","Nerul","Automobile Engineering",2023,2,"SC",54.02,64350
102,"SIES Graduate School of Technology","Nerul","Computer Engineering",2023,2,"ST",78.02,30750
102,"SIES Graduate School of Technology","Nerul","Information Technology",2023,2,"ST",86.22,19300
102,"SIES Graduate School of Technology","Nerul","Electronics & Telecommunication",2023,2,"ST",78.82,29650
102,"SIES Graduate School of Technology","Nerul","Mechanical Engineering",2023,2,"ST",63.52,51050
102,"SIES Graduate School of Technology","Nerul","Civil Engineering",2023,2,"ST",58.02,58750
102,"SIES Graduate School of Technology","Nerul","Automobile Engineering",2023,2,"ST",52.52,66450
102,"SIES Graduate School of Technology","Nerul","Computer Engineering",2023,2,"Others",80.82,26850
102,"SIES Graduate School of Technology","Nerul","Information Technology",2023,2,"Others",89.02,15350
102,"SIES Graduate School of Technology","Nerul","Electronics & Telecommunication",2023,2,"Others",81.62,25750
102,"SIES Graduate School of Technology","Nerul","Mechanical Engineering",2023,2,"Others",66.32,47150
102,"SIES Graduate School of Technology","Nerul","Civil Engineering",2023,2,"Others",60.82,54850
102,"SIES Graduate School of Technology","Nerul","Automobile Engineering",2023,2,"Others",55.32,62550
102,"SIES Graduate School of Technology","Nerul","Computer Engineering",2023,3,"Open",81.68,25650
102,"SIES Graduate School of Technology","Nerul","Information Technology",2023,3,"Open",89.88,14150
102,"SIES Graduate School of Technology","Nerul","Electronics & Telecommunication",2023,3,"Open",82.48,24550
102,"SIES Graduate School of Technology","Nerul","Mechanical Engineering",2023,3,"Open",67.18,45950
102,"SIES Graduate School of Technology","Nerul","Civil Engineering",2023,3,"Open",61.68,53650
102,"SIES Graduate School of Technology","Nerul","Automobile Engineering",2023,3,"Open",56.18,61350
102,"SIES Graduate School of Technology","Nerul","Computer Engineering",2023,3,"OBC",81.68,25650
102,"SIES Graduate School of Technology","Nerul","Information Technology",2023,3,"OBC",89.88,14150
102,"SIES Graduate School of Technology","Nerul","Electronics & Telecommunication",2023,3,"OBC",82.48,24550
102,"SIES Graduate School of Technology","Nerul","Mechanical Engineering",2023,3,"OBC",67.18,45950
102,"SIES Graduate School of Technology","Nerul","Civil Engineering",2023,3,"OBC",61.68,53650
102,"SIES Graduate School of Technology","Nerul","Automobile Engineering",2023,3,"OBC",56.18,61350
102,"SIES Graduate School of Technology","Nerul","Computer Engineering",2023,3,"NT",80.88,26750
102,"SIES Graduate School of Technology","Nerul","Information Technology",2023,3,"NT",89.08,15300
102,"SIES Graduate School of Technology","Nerul","Electronics & Telecommunication",2023,3,"NT",81.68,25650
102,"SIES Graduate School of Technology","Nerul","Mechanical Engineering",2023,3,"NT",66.38,47050
102,"SIES Graduate School of Technology","Nerul","Civil Engineering",2023,3,"NT",60.88,54750
102,"SIES Graduate School of Technology","Nerul","Automobile Engineering",2023,3,"NT",55.38,62450
102,"SIES Graduate School of Technology","Nerul","Computer Engineering",2023,3,"SC",79.18,29150
102,"SIES Graduate School of Technology","Nerul","Information Technology",2023,3,"SC",87.38,17650
102,"SIES Graduate School of Technology","Nerul","Electronics & Telecommunication",2023,3,"SC",79.98,28050
102,"SIES Graduate School of Technology","Nerul","Mechanical Engineering",2023,3,"SC",64.68,49450
102,"SIES Graduate School of Technology","Nerul","Civil Engineering",2023,3,"SC",59.18,57150
102,"SIES Graduate School of Technology","Nerul","Automobile Engineering",2023,3,"SC",53.68,64850
102,"SIES Graduate School of Technology","Nerul","Computer Engineering",2023,3,"ST",77.68,31250
102,"SIES Graduate School of Technology","Nerul","Information Technology",2023,3,"ST",85.88,19750
102,"SIES Graduate School of Technology","Nerul","Electronics & Telecommunication",2023,3,"ST",78.48,30150
102,"SIES Graduate School of Technology","Nerul","Mechanical Engineering",2023,3,"ST",63.18,51550
102,"SIES Graduate School of Technology","Nerul","Civil Engineering",2023,3,"ST",57.68,59250
102,"SIES Graduate School of Technology","Nerul","Automobile Engineering",2023,3,"ST",52.18,66950
102,"SIES Graduate School of Technology","Nerul","Computer Engineering",2023,3,"Others",80.48,27350
102,"SIES Graduate School of Technology","Nerul","Information Technology",2023,3,"Others",88.68,15850
102,"SIES Graduate School of Technology","Nerul","Electronics & Telecommunication",2023,3,"Others",81.28,26200
102,"SIES Graduate School of Technology","Nerul","Mechanical Engineering",2023,3,"Others",65.98,47650
102,"SIES Graduate School of Technology","Nerul","Civil Engineering",2023,3,"Others",60.48,55350
102,"SIES Graduate School of Technology","Nerul","Automobile Engineering",2023,3,"Others",54.98,63050
102,"SIES Graduate School of Technology","Nerul","Computer Engineering",2024,1,"Open",83.5,23100
102,"SIES Graduate School of Technology","Nerul","Information Technology",2024,1,"Open",91.7,11600
102,"SIES Graduate School of Technology","Nerul","Electronics & Telecommunication",2024,1,"Open",84.3,22000
102,"SIES Graduate School of Technology","Nerul","Mechanical Engineering",2024,1,"Open",69,43400
102,"SIES Graduate School of Technology","Nerul","Civil Engineering",2024,1,"Open",63.5,51100
102,"SIES Graduate School of Technology","Nerul","Automobile Engineering",2024,1,"Open",58,58800
102,"SIES Graduate School of Technology","Nerul","Computer Engineering",2024,1,"OBC",83.5,23100
102,"SIES Graduate School of Technology","Nerul","Information Technology",2024,1,"OBC",91.7,11600
102,"SIES Graduate School of Technology","Nerul","Electronics & Telecommunication",2024,1,"OBC",84.3,22000
102,"SIES Graduate School of Technology","Nerul","Mechanical Engineering",2024,1,"OBC",69,43400
102,"SIES Graduate School of Technology","Nerul","Civil Engineering",2024,1,"OBC",63.5,51100
102,"SIES Graduate School of Technology","Nerul","Automobile Engineering",2024,1,"OBC",58,58800
102,"SIES Graduate School of Technology","Nerul","Computer Engineering",2024,1,"NT",82.7,24200
102,"SIES Graduate School of Technology","Nerul","Information Technology",2024,1,"NT",90.9,12750
102,"SIES Graduate School of Technology","Nerul","Electronics & Telecommunication",2024,1,"NT",83.5,23100
102,"SIES Graduate School of Technology","Nerul","Mechanical Engineering",2024,1,"NT",68.2,44500
102,"SIES Graduate School of Technology","Nerul","Civil Engineering",2024,1,"NT",62.7,52200
102,"SIES Graduate School of Technology","Nerul","Automobile Engineering",2024,1,"NT",57.2,59900
102,"SIES Graduate School of Technology","Nerul","Computer Engineering",2024,1,"SC",81,26600
102,"SIES Graduate School of Technology","Nerul","Information Technology",2024,1,"SC",89.2,15100
102,"SIES Graduate School of Technology","Nerul","Electronics & Telecommunication",2024,1,"SC",81.8,25500
102,"SIES Graduate School of Technology","Nerul","Mechanical Engineering",2024,1,"SC",66.5,46900
102,"SIES Graduate School of Technology","Nerul","Civil Engineering",2024,1,"SC",61,54600
102,"SIES Graduate School of Technology","Nerul","Automobile Engineering",2024,1,"SC",55.5,62300
102,"SIES Graduate School of Technology","Nerul","Computer Engineering",2024,1,"ST",79.5,28700
102,"SIES Graduate School of Technology","Nerul","Information Technology",2024,1,"ST",87.7,17200
102,"SIES Graduate School of Technology","Nerul","Electronics & Telecommunication",2024,1,"ST",80.3,27600
102,"SIES Graduate School of Technology","Nerul","Mechanical Engineering",2024,1,"ST",65,49000
102,"SIES Graduate School of Technology","Nerul","Civil Engineering",2024,1,"ST",59.5,56700
102,"SIES Graduate School of Technology","Nerul","Automobile Engineering",2024,1,"ST",54,64400
102,"SIES Graduate School of Technology","Nerul","Computer Engineering",2024,1,"Others",82.3,24800
102,"SIES Graduate School of Technology","Nerul","Information Technology",2024,1,"Others",90.5,13300
102,"SIES Graduate School of Technology","Nerul","Electronics & Telecommunication",2024,1,"Others",83.1,23650
102,"SIES Graduate School of Technology","Nerul","Mechanical Engineering",2024,1,"Others",67.8,45100
102,"SIES Graduate School of Technology","Nerul","Civil Engineering",2024,1,"Others",62.3,52800
102,"SIES Graduate School of Technology","Nerul","Automobile Engineering",2024,1,"Others",56.8,60500
102,"SIES Graduate School of Technology","Nerul","Computer Engineering",2024,2,"Open",82.76,24150
102,"SIES Graduate School of Technology","Nerul","Information Technology",2024,2,"Open",90.96,12650
102,"SIES Graduate School of Technology","Nerul","Electronics & Telecommunication",2024,2,"Open",83.56,23000
102,"SIES Graduate School of Technology","Nerul","Mechanical Engineering",2024,2,"Open",68.26,44450
102,"SIES Graduate School of Technology","Nerul","Civil Engineering",2024,2,"Open",62.76,52150
102,"SIES Graduate School of Technology","Nerul","Automobile Engineering",2024,2,"Open",57.26,59850
102,"SIES Graduate School of Technology","Nerul","Computer Engineering",2024,2,"OBC",82.76,24150
102,"SIES Graduate School of Technology","Nerul","Information Technology",2024,2,"OBC",90.96,12650
102,"SIES Graduate School of Technology","Nerul","Electronics & Telecommunication",2024,2,"OBC",83.56,23000
102,"SIES Graduate School of Technology","Nerul","Mechanical Engineering",2024,2,"OBC",68.26,44450
102,"SIES Graduate School of Technology","Nerul","Civil Engineering",2024,2,"OBC",62.76,52150
102,"SIES Graduate School of Technology","Nerul","Automobile Engineering",2024,2,"OBC",57.26,59850
102,"SIES Graduate School of Technology","Nerul","Computer Engineering",2024,2,"NT",81.96,25250
102,"SIES Graduate School of Technology","Nerul","Information Technology",2024,2,"NT",90.16,13800
102,"SIES Graduate School of Technology","Nerul","Electronics & Telecommunication",2024,2,"NT",82.76,24150
102,"SIES Graduate School of Technology","Nerul","Mechanical Engineering",2024,2,"NT",67.46,45550
102,"SIES Graduate School of Technology","Nerul","Civil Engineering",2024,2,"NT",61.96,53250
102,"SIES Graduate School of Technology","Nerul","Automobile Engineering",2024,2,"NT",56.46,60950
102,"SIES Graduate School of Technology","Nerul","Computer Engineering",2024,2,"SC",80.26,27650
102,"SIES Graduate School of Technology","Nerul","Information Technology",2024,2,"SC",88.46,16150
102,"SIES Graduate School of Technology","Nerul","Electronics & Telecommunication",2024,2,"SC",81.06,26500
102,"SIES Graduate School of Technology","Nerul","Mechanical Engineering",2024,2,"SC",65.76,47950
102,"SIES Graduate School of Technology","Nerul","Civil Engineering",2024,2,"SC",60.26,55650
102,"SIES Graduate School of Technology","Nerul","Automobile Engineering",2024,2,"SC",54.76,63350
102,"SIES Graduate School of Technology","Nerul","Computer Engineering",2024,2,"ST",78.76,29750
102,"SIES Graduate School of Technology","Nerul","Information Technology",2024,2,"ST",86.96,18250
102,"SIES Graduate School of Technology","Nerul","Electronics & Telecommunication",2024,2,"ST",79.56,28600
102,"SIES Graduate School of Technology","Nerul","Mechanical Engineering",2024,2,"ST",64.26,50050
102,"SIES Graduate School of Technology","Nerul","Civil Engineering",2024,2,"ST",58.76,57750
102,"SIES Graduate School of Technology","Nerul","Automobile Engineering",2024,2,"ST",53.26,65450
102,"SIES Graduate School of Technology","Nerul","Computer Engineering",2024,2,"Others",81.56,25800
102,"SIES Graduate School of Technology","Nerul","Information Technology",2024,2,"Others",89.76,14350
102,"SIES Graduate School of Technology","Nerul","Electronics & Telecommunication",2024,2,"Others",82.36,24700
102,"SIES Graduate School of Technology","Nerul","Mechanical Engineering",2024,2,"Others",67.06,46100
102,"SIES Graduate School of Technology","Nerul","Civil Engineering",2024,2,"Others",61.56,53800
102,"SIES Graduate School of Technology","Nerul","Automobile Engineering",2024,2,"Others",56.06,61500
102,"SIES Graduate School of Technology","Nerul","Computer Engineering",2024,3,"Open",82.02,25150
102,"SIES Graduate School of Technology","Nerul","Information Technology",2024,3,"Open",90.22,13700
102,"SIES Graduate School of Technology","Nerul","Electronics & Telecommunication",2024,3,"Open",82.82,24050
102,"SIES Graduate School of Technology","Nerul","Mechanical Engineering",2024,3,"Open",67.52,45450
102,"SIES Graduate School of Technology","Nerul","Civil Engineering",2024,3,"Open",62.02,53150
102,"SIES Graduate School of Technology","Nerul","Automobile Engineering",2024,3,"Open",56.52,60850
102,"SIES Graduate School of Technology","Nerul","Computer Engineering",2024,3,"OBC",82.02,25150
102,"SIES Graduate School of Technology","Nerul","Information Technology",2024,3,"OBC",90.22,13700
102,"SIES Graduate School of Technology","Nerul","Electronics & Telecommunication",2024,3,"OBC",82.82,24050
102,"SIES Graduate School of Technology","Nerul","Mechanical Engineering",2024,3,"OBC",67.52,45450
102,"SIES Graduate School of Technology","Nerul","Civil Engineering",2024,3,"OBC",62.02,53150
102,"SIES Graduate School of Technology","Nerul","Automobile Engineering",2024,3,"OBC",56.52,60850
102,"SIES Graduate School of Technology","Nerul","Computer Engineering",2024,3,"NT",81.22,26300
102,"SIES Graduate School of Technology","Nerul","Information Technology",2024,3,"NT",89.42,14800
102,"SIES Graduate School of Technology","Nerul","Electronics & Telecommunication",2024,3,"NT",82.02,25150
102,"SIES Graduate School of Technology","Nerul","Mechanical Engineering",2024,3,"NT",66.72,46600
102,"SIES Graduate School of Technology","Nerul","Civil Engineering",2024,3,"NT",61.22,54300
102,"SIES Graduate School of Technology","Nerul","Automobile Engineering",2024,3,"NT",55.72,62000
102,"SIES Graduate School of Technology","Nerul","Computer Engineering",2024,3,"SC",79.52,28650
102,"SIES Graduate School of Technology","Nerul","Information Technology",2024,3,"SC",87.72,17200
102,"SIES Graduate School of Technology","Nerul","Electronics & Telecommunication",2024,3,"SC",80.32,27550
102,"SIES Graduate School of Technology","Nerul","Mechanical Engineering",2024,3,"SC",65.02,48950
102,"SIES Graduate School of Technology","Nerul","Civil Engineering",2024,3,"SC",59.52,56650
102,"SIES Graduate School of Technology","Nerul","Automobile Engineering",2024,3,"SC",54.02,64350
102,"SIES Graduate School of Technology","Nerul","Computer Engineering",2024,3,"ST",78.02,30750
102,"SIES Graduate School of Technology","Nerul","Information Technology",2024,3,"ST",86.22,19300
102,"SIES Graduate School of Technology","Nerul","Electronics & Telecommunication",2024,3,"ST",78.82,29650
102,"SIES Graduate School of Technology","Nerul","Mechanical Engineering",2024,3,"ST",63.52,51050
102,"SIES Graduate School of Technology","Nerul","Civil Engineering",2024,3,"ST",58.02,58750
102,"SIES Graduate School of Technology","Nerul","Automobile Engineering",2024,3,"ST",52.52,66450
102,"SIES Graduate School of Technology","Nerul","Computer Engineering",2024,3,"Others",80.82,26850
102,"SIES Graduate School of Technology","Nerul","Information Technology",2024,3,"Others",89.02,15350
102,"SIES Graduate School of Technology","Nerul","Electronics & Telecommunication",2024,3,"Others",81.62,25750
102,"SIES Graduate School of Technology","Nerul","Mechanical Engineering",2024,3,"Others",66.32,47150
102,"SIES Graduate School of Technology","Nerul","Civil Engineering",2024,3,"Others",60.82,54850
102,"SIES Graduate School of Technology","Nerul","Automobile Engineering",2024,3,"Others",55.32,62550
102,"SIES Graduate School of Technology","Nerul","Computer Engineering",2025,1,"Open",83.74,22750
102,"SIES Graduate School of Technology","Nerul","Information Technology",2025,1,"Open",91.94,11300
102,"SIES Graduate School of Technology","Nerul","Electronics & Telecommunication",2025,1,"Open",84.54,21650
102,"SIES Graduate School of Technology","Nerul","Mechanical Engineering",2025,1,"Open",69.24,43050
102,"SIES Graduate School of Technology","Nerul","Civil Engineering",2025,1,"Open",63.74,50750
102,"SIES Graduate School of Technology","Nerul","Automobile Engineering",2025,1,"Open",58.24,58450
102,"SIES Graduate School of Technology","Nerul","Computer Engineering",2025,1,"OBC",83.74,22750
102,"SIES Graduate School of Technology","Nerul","Information Technology",2025,1,"OBC",91.94,11300
102,"SIES Graduate School of Technology","Nerul","Electronics & Telecommunication",2025,1,"OBC",84.54,21650
102,"SIES Graduate School of Technology","Nerul","Mechanical Engineering",2025,1,"OBC",69.24,43050
102,"SIES Graduate School of Technology","Nerul","Civil Engineering",2025,1,"OBC",63.74,50750
102,"SIES Graduate School of Technology","Nerul","Automobile Engineering",2025,1,"OBC",58.24,58450
102,"SIES Graduate School of Technology","Nerul","Computer Engineering",2025,1,"NT",82.94,23900
102,"SIES Graduate School of Technology","Nerul","Information Technology",2025,1,"NT",91.14,12400
102,"SIES Graduate School of Technology","Nerul","Electronics & Telecommunication",2025,1,"NT",83.74,22750
102,"SIES Graduate School of Technology","Nerul","Mechanical Engineering",2025,1,"NT",68.44,44200
102,"SIES Graduate School of Technology","Nerul","Civil Engineering",2025,1,"NT",62.94,51900
102,"SIES Graduate School of Technology","Nerul","Automobile Engineering",2025,1,"NT",57.44,59600
102,"SIES Graduate School of Technology","Nerul","Computer Engineering",2025,1,"SC",81.24,26250
102,"SIES Graduate School of Technology","Nerul","Information Technology",2025,1,"SC",89.44,14800
102,"SIES Graduate School of Technology","Nerul","Electronics & Telecommunication",2025,1,"SC",82.04,25150
102,"SIES Graduate School of Technology","Nerul","Mechanical Engineering",2025,1,"SC",66.74,46550
102,"SIES Graduate School of Technology","Nerul","Civil Engineering",2025,1,"SC",61.24,54250
102,"SIES Graduate School of Technology","Nerul","Automobile Engineering",2025,1,"SC",55.74,61950
102,"SIES Graduate School of Technology","Nerul","Computer Engineering",2025,1,"ST",79.74,28350
102,"SIES Graduate School of Technology","Nerul","Information Technology",2025,1,"ST",87.94,16900
102,"SIES Graduate School of Technology","Nerul","Electronics & Telecommunication",2025,1,"ST",80.54,27250
102,"SIES Graduate School of Technology","Nerul","Mechanical Engineering",2025,1,"ST",65.24,48650
102,"SIES Graduate School of Technology","Nerul","Civil Engineering",2025,1,"ST",59.74,56350
102,"SIES Graduate School of Technology","Nerul","Automobile Engineering",2025,1,"ST",54.24,64050
102,"SIES Graduate School of Technology","Nerul","Computer Engineering",2025,1,"Others",82.54,24450
102,"SIES Graduate School of Technology","Nerul","Information Technology",2025,1,"Others",90.74,12950
102,"SIES Graduate School of Technology","Nerul","Electronics & Telecommunication",2025,1,"Others",83.34,23300
102,"SIES Graduate School of Technology","Nerul","Mechanical Engineering",2025,1,"Others",68.04,44750
102,"SIES Graduate School of Technology","Nerul","Civil Engineering",2025,1,"Others",62.54,52450
102,"SIES Graduate School of Technology","Nerul","Automobile Engineering",2025,1,"Others",57.04,60150
102,"SIES Graduate School of Technology","Nerul","Computer Engineering",2025,2,"Open",83.4,23250
102,"SIES Graduate School of Technology","Nerul","Information Technology",2025,2,"Open",91.6,11750
102,"SIES Graduate School of Technology","Nerul","Electronics & Telecommunication",2025,2,"Open",84.2,22100
102,"SIES Graduate School of Technology","Nerul","Mechanical Engineering",2025,2,"Open",68.9,43550
102,"SIES Graduate School of Technology","Nerul","Civil Engineering",2025,2,"Open",63.4,51250
102,"SIES Graduate School of Technology","Nerul","Automobile Engineering",2025,2,"Open",57.9,58950
102,"SIES Graduate School of Technology","Nerul","Computer Engineering",2025,2,"OBC",83.4,23250
102,"SIES Graduate School of Technology","Nerul","Information Technology",2025,2,"OBC",91.6,11750
102,"SIES Graduate School of Technology","Nerul","Electronics & Telecommunication",2025,2,"OBC",84.2,22100
102,"SIES Graduate School of Technology","Nerul","Mechanical Engineering",2025,2,"OBC",68.9,43550
102,"SIES Graduate School of Technology","Nerul","Civil Engineering",2025,2,"OBC",63.4,51250
102,"SIES Graduate School of Technology","Nerul","Automobile Engineering",2025,2,"OBC",57.9,58950
102,"SIES Graduate School of Technology","Nerul","Computer Engineering",2025,2,"NT",82.6,24350
102,"SIES Graduate School of Technology","Nerul","Information Technology",2025,2,"NT",90.8,12900
102,"SIES Graduate School of Technology","Nerul","Electronics & Telecommunication",2025,2,"NT",83.4,23250
102,"SIES Graduate School of Technology","Nerul","Mechanical Engineering",2025,2,"NT",68.1,44650
102,"SIES Graduate School of Technology","Nerul","Civil Engineering",2025,2,"NT",62.6,52350
102,"SIES Graduate School of Technology","Nerul","Automobile Engineering",2025,2,"NT",57.1,60050
102,"SIES Graduate School of Technology","Nerul","Computer Engineering",2025,2,"SC",80.9,26750
102,"SIES Graduate School of Technology","Nerul","Information Technology",2025,2,"SC",89.1,15250
102,"SIES Graduate School of Technology","Nerul","Electronics & Telecommunication",2025,2,"SC",81.7,25600
102,"SIES Graduate School of Technology","Nerul","Mechanical Engineering",2025,2,"SC",66.4,47050
102,"SIES Graduate School of Technology","Nerul","Civil Engineering",2025,2,"SC",60.9,54750
102,"SIES Graduate School of Technology","Nerul","Automobile Engineering",2025,2,"SC",55.4,62450
102,"SIES Graduate School of Technology","Nerul","Computer Engineering",2025,2,"ST",79.4,28850
102,"SIES Graduate School of Technology","Nerul","Information Technology",2025,2,"ST",87.6,17350
102,"SIES Graduate School of Technology","Nerul","Electronics & Telecommunication",2025,2,"ST",80.2,27700
102,"SIES Graduate School of Technology","Nerul","Mechanical Engineering",2025,2,"ST",64.9,49150
102,"SIES Graduate School of Technology","Nerul","Civil Engineering",2025,2,"ST",59.4,56850
102,"SIES Graduate School of Technology","Nerul","Automobile Engineering",2025,2,"ST",53.9,64550
102,"SIES Graduate School of Technology","Nerul","Computer Engineering",2025,2,"Others",82.2,24900
102,"SIES Graduate School of Technology","Nerul","Information Technology",2025,2,"Others",90.4,13450
102,"SIES Graduate School of Technology","Nerul","Electronics & Telecommunication",2025,2,"Others",83,23800
102,"SIES Graduate School of Technology","Nerul","Mechanical Engineering",2025,2,"Others",67.7,45200
102,"SIES Graduate School of Technology","Nerul","Civil Engineering",2025,2,"Others",62.2,52900
102,"SIES Graduate School of Technology","Nerul","Automobile Engineering",2025,2,"Others",56.7,60600
102,"SIES Graduate School of Technology","Nerul","Computer Engineering",2025,3,"Open",82.66,24300
102,"SIES Graduate School of Technology","Nerul","Information Technology",2025,3,"Open",90.86,12800
102,"SIES Graduate School of Technology","Nerul","Electronics & Telecommunication",2025,3,"Open",83.46,23150
102,"SIES Graduate School of Technology","Nerul","Mechanical Engineering",2025,3,"Open",68.16,44600
102,"SIES Graduate School of Technology","Nerul","Civil Engineering",2025,3,"Open",62.66,52300
102,"SIES Graduate School of Technology","Nerul","Automobile Engineering",2025,3,"Open",57.16,60000
102,"SIES Graduate School of Technology","Nerul","Computer Engineering",2025,3,"OBC",82.66,24300
102,"SIES Graduate School of Technology","Nerul","Information Technology",2025,3,"OBC",90.86,12800
102,"SIES Graduate School of Technology","Nerul","Electronics & Telecommunication",2025,3,"OBC",83.46,23150
102,"SIES Graduate School of Technology","Nerul","Mechanical Engineering",2025,3,"OBC",68.16,44600
102,"SIES Graduate School of Technology","Nerul","Civil Engineering",2025,3,"OBC",62.66,52300
102,"SIES Graduate School of Technology","Nerul","Automobile Engineering",2025,3,"OBC",57.16,60000
102,"SIES Graduate School of Technology","Nerul","Computer Engineering",2025,3,"NT",81.86,25400
102,"SIES Graduate School of Technology","Nerul","Information Technology",2025,3,"NT",90.06,13900
102,"SIES Graduate School of Technology","Nerul","Electronics & Telecommunication",2025,3,"NT",82.66,24300
102,"SIES Graduate School of Technology","Nerul","Mechanical Engineering",2025,3,"NT",67.36,45700
102,"SIES Graduate School of Technology","Nerul","Civil Engineering",2025,3,"NT",61.86,53400
102,"SIES Graduate School of Technology","Nerul","Automobile Engineering",2025,3,"NT",56.36,61100
102,"SIES Graduate School of Technology","Nerul","Computer Engineering",2025,3,"SC",80.16,27800
102,"SIES Graduate School of Technology","Nerul","Information Technology",2025,3,"SC",88.36,16300
102,"SIES Graduate School of Technology","Nerul","Electronics & Telecommunication",2025,3,"SC",80.96,26650
102,"SIES Graduate School of Technology","Nerul","Mechanical Engineering",2025,3,"SC",65.66,48100
102,"SIES Graduate School of Technology","Nerul","Civil Engineering",2025,3,"SC",60.16,55800
102,"SIES Graduate School of Technology","Nerul","Automobile Engineering",2025,3,"SC",54.66,63500
102,"SIES Graduate School of Technology","Nerul","Computer Engineering",2025,3,"ST",78.66,29900
102,"SIES Graduate School of Technology","Nerul","Information Technology",2025,3,"ST",86.86,18400
102,"SIES Graduate School of Technology","Nerul","Electronics & Telecommunication",2025,3,"ST",79.46,28750
102,"SIES Graduate School of Technology","Nerul","Mechanical Engineering",2025,3,"ST",64.16,50200
102,"SIES Graduate School of Technology","Nerul","Civil Engineering",2025,3,"ST",58.66,57900
102,"SIES Graduate School of Technology","Nerul","Automobile Engineering",2025,3,"ST",53.16,65600
102,"SIES Graduate School of Technology","Nerul","Computer Engineering",2025,3,"Others",81.46,25950
102,"SIES Graduate School of Technology","Nerul","Information Technology",2025,3,"Others",89.66,14500
102,"SIES Graduate School of Technology","Nerul","Electronics & Telecommunication",2025,3,"Others",82.26,24850
102,"SIES Graduate School of Technology","Nerul","Mechanical Engineering",2025,3,"Others",66.96,46250
102,"SIES Graduate School of Technology","Nerul","Civil Engineering",2025,3,"Others",61.46,53950
102,"SIES Graduate School of Technology","Nerul","Automobile Engineering",2025,3,"Others",55.96,61650
103,"Pillai College of Engineering (PCE)","New Panvel","Computer Engineering",2021,1,"Open",79.82,28250
103,"Pillai College of Engineering (PCE)","New Panvel","Information Technology",2021,1,"Open",88.02,16750
103,"Pillai College of Engineering (PCE)","New Panvel","Electronics & Telecommunication",2021,1,"Open",80.62,27150
103,"Pillai College of Engineering (PCE)","New Panvel","Mechanical Engineering",2021,1,"Open",65.32,48550
103,"Pillai College of Engineering (PCE)","New Panvel","Civil Engineering",2021,1,"Open",59.82,56250
103,"Pillai College of Engineering (PCE)","New Panvel","Automobile Engineering",2021,1,"Open",54.32,63950
103,"Pillai College of Engineering (PCE)","New Panvel","Computer Engineering",2021,1,"OBC",79.82,28250
103,"Pillai College of Engineering (PCE)","New Panvel","Information Technology",2021,1,"OBC",88.02,16750
103,"Pillai College of Engineering (PCE)","New Panvel","Electronics & Telecommunication",2021,1,"OBC",80.62,27150
103,"Pillai College of Engineering (PCE)","New Panvel","Mechanical Engineering",2021,1,"OBC",65.32,48550
103,"Pillai College of Engineering (PCE)","New Panvel","Civil Engineering",2021,1,"OBC",59.82,56250
103,"Pillai College of Engineering (PCE)","New Panvel","Automobile Engineering",2021,1,"OBC",54.32,63950
103,"Pillai College of Engineering (PCE)","New Panvel","Computer Engineering",2021,1,"NT",79.02,29350
103,"Pillai College of Engineering (PCE)","New Panvel","Information Technology",2021,1,"NT",87.22,17900
103,"Pillai College of Engineering (PCE)","New Panvel","Electronics & Telecommunication",2021,1,"NT",79.82,28250
103,"Pillai College of Engineering (PCE)","New Panvel","Mechanical Engineering",2021,1,"NT",64.52,49650
103,"Pillai College of Engineering (PCE)","New Panvel","Civil Engineering",2021,1,"NT",59.02,57350
103,"Pillai College of Engineering (PCE)","New Panvel","Automobile Engineering",2021,1,"NT",53.52,65050
103,"Pillai College of Engineering (PCE)","New Panvel","Computer Engineering",2021,1,"SC",77.32,31750
103,"Pillai College of Engineering (PCE)","New Panvel","Information Technology",2021,1,"SC",85.52,20250
103,"Pillai College of Engineering (PCE)","New Panvel","Electronics & Telecommunication",2021,1,"SC",78.12,30650
103,"Pillai College of Engineering (PCE)","New Panvel","Mechanical Engineering",2021,1,"SC",62.82,52050
103,"Pillai College of Engineering (PCE)","New Panvel","Civil Engineering",2021,1,"SC",57.32,59750
103,"Pillai College of Engineering (PCE)","New Panvel","Automobile Engineering",2021,1,"SC",51.82,67450
103,"Pillai College of Engineering (PCE)","New Panvel","Computer Engineering",2021,1,"ST",75.82,33850
103,"Pillai College of Engineering (PCE)","New Panvel","Information Technology",2021,1,"ST",84.02,22350
103,"Pillai College of Engineering (PCE)","New Panvel","Electronics & Telecommunication",2021,1,"ST",76.62,32750
103,"Pillai College of Engineering (PCE)","New Panvel","Mechanical Engineering",2021,1,"ST",61.32,54150
103,"Pillai College of Engineering (PCE)","New Panvel","Civil Engineering",2021,1,"ST",55.82,61850
103,"Pillai College of Engineering (PCE)","New Panvel","Automobile Engineering",2021,1,"ST",50.32,69550
103,"Pillai College of Engineering (PCE)","New Panvel","Computer Engineering",2021,1,"Others",78.62,29950
103,"Pillai College of Engineering (PCE)","New Panvel","Information Technology",2021,1,"Others",86.82,18450
103,"Pillai College of Engineering (PCE)","New Panvel","Electronics & Telecommunication",2021,1,"Others",79.42,28800
103,"Pillai College of Engineering (PCE)","New Panvel","Mechanical Engineering",2021,1,"Others",64.12,50250
103,"Pillai College of Engineering (PCE)","New Panvel","Civil Engineering",2021,1,"Others",58.62,57950
103,"Pillai College of Engineering (PCE)","New Panvel","Automobile Engineering",2021,1,"Others",53.12,65650
103,"Pillai College of Engineering (PCE)","New Panvel","Computer Engineering",2021,2,"Open",79.08,29300
103,"Pillai College of Engineering (PCE)","New Panvel","Information Technology",2021,2,"Open",87.28,17800
103,"Pillai College of Engineering (PCE)","New Panvel","Electronics & Telecommunication",2021,2,"Open",79.88,28150
103,"Pillai College of Engineering (PCE)","New Panvel","Mechanical Engineering",2021,2,"Open",64.58,49600
103,"Pillai College of Engineering (PCE)","New Panvel","Civil Engineering",2021,2,"Open",59.08,57300
103,"Pillai College of Engineering (PCE)","New Panvel","Automobile Engineering",2021,2,"Open",53.58,65000
103,"Pillai College of Engineering (PCE)","New Panvel","Computer Engineering",2021,2,"OBC",79.08,29300
103,"Pillai College of Engineering (PCE)","New Panvel","Information Technology",2021,2,"OBC",87.28,17800
103,"Pillai College of Engineering (PCE)","New Panvel","Electronics & Telecommunication",2021,2,"OBC",79.88,28150
103,"Pillai College of Engineering (PCE)","New Panvel","Mechanical Engineering",2021,2,"OBC",64.58,49600
103,"Pillai College of Engineering (PCE)","New Panvel","Civil Engineering",2021,2,"OBC",59.08,57300
103,"Pillai College of Engineering (PCE)","New Panvel","Automobile Engineering",2021,2,"OBC",53.58,65000
103,"Pillai College of Engineering (PCE)","New Panvel","Computer Engineering",2021,2,"NT",78.28,30400
103,"Pillai College of Engineering (PCE)","New Panvel","Information Technology",2021,2,"NT",86.48,18950
103,"Pillai College of Engineering (PCE)","New Panvel","Electronics & Telecommunication",2021,2,"NT",79.08,29300
103,"Pillai College of Engineering (PCE)","New Panvel","Mechanical Engineering",2021,2,"NT",63.78,50700
103,"Pillai College of Engineering (PCE)","New Panvel","Civil Engineering",2021,2,"NT",58.28,58400
103,"Pillai College of Engineering (PCE)","New Panvel","Automobile Engineering",2021,2,"NT",52.78,66100
103,"Pillai College of Engineering (PCE)","New Panvel","Computer Engineering",2021,2,"SC",76.58,32800
103,"Pillai College of Engineering (PCE)","New Panvel","Information Technology",2021,2,"SC",84.78,21300
103,"Pillai College of Engineering (PCE)","New Panvel","Electronics & Telecommunication",2021,2,"SC",77.38,31650
103,"Pillai College of Engineering (PCE)","New Panvel","Mechanical Engineering",2021,2,"SC",62.08,53100
103,"Pillai College of Engineering (PCE)","New Panvel","Civil Engineering",2021,2,"SC",56.58,60800
103,"Pillai College of Engineering (PCE)","New Panvel","Automobile Engineering",2021,2,"SC",51.08,68500
103,"Pillai College of Engineering (PCE)","New Panvel","Computer Engineering",2021,2,"ST",75.08,34900
103,"Pillai College of Engineering (PCE)","New Panvel","Information Technology",2021,2,"ST",83.28,23400
103,"Pillai College of Engineering (PCE)","New Panvel","Electronics & Telecommunication",2021,2,"ST",75.88,33750
103,"Pillai College of Engineering (PCE)","New Panvel","Mechanical Engineering",2021,2,"ST",60.58,55200
103,"Pillai College of Engineering (PCE)","New Panvel","Civil Engineering",2021,2,"ST",55.08,62900
103,"Pillai College of Engineering (PCE)","New Panvel","Automobile Engineering",2021,2,"ST",49.58,70600
103,"Pillai College of Engineering (PCE)","New Panvel","Computer Engineering",2021,2,"Others",77.88,30950
103,"Pillai College of Engineering (PCE)","New Panvel","Information Technology",2021,2,"Others",86.08,19500
103,"Pillai College of Engineering (PCE)","New Panvel","Electronics & Telecommunication",2021,2,"Others",78.68,29850
103,"Pillai College of Engineering (PCE)","New Panvel","Mechanical Engineering",2021,2,"Others",63.38,51250
103,"Pillai College of Engineering (PCE)","New Panvel","Civil Engineering",2021,2,"Others",57.88,58950
103,"Pillai College of Engineering (PCE)","New Panvel","Automobile Engineering",2021,2,"Others",52.38,66650
103,"Pillai College of Engineering (PCE)","New Panvel","Computer Engineering",2021,3,"Open",78.74,29750
103,"Pillai College of Engineering (PCE)","New Panvel","Information Technology",2021,3,"Open",86.94,18300
103,"Pillai College of Engineering (PCE)","New Panvel","Electronics & Telecommunication",2021,3,"Open",79.54,28650
103,"Pillai College of Engineering (PCE)","New Panvel","Mechanical Engineering",2021,3,"Open",64.24,50050
103,"Pillai College of Engineering (PCE)","New Panvel","Civil Engineering",2021,3,"Open",58.74,57750
103,"Pillai College of Engineering (PCE)","New Panvel","Automobile Engineering",2021,3,"Open",53.24,65450
103,"Pillai College of Engineering (PCE)","New Panvel","Computer Engineering",2021,3,"OBC",78.74,29750
103,"Pillai College of Engineering (PCE)","New Panvel","Information Technology",2021,3,"OBC",86.94,18300
103,"Pillai College of Engineering (PCE)","New Panvel","Electronics & Telecommunication",2021,3,"OBC",79.54,28650
103,"Pillai College of Engineering (PCE)","New Panvel","Mechanical Engineering",2021,3,"OBC",64.24,50050
103,"Pillai College of Engineering (PCE)","New Panvel","Civil Engineering",2021,3,"OBC",58.74,57750
103,"Pillai College of Engineering (PCE)","New Panvel","Automobile Engineering",2021,3,"OBC",53.24,65450
103,"Pillai College of Engineering (PCE)","New Panvel","Computer Engineering",2021,3,"NT",77.94,30900
103,"Pillai College of Engineering (PCE)","New Panvel","Information Technology",2021,3,"NT",86.14,19400
103,"Pillai College of Engineering (PCE)","New Panvel","Electronics & Telecommunication",2021,3,"NT",78.74,29750
103,"Pillai College of Engineering (PCE)","New Panvel","Mechanical Engineering",2021,3,"NT",63.44,51200
103,"Pillai College of Engineering (PCE)","New Panvel","Civil Engineering",2021,3,"NT",57.94,58900
103,"Pillai College of Engineering (PCE)","New Panvel","Automobile Engineering",2021,3,"NT",52.44,66600
103,"Pillai College of Engineering (PCE)","New Panvel","Computer Engineering",2021,3,"SC",76.24,33250
103,"Pillai College of Engineering (PCE)","New Panvel","Information Technology",2021,3,"SC",84.44,21800
103,"Pillai College of Engineering (PCE)","New Panvel","Electronics & Telecommunication",2021,3,"SC",77.04,32150
103,"Pillai College of Engineering (PCE)","New Panvel","Mechanical Engineering",2021,3,"SC",61.74,53550
103,"Pillai College of Engineering (PCE)","New Panvel","Civil Engineering",2021,3,"SC",56.24,61250
103,"Pillai College of Engineering (PCE)","New Panvel","Automobile Engineering",2021,3,"SC",50.74,68950
103,"Pillai College of Engineering (PCE)","New Panvel","Computer Engineering",2021,3,"ST",74.74,35350
103,"Pillai College of Engineering (PCE)","New Panvel","Information Technology",2021,3,"ST",82.94,23900
103,"Pillai College of Engineering (PCE)","New Panvel","Electronics & Telecommunication",2021,3,"ST",75.54,34250
103,"Pillai College of Engineering (PCE)","New Panvel","Mechanical Engineering",2021,3,"ST",60.24,55650
103,"Pillai College of Engineering (PCE)","New Panvel","Civil Engineering",2021,3,"ST",54.74,63350
103,"Pillai College of Engineering (PCE)","New Panvel","Automobile Engineering",2021,3,"ST",49.24,71050
103,"Pillai College of Engineering (PCE)","New Panvel","Computer Engineering",2021,3,"Others",77.54,31450
103,"Pillai College of Engineering (PCE)","New Panvel","Information Technology",2021,3,"Others",85.74,19950
103,"Pillai College of Engineering (PCE)","New Panvel","Electronics & Telecommunication",2021,3,"Others",78.34,30300
103,"Pillai College of Engineering (PCE)","New Panvel","Mechanical Engineering",2021,3,"Others",63.04,51750
103,"Pillai College of Engineering (PCE)","New Panvel","Civil Engineering",2021,3,"Others",57.54,59450
103,"Pillai College of Engineering (PCE)","New Panvel","Automobile Engineering",2021,3,"Others",52.04,67150
103,"Pillai College of Engineering (PCE)","New Panvel","Computer Engineering",2022,1,"Open",80.56,27200
103,"Pillai College of Engineering (PCE)","New Panvel","Information Technology",2022,1,"Open",88.76,15750
103,"Pillai College of Engineering (PCE)","New Panvel","Electronics & Telecommunication",2022,1,"Open",81.36,26100
103,"Pillai College of Engineering (PCE)","New Panvel","Mechanical Engineering",2022,1,"Open",66.06,47500
103,"Pillai College of Engineering (PCE)","New Panvel","Civil Engineering",2022,1,"Open",60.56,55200
103,"Pillai College of Engineering (PCE)","New Panvel","Automobile Engineering",2022,1,"Open",55.06,62900
103,"Pillai College of Engineering (PCE)","New Panvel","Computer Engineering",2022,1,"OBC",80.56,27200
103,"Pillai College of Engineering (PCE)","New Panvel","Information Technology",2022,1,"OBC",88.76,15750
103,"Pillai College of Engineering (PCE)","New Panvel","Electronics & Telecommunication",2022,1,"OBC",81.36,26100
103,"Pillai College of Engineering (PCE)","New Panvel","Mechanical Engineering",2022,1,"OBC",66.06,47500
103,"Pillai College of Engineering (PCE)","New Panvel","Civil Engineering",2022,1,"OBC",60.56,55200
103,"Pillai College of Engineering (PCE)","New Panvel","Automobile Engineering",2022,1,"OBC",55.06,62900
103,"Pillai College of Engineering (PCE)","New Panvel","Computer Engineering",2022,1,"NT",79.76,28350
103,"Pillai College of Engineering (PCE)","New Panvel","Information Technology",2022,1,"NT",87.96,16850
103,"Pillai College of Engineering (PCE)","New Panvel","Electronics & Telecommunication",2022,1,"NT",80.56,27200
103,"Pillai College of Engineering (PCE)","New Panvel","Mechanical Engineering",2022,1,"NT",65.26,48650
103,"Pillai College of Engineering (PCE)","New Panvel","Civil Engineering",2022,1,"NT",59.76,56350
103,"Pillai College of Engineering (PCE)","New Panvel","Automobile Engineering",2022,1,"NT",54.26,64050
103,"Pillai College of Engineering (PCE)","New Panvel","Computer Engineering",2022,1,"SC",78.06,30700
103,"Pillai College of Engineering (PCE)","New Panvel","Information Technology",2022,1,"SC",86.26,19250
103,"Pillai College of Engineering (PCE)","New Panvel","Electronics & Telecommunication",2022,1,"SC",78.86,29600
103,"Pillai College of Engineering (PCE)","New Panvel","Mechanical Engineering",2022,1,"SC",63.56,51000
103,"Pillai College of Engineering (PCE)","New Panvel","Civil Engineering",2022,1,"SC",58.06,58700
103,"Pillai College of Engineering (PCE)","New Panvel","Automobile Engineering",2022,1,"SC",52.56,66400
103,"Pillai College of Engineering (PCE)","New Panvel","Computer Engineering",2022,1,"ST",76.56,32800
103,"Pillai College of Engineering (PCE)","New Panvel","Information Technology",2022,1,"ST",84.76,21350
103,"Pillai College of Engineering (PCE)","New Panvel","Electronics & Telecommunication",2022,1,"ST",77.36,31700
103,"Pillai College of Engineering (PCE)","New Panvel","Mechanical Engineering",2022,1,"ST",62.06,53100
103,"Pillai College of Engineering (PCE)","New Panvel","Civil Engineering",2022,1,"ST",56.56,60800
103,"Pillai College of Engineering (PCE)","New Panvel","Automobile Engineering",2022,1,"ST",51.06,68500
103,"Pillai College of Engineering (PCE)","New Panvel","Computer Engineering",2022,1,"Others",79.36,28900
103,"Pillai College of Engineering (PCE)","New Panvel","Information Technology",2022,1,"Others",87.56,17400
103,"Pillai College of Engineering (PCE)","New Panvel","Electronics & Telecommunication",2022,1,"Others",80.16,27800
103,"Pillai College of Engineering (PCE)","New Panvel","Mechanical Engineering",2022,1,"Others",64.86,49200
103,"Pillai College of Engineering (PCE)","New Panvel","Civil Engineering",2022,1,"Others",59.36,56900
103,"Pillai College of Engineering (PCE)","New Panvel","Automobile Engineering",2022,1,"Others",53.86,64600
103,"Pillai College of Engineering (PCE)","New Panvel","Computer Engineering",2022,2,"Open",79.82,28250
103,"Pillai College of Engineering (PCE)","New Panvel","Information Technology",2022,2,"Open",88.02,16750
103,"Pillai College of Engineering (PCE)","New Panvel","Electronics & Telecommunication",2022,2,"Open",80.62,27150
103,"Pillai College of Engineering (PCE)","New Panvel","Mechanical Engineering",2022,2,"Open",65.32,48550
103,"Pillai College of Engineering (PCE)","New Panvel","Civil Engineering",2022,2,"Open",59.82,56250
103,"Pillai College of Engineering (PCE)","New Panvel","Automobile Engineering",2022,2,"Open",54.32,63950
103,"Pillai College of Engineering (PCE)","New Panvel","Computer Engineering",2022,2,"OBC",79.82,28250
103,"Pillai College of Engineering (PCE)","New Panvel","Information Technology",2022,2,"OBC",88.02,16750
103,"Pillai College of Engineering (PCE)","New Panvel","Electronics & Telecommunication",2022,2,"OBC",80.62,27150
103,"Pillai College of Engineering (PCE)","New Panvel","Mechanical Engineering",2022,2,"OBC",65.32,48550
103,"Pillai College of Engineering (PCE)","New Panvel","Civil Engineering",2022,2,"OBC",59.82,56250
103,"Pillai College of Engineering (PCE)","New Panvel","Automobile Engineering",2022,2,"OBC",54.32,63950
103,"Pillai College of Engineering (PCE)","New Panvel","Computer Engineering",2022,2,"NT",79.02,29350
103,"Pillai College of Engineering (PCE)","New Panvel","Information Technology",2022,2,"NT",87.22,17900
103,"Pillai College of Engineering (PCE)","New Panvel","Electronics & Telecommunication",2022,2,"NT",79.82,28250
103,"Pillai College of Engineering (PCE)","New Panvel","Mechanical Engineering",2022,2,"NT",64.52,49650
103,"Pillai College of Engineering (PCE)","New Panvel","Civil Engineering",2022,2,"NT",59.02,57350
103,"Pillai College of Engineering (PCE)","New Panvel","Automobile Engineering",2022,2,"NT",53.52,65050
103,"Pillai College of Engineering (PCE)","New Panvel","Computer Engineering",2022,2,"SC",77.32,31750
103,"Pillai College of Engineering (PCE)","New Panvel","Information Technology",2022,2,"SC",85.52,20250
103,"Pillai College of Engineering (PCE)","New Panvel","Electronics & Telecommunication",2022,2,"SC",78.12,30650
103,"Pillai College of Engineering (PCE)","New Panvel","Mechanical Engineering",2022,2,"SC",62.82,52050
103,"Pillai College of Engineering (PCE)","New Panvel","Civil Engineering",2022,2,"SC",57.32,59750
103,"Pillai College of Engineering (PCE)","New Panvel","Automobile Engineering",2022,2,"SC",51.82,67450
103,"Pillai College of Engineering (PCE)","New Panvel","Computer Engineering",2022,2,"ST",75.82,33850
103,"Pillai College of Engineering (PCE)","New Panvel","Information Technology",2022,2,"ST",84.02,22350
103,"Pillai College of Engineering (PCE)","New Panvel","Electronics & Telecommunication",2022,2,"ST",76.62,32750
103,"Pillai College of Engineering (PCE)","New Panvel","Mechanical Engineering",2022,2,"ST",61.32,54150
103,"Pillai College of Engineering (PCE)","New Panvel","Civil Engineering",2022,2,"ST",55.82,61850
103,"Pillai College of Engineering (PCE)","New Panvel","Automobile Engineering",2022,2,"ST",50.32,69550
103,"Pillai College of Engineering (PCE)","New Panvel","Computer Engineering",2022,2,"Others",78.62,29950
103,"Pillai College of Engineering (PCE)","New Panvel","Information Technology",2022,2,"Others",86.82,18450
103,"Pillai College of Engineering (PCE)","New Panvel","Electronics & Telecommunication",2022,2,"Others",79.42,28800
103,"Pillai College of Engineering (PCE)","New Panvel","Mechanical Engineering",2022,2,"Others",64.12,50250
103,"Pillai College of Engineering (PCE)","New Panvel","Civil Engineering",2022,2,"Others",58.62,57950
103,"Pillai College of Engineering (PCE)","New Panvel","Automobile Engineering",2022,2,"Others",53.12,65650
103,"Pillai College of Engineering (PCE)","New Panvel","Computer Engineering",2022,3,"Open",79.08,29300
103,"Pillai College of Engineering (PCE)","New Panvel","Information Technology",2022,3,"Open",87.28,17800
103,"Pillai College of Engineering (PCE)","New Panvel","Electronics & Telecommunication",2022,3,"Open",79.88,28150
103,"Pillai College of Engineering (PCE)","New Panvel","Mechanical Engineering",2022,3,"Open",64.58,49600
103,"Pillai College of Engineering (PCE)","New Panvel","Civil Engineering",2022,3,"Open",59.08,57300
103,"Pillai College of Engineering (PCE)","New Panvel","Automobile Engineering",2022,3,"Open",53.58,65000
103,"Pillai College of Engineering (PCE)","New Panvel","Computer Engineering",2022,3,"OBC",79.08,29300
103,"Pillai College of Engineering (PCE)","New Panvel","Information Technology",2022,3,"OBC",87.28,17800
103,"Pillai College of Engineering (PCE)","New Panvel","Electronics & Telecommunication",2022,3,"OBC",79.88,28150
103,"Pillai College of Engineering (PCE)","New Panvel","Mechanical Engineering",2022,3,"OBC",64.58,49600
103,"Pillai College of Engineering (PCE)","New Panvel","Civil Engineering",2022,3,"OBC",59.08,57300
103,"Pillai College of Engineering (PCE)","New Panvel","Automobile Engineering",2022,3,"OBC",53.58,65000
103,"Pillai College of Engineering (PCE)","New Panvel","Computer Engineering",2022,3,"NT",78.28,30400
103,"Pillai College of Engineering (PCE)","New Panvel","Information Technology",2022,3,"NT",86.48,18950
103,"Pillai College of Engineering (PCE)","New Panvel","Electronics & Telecommunication",2022,3,"NT",79.08,29300
103,"Pillai College of Engineering (PCE)","New Panvel","Mechanical Engineering",2022,3,"NT",63.78,50700
103,"Pillai College of Engineering (PCE)","New Panvel","Civil Engineering",2022,3,"NT",58.28,58400
103,"Pillai College of Engineering (PCE)","New Panvel","Automobile Engineering",2022,3,"NT",52.78,66100
103,"Pillai College of Engineering (PCE)","New Panvel","Computer Engineering",2022,3,"SC",76.58,32800
103,"Pillai College of Engineering (PCE)","New Panvel","Information Technology",2022,3,"SC",84.78,21300
103,"Pillai College of Engineering (PCE)","New Panvel","Electronics & Telecommunication",2022,3,"SC",77.38,31650
103,"Pillai College of Engineering (PCE)","New Panvel","Mechanical Engineering",2022,3,"SC",62.08,53100
103,"Pillai College of Engineering (PCE)","New Panvel","Civil Engineering",2022,3,"SC",56.58,60800
103,"Pillai College of Engineering (PCE)","New Panvel","Automobile Engineering",2022,3,"SC",51.08,68500
103,"Pillai College of Engineering (PCE)","New Panvel","Computer Engineering",2022,3,"ST",75.08,34900
103,"Pillai College of Engineering (PCE)","New Panvel","Information Technology",2022,3,"ST",83.28,23400
103,"Pillai College of Engineering (PCE)","New Panvel","Electronics & Telecommunication",2022,3,"ST",75.88,33750
103,"Pillai College of Engineering (PCE)","New Panvel","Mechanical Engineering",2022,3,"ST",60.58,55200
103,"Pillai College of Engineering (PCE)","New Panvel","Civil Engineering",2022,3,"ST",55.08,62900
103,"Pillai College of Engineering (PCE)","New Panvel","Automobile Engineering",2022,3,"ST",49.58,70600
103,"Pillai College of Engineering (PCE)","New Panvel","Computer Engineering",2022,3,"Others",77.88,30950
103,"Pillai College of Engineering (PCE)","New Panvel","Information Technology",2022,3,"Others",86.08,19500
103,"Pillai College of Engineering (PCE)","New Panvel","Electronics & Telecommunication",2022,3,"Others",78.68,29850
103,"Pillai College of Engineering (PCE)","New Panvel","Mechanical Engineering",2022,3,"Others",63.38,51250
103,"Pillai College of Engineering (PCE)","New Panvel","Civil Engineering",2022,3,"Others",57.88,58950
103,"Pillai College of Engineering (PCE)","New Panvel","Automobile Engineering",2022,3,"Others",52.38,66650
103,"Pillai College of Engineering (PCE)","New Panvel","Computer Engineering",2023,1,"Open",80.9,26750
103,"Pillai College of Engineering (PCE)","New Panvel","Information Technology",2023,1,"Open",89.1,15250
103,"Pillai College of Engineering (PCE)","New Panvel","Electronics & Telecommunication",2023,1,"Open",81.7,25600
103,"Pillai College of Engineering (PCE)","New Panvel","Mechanical Engineering",2023,1,"Open",66.4,47050
103,"Pillai College of Engineering (PCE)","New Panvel","Civil Engineering",2023,1,"Open",60.9,54750
103,"Pillai College of Engineering (PCE)","New Panvel","Automobile Engineering",2023,1,"Open",55.4,62450
103,"Pillai College of Engineering (PCE)","New Panvel","Computer Engineering",2023,1,"OBC",80.9,26750
103,"Pillai College of Engineering (PCE)","New Panvel","Information Technology",2023,1,"OBC",89.1,15250
103,"Pillai College of Engineering (PCE)","New Panvel","Electronics & Telecommunication",2023,1,"OBC",81.7,25600
103,"Pillai College of Engineering (PCE)","New Panvel","Mechanical Engineering",2023,1,"OBC",66.4,47050
103,"Pillai College of Engineering (PCE)","New Panvel","Civil Engineering",2023,1,"OBC",60.9,54750
103,"Pillai College of Engineering (PCE)","New Panvel","Automobile Engineering",2023,1,"OBC",55.4,62450
103,"Pillai College of Engineering (PCE)","New Panvel","Computer Engineering",2023,1,"NT",80.1,27850
103,"Pillai College of Engineering (PCE)","New Panvel","Information Technology",2023,1,"NT",88.3,16400
103,"Pillai College of Engineering (PCE)","New Panvel","Electronics & Telecommunication",2023,1,"NT",80.9,26750
103,"Pillai College of Engineering (PCE)","New Panvel","Mechanical Engineering",2023,1,"NT",65.6,48150
103,"Pillai College of Engineering (PCE)","New Panvel","Civil Engineering",2023,1,"NT",60.1,55850
103,"Pillai College of Engineering (PCE)","New Panvel","Automobile Engineering",2023,1,"NT",54.6,63550
103,"Pillai College of Engineering (PCE)","New Panvel","Computer Engineering",2023,1,"SC",78.4,30250
103,"Pillai College of Engineering (PCE)","New Panvel","Information Technology",2023,1,"SC",86.6,18750
103,"Pillai College of Engineering (PCE)","New Panvel","Electronics & Telecommunication",2023,1,"SC",79.2,29100
103,"Pillai College of Engineering (PCE)","New Panvel","Mechanical Engineering",2023,1,"SC",63.9,50550
103,"Pillai College of Engineering (PCE)","New Panvel","Civil Engineering",2023,1,"SC",58.4,58250
103,"Pillai College of Engineering (PCE)","New Panvel","Automobile Engineering",2023,1,"SC",52.9,65950
103,"Pillai College of Engineering (PCE)","New Panvel","Computer Engineering",2023,1,"ST",76.9,32350
103,"Pillai College of Engineering (PCE)","New Panvel","Information Technology",2023,1,"ST",85.1,20850
103,"Pillai College of Engineering (PCE)","New Panvel","Electronics & Telecommunication",2023,1,"ST",77.7,31200
103,"Pillai College of Engineering (PCE)","New Panvel","Mechanical Engineering",2023,1,"ST",62.4,52650
103,"Pillai College of Engineering (PCE)","New Panvel","Civil Engineering",2023,1,"ST",56.9,60350
103,"Pillai College of Engineering (PCE)","New Panvel","Automobile Engineering",2023,1,"ST",51.4,68050
103,"Pillai College of Engineering (PCE)","New Panvel","Computer Engineering",2023,1,"Others",79.7,28400
103,"Pillai College of Engineering (PCE)","New Panvel","Information Technology",2023,1,"Others",87.9,16950
103,"Pillai College of Engineering (PCE)","New Panvel","Electronics & Telecommunication",2023,1,"Others",80.5,27300
103,"Pillai College of Engineering (PCE)","New Panvel","Mechanical Engineering",2023,1,"Others",65.2,48700
103,"Pillai College of Engineering (PCE)","New Panvel","Civil Engineering",2023,1,"Others",59.7,56400
103,"Pillai College of Engineering (PCE)","New Panvel","Automobile Engineering",2023,1,"Others",54.2,64100
103,"Pillai College of Engineering (PCE)","New Panvel","Computer Engineering",2023,2,"Open",80.56,27200
103,"Pillai College of Engineering (PCE)","New Panvel","Information Technology",2023,2,"Open",88.76,15750
103,"Pillai College of Engineering (PCE)","New Panvel","Electronics & Telecommunication",2023,2,"Open",81.36,26100
103,"Pillai College of Engineering (PCE)","New Panvel","Mechanical Engineering",2023,2,"Open",66.06,47500
103,"Pillai College of Engineering (PCE)","New Panvel","Civil Engineering",2023,2,"Open",60.56,55200
103,"Pillai College of Engineering (PCE)","New Panvel","Automobile Engineering",2023,2,"Open",55.06,62900
103,"Pillai College of Engineering (PCE)","New Panvel","Computer Engineering",2023,2,"OBC",80.56,27200
103,"Pillai College of Engineering (PCE)","New Panvel","Information Technology",2023,2,"OBC",88.76,15750
103,"Pillai College of Engineering (PCE)","New Panvel","Electronics & Telecommunication",2023,2,"OBC",81.36,26100
103,"Pillai College of Engineering (PCE)","New Panvel","Mechanical Engineering",2023,2,"OBC",66.06,47500
103,"Pillai College of Engineering (PCE)","New Panvel","Civil Engineering",2023,2,"OBC",60.56,55200
103,"Pillai College of Engineering (PCE)","New Panvel","Automobile Engineering",2023,2,"OBC",55.06,62900
103,"Pillai College of Engineering (PCE)","New Panvel","Computer Engineering",2023,2,"NT",79.76,28350
103,"Pillai College of Engineering (PCE)","New Panvel","Information Technology",2023,2,"NT",87.96,16850
103,"Pillai College of Engineering (PCE)","New Panvel","Electronics & Telecommunication",2023,2,"NT",80.56,27200
103,"Pillai College of Engineering (PCE)","New Panvel","Mechanical Engineering",2023,2,"NT",65.26,48650
103,"Pillai College of Engineering (PCE)","New Panvel","Civil Engineering",2023,2,"NT",59.76,56350
103,"Pillai College of Engineering (PCE)","New Panvel","Automobile Engineering",2023,2,"NT",54.26,64050
103,"Pillai College of Engineering (PCE)","New Panvel","Computer Engineering",2023,2,"SC",78.06,30700
103,"Pillai College of Engineering (PCE)","New Panvel","Information Technology",2023,2,"SC",86.26,19250
103,"Pillai College of Engineering (PCE)","New Panvel","Electronics & Telecommunication",2023,2,"SC",78.86,29600
103,"Pillai College of Engineering (PCE)","New Panvel","Mechanical Engineering",2023,2,"SC",63.56,51000
103,"Pillai College of Engineering (PCE)","New Panvel","Civil Engineering",2023,2,"SC",58.06,58700
103,"Pillai College of Engineering (PCE)","New Panvel","Automobile Engineering",2023,2,"SC",52.56,66400
103,"Pillai College of Engineering (PCE)","New Panvel","Computer Engineering",2023,2,"ST",76.56,32800
103,"Pillai College of Engineering (PCE)","New Panvel","Information Technology",2023,2,"ST",84.76,21350
103,"Pillai College of Engineering (PCE)","New Panvel","Electronics & Telecommunication",2023,2,"ST",77.36,31700
103,"Pillai College of Engineering (PCE)","New Panvel","Mechanical Engineering",2023,2,"ST",62.06,53100
103,"Pillai College of Engineering (PCE)","New Panvel","Civil Engineering",2023,2,"ST",56.56,60800
103,"Pillai College of Engineering (PCE)","New Panvel","Automobile Engineering",2023,2,"ST",51.06,68500
103,"Pillai College of Engineering (PCE)","New Panvel","Computer Engineering",2023,2,"Others",79.36,28900
103,"Pillai College of Engineering (PCE)","New Panvel","Information Technology",2023,2,"Others",87.56,17400
103,"Pillai College of Engineering (PCE)","New Panvel","Electronics & Telecommunication",2023,2,"Others",80.16,27800
103,"Pillai College of Engineering (PCE)","New Panvel","Mechanical Engineering",2023,2,"Others",64.86,49200
103,"Pillai College of Engineering (PCE)","New Panvel","Civil Engineering",2023,2,"Others",59.36,56900
103,"Pillai College of Engineering (PCE)","New Panvel","Automobile Engineering",2023,2,"Others",53.86,64600
103,"Pillai College of Engineering (PCE)","New Panvel","Computer Engineering",2023,3,"Open",79.82,28250
103,"Pillai College of Engineering (PCE)","New Panvel","Information Technology",2023,3,"Open",88.02,16750
103,"Pillai College of Engineering (PCE)","New Panvel","Electronics & Telecommunication",2023,3,"Open",80.62,27150
103,"Pillai College of Engineering (PCE)","New Panvel","Mechanical Engineering",2023,3,"Open",65.32,48550
103,"Pillai College of Engineering (PCE)","New Panvel","Civil Engineering",2023,3,"Open",59.82,56250
103,"Pillai College of Engineering (PCE)","New Panvel","Automobile Engineering",2023,3,"Open",54.32,63950
103,"Pillai College of Engineering (PCE)","New Panvel","Computer Engineering",2023,3,"OBC",79.82,28250
103,"Pillai College of Engineering (PCE)","New Panvel","Information Technology",2023,3,"OBC",88.02,16750
103,"Pillai College of Engineering (PCE)","New Panvel","Electronics & Telecommunication",2023,3,"OBC",80.62,27150
103,"Pillai College of Engineering (PCE)","New Panvel","Mechanical Engineering",2023,3,"OBC",65.32,48550
103,"Pillai College of Engineering (PCE)","New Panvel","Civil Engineering",2023,3,"OBC",59.82,56250
103,"Pillai College of Engineering (PCE)","New Panvel","Automobile Engineering",2023,3,"OBC",54.32,63950
103,"Pillai College of Engineering (PCE)","New Panvel","Computer Engineering",2023,3,"NT",79.02,29350
103,"Pillai College of Engineering (PCE)","New Panvel","Information Technology",2023,3,"NT",87.22,17900
103,"Pillai College of Engineering (PCE)","New Panvel","Electronics & Telecommunication",2023,3,"NT",79.82,28250
103,"Pillai College of Engineering (PCE)","New Panvel","Mechanical Engineering",2023,3,"NT",64.52,49650
103,"Pillai College of Engineering (PCE)","New Panvel","Civil Engineering",2023,3,"NT",59.02,57350
103,"Pillai College of Engineering (PCE)","New Panvel","Automobile Engineering",2023,3,"NT",53.52,65050
103,"Pillai College of Engineering (PCE)","New Panvel","Computer Engineering",2023,3,"SC",77.32,31750
103,"Pillai College of Engineering (PCE)","New Panvel","Information Technology",2023,3,"SC",85.52,20250
103,"Pillai College of Engineering (PCE)","New Panvel","Electronics & Telecommunication",2023,3,"SC",78.12,30650
103,"Pillai College of Engineering (PCE)","New Panvel","Mechanical Engineering",2023,3,"SC",62.82,52050
103,"Pillai College of Engineering (PCE)","New Panvel","Civil Engineering",2023,3,"SC",57.32,59750
103,"Pillai College of Engineering (PCE)","New Panvel","Automobile Engineering",2023,3,"SC",51.82,67450
103,"Pillai College of Engineering (PCE)","New Panvel","Computer Engineering",2023,3,"ST",75.82,33850
103,"Pillai College of Engineering (PCE)","New Panvel","Information Technology",2023,3,"ST",84.02,22350
103,"Pillai College of Engineering (PCE)","New Panvel","Electronics & Telecommunication",2023,3,"ST",76.62,32750
103,"Pillai College of Engineering (PCE)","New Panvel","Mechanical Engineering",2023,3,"ST",61.32,54150
103,"Pillai College of Engineering (PCE)","New Panvel","Civil Engineering",2023,3,"ST",55.82,61850
103,"Pillai College of Engineering (PCE)","New Panvel","Automobile Engineering",2023,3,"ST",50.32,69550
103,"Pillai College of Engineering (PCE)","New Panvel","Computer Engineering",2023,3,"Others",78.62,29950
103,"Pillai College of Engineering (PCE)","New Panvel","Information Technology",2023,3,"Others",86.82,18450
103,"Pillai College of Engineering (PCE)","New Panvel","Electronics & Telecommunication",2023,3,"Others",79.42,28800
103,"Pillai College of Engineering (PCE)","New Panvel","Mechanical Engineering",2023,3,"Others",64.12,50250
103,"Pillai College of Engineering (PCE)","New Panvel","Civil Engineering",2023,3,"Others",58.62,57950
103,"Pillai College of Engineering (PCE)","New Panvel","Automobile Engineering",2023,3,"Others",53.12,65650
103,"Pillai College of Engineering (PCE)","New Panvel","Computer Engineering",2024,1,"Open",81.64,25700
103,"Pillai College of Engineering (PCE)","New Panvel","Information Technology",2024,1,"Open",89.84,14200
103,"Pillai College of Engineering (PCE)","New Panvel","Electronics & Telecommunication",2024,1,"Open",82.44,24600
103,"Pillai College of Engineering (PCE)","New Panvel","Mechanical Engineering",2024,1,"Open",67.14,46000
103,"Pillai College of Engineering (PCE)","New Panvel","Civil Engineering",2024,1,"Open",61.64,53700
103,"Pillai College of Engineering (PCE)","New Panvel","Automobile Engineering",2024,1,"Open",56.14,61400
103,"Pillai College of Engineering (PCE)","New Panvel","Computer Engineering",2024,1,"OBC",81.64,25700
103,"Pillai College of Engineering (PCE)","New Panvel","Information Technology",2024,1,"OBC",89.84,14200
103,"Pillai College of Engineering (PCE)","New Panvel","Electronics & Telecommunication",2024,1,"OBC",82.44,24600
103,"Pillai College of Engineering (PCE)","New Panvel","Mechanical Engineering",2024,1,"OBC",67.14,46000
103,"Pillai College of Engineering (PCE)","New Panvel","Civil Engineering",2024,1,"OBC",61.64,53700
103,"Pillai College of Engineering (PCE)","New Panvel","Automobile Engineering",2024,1,"OBC",56.14,61400
103,"Pillai College of Engineering (PCE)","New Panvel","Computer Engineering",2024,1,"NT",80.84,26800
103,"Pillai College of Engineering (PCE)","New Panvel","Information Technology",2024,1,"NT",89.04,15350
103,"Pillai College of Engineering (PCE)","New Panvel","Electronics & Telecommunication",2024,1,"NT",81.64,25700
103,"Pillai College of Engineering (PCE)","New Panvel","Mechanical Engineering",2024,1,"NT",66.34,47100
103,"Pillai College of Engineering (PCE)","New Panvel","Civil Engineering",2024,1,"NT",60.84,54800
103,"Pillai College of Engineering (PCE)","New Panvel","Automobile Engineering",2024,1,"NT",55.34,62500
103,"Pillai College of Engineering (PCE)","New Panvel","Computer Engineering",2024,1,"SC",79.14,29200
103,"Pillai College of Engineering (PCE)","New Panvel","Information Technology",2024,1,"SC",87.34,17700
103,"Pillai College of Engineering (PCE)","New Panvel","Electronics & Telecommunication",2024,1,"SC",79.94,28100
103,"Pillai College of Engineering (PCE)","New Panvel","Mechanical Engineering",2024,1,"SC",64.64,49500
103,"Pillai College of Engineering (PCE)","New Panvel","Civil Engineering",2024,1,"SC",59.14,57200
103,"Pillai College of Engineering (PCE)","New Panvel","Automobile Engineering",2024,1,"SC",53.64,64900
103,"Pillai College of Engineering (PCE)","New Panvel","Computer Engineering",2024,1,"ST",77.64,31300
103,"Pillai College of Engineering (PCE)","New Panvel","Information Technology",2024,1,"ST",85.84,19800
103,"Pillai College of Engineering (PCE)","New Panvel","Electronics & Telecommunication",2024,1,"ST",78.44,30200
103,"Pillai College of Engineering (PCE)","New Panvel","Mechanical Engineering",2024,1,"ST",63.14,51600
103,"Pillai College of Engineering (PCE)","New Panvel","Civil Engineering",2024,1,"ST",57.64,59300
103,"Pillai College of Engineering (PCE)","New Panvel","Automobile Engineering",2024,1,"ST",52.14,67000
103,"Pillai College of Engineering (PCE)","New Panvel","Computer Engineering",2024,1,"Others",80.44,27400
103,"Pillai College of Engineering (PCE)","New Panvel","Information Technology",2024,1,"Others",88.64,15900
103,"Pillai College of Engineering (PCE)","New Panvel","Electronics & Telecommunication",2024,1,"Others",81.24,26250
103,"Pillai College of Engineering (PCE)","New Panvel","Mechanical Engineering",2024,1,"Others",65.94,47700
103,"Pillai College of Engineering (PCE)","New Panvel","Civil Engineering",2024,1,"Others",60.44,55400
103,"Pillai College of Engineering (PCE)","New Panvel","Automobile Engineering",2024,1,"Others",54.94,63100
103,"Pillai College of Engineering (PCE)","New Panvel","Computer Engineering",2024,2,"Open",80.9,26750
103,"Pillai College of Engineering (PCE)","New Panvel","Information Technology",2024,2,"Open",89.1,15250
103,"Pillai College of Engineering (PCE)","New Panvel","Electronics & Telecommunication",2024,2,"Open",81.7,25600
103,"Pillai College of Engineering (PCE)","New Panvel","Mechanical Engineering",2024,2,"Open",66.4,47050
103,"Pillai College of Engineering (PCE)","New Panvel","Civil Engineering",2024,2,"Open",60.9,54750
103,"Pillai College of Engineering (PCE)","New Panvel","Automobile Engineering",2024,2,"Open",55.4,62450
103,"Pillai College of Engineering (PCE)","New Panvel","Computer Engineering",2024,2,"OBC",80.9,26750
103,"Pillai College of Engineering (PCE)","New Panvel","Information Technology",2024,2,"OBC",89.1,15250
103,"Pillai College of Engineering (PCE)","New Panvel","Electronics & Telecommunication",2024,2,"OBC",81.7,25600
103,"Pillai College of Engineering (PCE)","New Panvel","Mechanical Engineering",2024,2,"OBC",66.4,47050
103,"Pillai College of Engineering (PCE)","New Panvel","Civil Engineering",2024,2,"OBC",60.9,54750
103,"Pillai College of Engineering (PCE)","New Panvel","Automobile Engineering",2024,2,"OBC",55.4,62450
103,"Pillai College of Engineering (PCE)","New Panvel","Computer Engineering",2024,2,"NT",80.1,27850
103,"Pillai College of Engineering (PCE)","New Panvel","Information Technology",2024,2,"NT",88.3,16400
103,"Pillai College of Engineering (PCE)","New Panvel","Electronics & Telecommunication",2024,2,"NT",80.9,26750
103,"Pillai College of Engineering (PCE)","New Panvel","Mechanical Engineering",2024,2,"NT",65.6,48150
103,"Pillai College of Engineering (PCE)","New Panvel","Civil Engineering",2024,2,"NT",60.1,55850
103,"Pillai College of Engineering (PCE)","New Panvel","Automobile Engineering",2024,2,"NT",54.6,63550
103,"Pillai College of Engineering (PCE)","New Panvel","Computer Engineering",2024,2,"SC",78.4,30250
103,"Pillai College of Engineering (PCE)","New Panvel","Information Technology",2024,2,"SC",86.6,18750
103,"Pillai College of Engineering (PCE)","New Panvel","Electronics & Telecommunication",2024,2,"SC",79.2,29100
103,"Pillai College of Engineering (PCE)","New Panvel","Mechanical Engineering",2024,2,"SC",63.9,50550
103,"Pillai College of Engineering (PCE)","New Panvel","Civil Engineering",2024,2,"SC",58.4,58250
103,"Pillai College of Engineering (PCE)","New Panvel","Automobile Engineering",2024,2,"SC",52.9,65950
103,"Pillai College of Engineering (PCE)","New Panvel","Computer Engineering",2024,2,"ST",76.9,32350
103,"Pillai College of Engineering (PCE)","New Panvel","Information Technology",2024,2,"ST",85.1,20850
103,"Pillai College of Engineering (PCE)","New Panvel","Electronics & Telecommunication",2024,2,"ST",77.7,31200
103,"Pillai College of Engineering (PCE)","New Panvel","Mechanical Engineering",2024,2,"ST",62.4,52650
103,"Pillai College of Engineering (PCE)","New Panvel","Civil Engineering",2024,2,"ST",56.9,60350
103,"Pillai College of Engineering (PCE)","New Panvel","Automobile Engineering",2024,2,"ST",51.4,68050
103,"Pillai College of Engineering (PCE)","New Panvel","Computer Engineering",2024,2,"Others",79.7,28400
103,"Pillai College of Engineering (PCE)","New Panvel","Information Technology",2024,2,"Others",87.9,16950
103,"Pillai College of Engineering (PCE)","New Panvel","Electronics & Telecommunication",2024,2,"Others",80.5,27300
103,"Pillai College of Engineering (PCE)","New Panvel","Mechanical Engineering",2024,2,"Others",65.2,48700
103,"Pillai College of Engineering (PCE)","New Panvel","Civil Engineering",2024,2,"Others",59.7,56400
103,"Pillai College of Engineering (PCE)","New Panvel","Automobile Engineering",2024,2,"Others",54.2,64100
103,"Pillai College of Engineering (PCE)","New Panvel","Computer Engineering",2024,3,"Open",80.56,27200
103,"Pillai College of Engineering (PCE)","New Panvel","Information Technology",2024,3,"Open",88.76,15750
103,"Pillai College of Engineering (PCE)","New Panvel","Electronics & Telecommunication",2024,3,"Open",81.36,26100
103,"Pillai College of Engineering (PCE)","New Panvel","Mechanical Engineering",2024,3,"Open",66.06,47500
103,"Pillai College of Engineering (PCE)","New Panvel","Civil Engineering",2024,3,"Open",60.56,55200
103,"Pillai College of Engineering (PCE)","New Panvel","Automobile Engineering",2024,3,"Open",55.06,62900
103,"Pillai College of Engineering (PCE)","New Panvel","Computer Engineering",2024,3,"OBC",80.56,27200
103,"Pillai College of Engineering (PCE)","New Panvel","Information Technology",2024,3,"OBC",88.76,15750
103,"Pillai College of Engineering (PCE)","New Panvel","Electronics & Telecommunication",2024,3,"OBC",81.36,26100
103,"Pillai College of Engineering (PCE)","New Panvel","Mechanical Engineering",2024,3,"OBC",66.06,47500
103,"Pillai College of Engineering (PCE)","New Panvel","Civil Engineering",2024,3,"OBC",60.56,55200
103,"Pillai College of Engineering (PCE)","New Panvel","Automobile Engineering",2024,3,"OBC",55.06,62900
103,"Pillai College of Engineering (PCE)","New Panvel","Computer Engineering",2024,3,"NT",79.76,28350
103,"Pillai College of Engineering (PCE)","New Panvel","Information Technology",2024,3,"NT",87.96,16850
103,"Pillai College of Engineering (PCE)","New Panvel","Electronics & Telecommunication",2024,3,"NT",80.56,27200
103,"Pillai College of Engineering (PCE)","New Panvel","Mechanical Engineering",2024,3,"NT",65.26,48650
103,"Pillai College of Engineering (PCE)","New Panvel","Civil Engineering",2024,3,"NT",59.76,56350
103,"Pillai College of Engineering (PCE)","New Panvel","Automobile Engineering",2024,3,"NT",54.26,64050
103,"Pillai College of Engineering (PCE)","New Panvel","Computer Engineering",2024,3,"SC",78.06,30700
103,"Pillai College of Engineering (PCE)","New Panvel","Information Technology",2024,3,"SC",86.26,19250
103,"Pillai College of Engineering (PCE)","New Panvel","Electronics & Telecommunication",2024,3,"SC",78.86,29600
103,"Pillai College of Engineering (PCE)","New Panvel","Mechanical Engineering",2024,3,"SC",63.56,51000
103,"Pillai College of Engineering (PCE)","New Panvel","Civil Engineering",2024,3,"SC",58.06,58700
103,"Pillai College of Engineering (PCE)","New Panvel","Automobile Engineering",2024,3,"SC",52.56,66400
103,"Pillai College of Engineering (PCE)","New Panvel","Computer Engineering",2024,3,"ST",76.56,32800
103,"Pillai College of Engineering (PCE)","New Panvel","Information Technology",2024,3,"ST",84.76,21350
103,"Pillai College of Engineering (PCE)","New Panvel","Electronics & Telecommunication",2024,3,"ST",77.36,31700
103,"Pillai College of Engineering (PCE)","New Panvel","Mechanical Engineering",2024,3,"ST",62.06,53100
103,"Pillai College of Engineering (PCE)","New Panvel","Civil Engineering",2024,3,"ST",56.56,60800
103,"Pillai College of Engineering (PCE)","New Panvel","Automobile Engineering",2024,3,"ST",51.06,68500
103,"Pillai College of Engineering (PCE)","New Panvel","Computer Engineering",2024,3,"Others",79.36,28900
103,"Pillai College of Engineering (PCE)","New Panvel","Information Technology",2024,3,"Others",87.56,17400
103,"Pillai College of Engineering (PCE)","New Panvel","Electronics & Telecommunication",2024,3,"Others",80.16,27800
103,"Pillai College of Engineering (PCE)","New Panvel","Mechanical Engineering",2024,3,"Others",64.86,49200
103,"Pillai College of Engineering (PCE)","New Panvel","Civil Engineering",2024,3,"Others",59.36,56900
103,"Pillai College of Engineering (PCE)","New Panvel","Automobile Engineering",2024,3,"Others",53.86,64600
103,"Pillai College of Engineering (PCE)","New Panvel","Computer Engineering",2025,1,"Open",82.28,24800
103,"Pillai College of Engineering (PCE)","New Panvel","Information Technology",2025,1,"Open",90.48,13350
103,"Pillai College of Engineering (PCE)","New Panvel","Electronics & Telecommunication",2025,1,"Open",83.08,23700
103,"Pillai College of Engineering (PCE)","New Panvel","Mechanical Engineering",2025,1,"Open",67.78,45100
103,"Pillai College of Engineering (PCE)","New Panvel","Civil Engineering",2025,1,"Open",62.28,52800
103,"Pillai College of Engineering (PCE)","New Panvel","Automobile Engineering",2025,1,"Open",56.78,60500
103,"Pillai College of Engineering (PCE)","New Panvel","Computer Engineering",2025,1,"OBC",82.28,24800
103,"Pillai College of Engineering (PCE)","New Panvel","Information Technology",2025,1,"OBC",90.48,13350
103,"Pillai College of Engineering (PCE)","New Panvel","Electronics & Telecommunication",2025,1,"OBC",83.08,23700
103,"Pillai College of Engineering (PCE)","New Panvel","Mechanical Engineering",2025,1,"OBC",67.78,45100
103,"Pillai College of Engineering (PCE)","New Panvel","Civil Engineering",2025,1,"OBC",62.28,52800
103,"Pillai College of Engineering (PCE)","New Panvel","Automobile Engineering",2025,1,"OBC",56.78,60500
103,"Pillai College of Engineering (PCE)","New Panvel","Computer Engineering",2025,1,"NT",81.48,25950
103,"Pillai College of Engineering (PCE)","New Panvel","Information Technology",2025,1,"NT",89.68,14450
103,"Pillai College of Engineering (PCE)","New Panvel","Electronics & Telecommunication",2025,1,"NT",82.28,24800
103,"Pillai College of Engineering (PCE)","New Panvel","Mechanical Engineering",2025,1,"NT",66.98,46250
103,"Pillai College of Engineering (PCE)","New Panvel","Civil Engineering",2025,1,"NT",61.48,53950
103,"Pillai College of Engineering (PCE)","New Panvel","Automobile Engineering",2025,1,"NT",55.98,61650
103,"Pillai College of Engineering (PCE)","New Panvel","Computer Engineering",2025,1,"SC",79.78,28300
103,"Pillai College of Engineering (PCE)","New Panvel","Information Technology",2025,1,"SC",87.98,16850
103,"Pillai College of Engineering (PCE)","New Panvel","Electronics & Telecommunication",2025,1,"SC",80.58,27200
103,"Pillai College of Engineering (PCE)","New Panvel","Mechanical Engineering",2025,1,"SC",65.28,48600
103,"Pillai College of Engineering (PCE)","New Panvel","Civil Engineering",2025,1,"SC",59.78,56300
103,"Pillai College of Engineering (PCE)","New Panvel","Automobile Engineering",2025,1,"SC",54.28,64000
103,"Pillai College of Engineering (PCE)","New Panvel","Computer Engineering",2025,1,"ST",78.28,30400
103,"Pillai College of Engineering (PCE)","New Panvel","Information Technology",2025,1,"ST",86.48,18950
103,"Pillai College of Engineering (PCE)","New Panvel","Electronics & Telecommunication",2025,1,"ST",79.08,29300
103,"Pillai College of Engineering (PCE)","New Panvel","Mechanical Engineering",2025,1,"ST",63.78,50700
103,"Pillai College of Engineering (PCE)","New Panvel","Civil Engineering",2025,1,"ST",58.28,58400
103,"Pillai College of Engineering (PCE)","New Panvel","Automobile Engineering",2025,1,"ST",52.78,66100
103,"Pillai College of Engineering (PCE)","New Panvel","Computer Engineering",2025,1,"Others",81.08,26500
103,"Pillai College of Engineering (PCE)","New Panvel","Information Technology",2025,1,"Others",89.28,15000
103,"Pillai College of Engineering (PCE)","New Panvel","Electronics & Telecommunication",2025,1,"Others",81.88,25350
103,"Pillai College of Engineering (PCE)","New Panvel","Mechanical Engineering",2025,1,"Others",66.58,46800
103,"Pillai College of Engineering (PCE)","New Panvel","Civil Engineering",2025,1,"Others",61.08,54500
103,"Pillai College of Engineering (PCE)","New Panvel","Automobile Engineering",2025,1,"Others",55.58,62200
103,"Pillai College of Engineering (PCE)","New Panvel","Computer Engineering",2025,2,"Open",81.54,25850
103,"Pillai College of Engineering (PCE)","New Panvel","Information Technology",2025,2,"Open",89.74,14350
103,"Pillai College of Engineering (PCE)","New Panvel","Electronics & Telecommunication",2025,2,"Open",82.34,24700
103,"Pillai College of Engineering (PCE)","New Panvel","Mechanical Engineering",2025,2,"Open",67.04,46150
103,"Pillai College of Engineering (PCE)","New Panvel","Civil Engineering",2025,2,"Open",61.54,53850
103,"Pillai College of Engineering (PCE)","New Panvel","Automobile Engineering",2025,2,"Open",56.04,61550
103,"Pillai College of Engineering (PCE)","New Panvel","Computer Engineering",2025,2,"OBC",81.54,25850
103,"Pillai College of Engineering (PCE)","New Panvel","Information Technology",2025,2,"OBC",89.74,14350
103,"Pillai College of Engineering (PCE)","New Panvel","Electronics & Telecommunication",2025,2,"OBC",82.34,24700
103,"Pillai College of Engineering (PCE)","New Panvel","Mechanical Engineering",2025,2,"OBC",67.04,46150
103,"Pillai College of Engineering (PCE)","New Panvel","Civil Engineering",2025,2,"OBC",61.54,53850
103,"Pillai College of Engineering (PCE)","New Panvel","Automobile Engineering",2025,2,"OBC",56.04,61550
103,"Pillai College of Engineering (PCE)","New Panvel","Computer Engineering",2025,2,"NT",80.74,26950
103,"Pillai College of Engineering (PCE)","New Panvel","Information Technology",2025,2,"NT",88.94,15500
103,"Pillai College of Engineering (PCE)","New Panvel","Electronics & Telecommunication",2025,2,"NT",81.54,25850
103,"Pillai College of Engineering (PCE)","New Panvel","Mechanical Engineering",2025,2,"NT",66.24,47250
103,"Pillai College of Engineering (PCE)","New Panvel","Civil Engineering",2025,2,"NT",60.74,54950
103,"Pillai College of Engineering (PCE)","New Panvel","Automobile Engineering",2025,2,"NT",55.24,62650
103,"Pillai College of Engineering (PCE)","New Panvel","Computer Engineering",2025,2,"SC",79.04,29350
103,"Pillai College of Engineering (PCE)","New Panvel","Information Technology",2025,2,"SC",87.24,17850
103,"Pillai College of Engineering (PCE)","New Panvel","Electronics & Telecommunication",2025,2,"SC",79.84,28200
103,"Pillai College of Engineering (PCE)","New Panvel","Mechanical Engineering",2025,2,"SC",64.54,49650
103,"Pillai College of Engineering (PCE)","New Panvel","Civil Engineering",2025,2,"SC",59.04,57350
103,"Pillai College of Engineering (PCE)","New Panvel","Automobile Engineering",2025,2,"SC",53.54,65050
103,"Pillai College of Engineering (PCE)","New Panvel","Computer Engineering",2025,2,"ST",77.54,31450
103,"Pillai College of Engineering (PCE)","New Panvel","Information Technology",2025,2,"ST",85.74,19950
103,"Pillai College of Engineering (PCE)","New Panvel","Electronics & Telecommunication",2025,2,"ST",78.34,30300
103,"Pillai College of Engineering (PCE)","New Panvel","Mechanical Engineering",2025,2,"ST",63.04,51750
103,"Pillai College of Engineering (PCE)","New Panvel","Civil Engineering",2025,2,"ST",57.54,59450
103,"Pillai College of Engineering (PCE)","New Panvel","Automobile Engineering",2025,2,"ST",52.04,67150
103,"Pillai College of Engineering (PCE)","New Panvel","Computer Engineering",2025,2,"Others",80.34,27500
103,"Pillai College of Engineering (PCE)","New Panvel","Information Technology",2025,2,"Others",88.54,16050
103,"Pillai College of Engineering (PCE)","New Panvel","Electronics & Telecommunication",2025,2,"Others",81.14,26400
103,"Pillai College of Engineering (PCE)","New Panvel","Mechanical Engineering",2025,2,"Others",65.84,47800
103,"Pillai College of Engineering (PCE)","New Panvel","Civil Engineering",2025,2,"Others",60.34,55500
103,"Pillai College of Engineering (PCE)","New Panvel","Automobile Engineering",2025,2,"Others",54.84,63200
103,"Pillai College of Engineering (PCE)","New Panvel","Computer Engineering",2025,3,"Open",80.8,26900
103,"Pillai College of Engineering (PCE)","New Panvel","Information Technology",2025,3,"Open",89,15400
103,"Pillai College of Engineering (PCE)","New Panvel","Electronics & Telecommunication",2025,3,"Open",81.6,25750
103,"Pillai College of Engineering (PCE)","New Panvel","Mechanical Engineering",2025,3,"Open",66.3,47200
103,"Pillai College of Engineering (PCE)","New Panvel","Civil Engineering",2025,3,"Open",60.8,54900
103,"Pillai College of Engineering (PCE)","New Panvel","Automobile Engineering",2025,3,"Open",55.3,62600
103,"Pillai College of Engineering (PCE)","New Panvel","Computer Engineering",2025,3,"OBC",80.8,26900
103,"Pillai College of Engineering (PCE)","New Panvel","Information Technology",2025,3,"OBC",89,15400
103,"Pillai College of Engineering (PCE)","New Panvel","Electronics & Telecommunication",2025,3,"OBC",81.6,25750
103,"Pillai College of Engineering (PCE)","New Panvel","Mechanical Engineering",2025,3,"OBC",66.3,47200
103,"Pillai College of Engineering (PCE)","New Panvel","Civil Engineering",2025,3,"OBC",60.8,54900
103,"Pillai College of Engineering (PCE)","New Panvel","Automobile Engineering",2025,3,"OBC",55.3,62600
103,"Pillai College of Engineering (PCE)","New Panvel","Computer Engineering",2025,3,"NT",80,28000
103,"Pillai College of Engineering (PCE)","New Panvel","Information Technology",2025,3,"NT",88.2,16500
103,"Pillai College of Engineering (PCE)","New Panvel","Electronics & Telecommunication",2025,3,"NT",80.8,26900
103,"Pillai College of Engineering (PCE)","New Panvel","Mechanical Engineering",2025,3,"NT",65.5,48300
103,"Pillai College of Engineering (PCE)","New Panvel","Civil Engineering",2025,3,"NT",60,56000
103,"Pillai College of Engineering (PCE)","New Panvel","Automobile Engineering",2025,3,"NT",54.5,63700
103,"Pillai College of Engineering (PCE)","New Panvel","Computer Engineering",2025,3,"SC",78.3,30400
103,"Pillai College of Engineering (PCE)","New Panvel","Information Technology",2025,3,"SC",86.5,18900
103,"Pillai College of Engineering (PCE)","New Panvel","Electronics & Telecommunication",2025,3,"SC",79.1,29250
103,"Pillai College of Engineering (PCE)","New Panvel","Mechanical Engineering",2025,3,"SC",63.8,50700
103,"Pillai College of Engineering (PCE)","New Panvel","Civil Engineering",2025,3,"SC",58.3,58400
103,"Pillai College of Engineering (PCE)","New Panvel","Automobile Engineering",2025,3,"SC",52.8,66100
103,"Pillai College of Engineering (PCE)","New Panvel","Computer Engineering",2025,3,"ST",76.8,32500
103,"Pillai College of Engineering (PCE)","New Panvel","Information Technology",2025,3,"ST",85,21000
103,"Pillai College of Engineering (PCE)","New Panvel","Electronics & Telecommunication",2025,3,"ST",77.6,31350
103,"Pillai College of Engineering (PCE)","New Panvel","Mechanical Engineering",2025,3,"ST",62.3,52800
103,"Pillai College of Engineering (PCE)","New Panvel","Civil Engineering",2025,3,"ST",56.8,60500
103,"Pillai College of Engineering (PCE)","New Panvel","Automobile Engineering",2025,3,"ST",51.3,68200
103,"Pillai College of Engineering (PCE)","New Panvel","Computer Engineering",2025,3,"Others",79.6,28550
103,"Pillai College of Engineering (PCE)","New Panvel","Information Technology",2025,3,"Others",87.8,17100
103,"Pillai College of Engineering (PCE)","New Panvel","Electronics & Telecommunication",2025,3,"Others",80.4,27450
103,"Pillai College of Engineering (PCE)","New Panvel","Mechanical Engineering",2025,3,"Others",65.1,48850
103,"Pillai College of Engineering (PCE)","New Panvel","Civil Engineering",2025,3,"Others",59.6,56550
103,"Pillai College of Engineering (PCE)","New Panvel","Automobile Engineering",2025,3,"Others",54.1,64250
104,"Terna Engineering College","Nerul","Computer Engineering",2021,1,"Open",78.26,30450
104,"Terna Engineering College","Nerul","Information Technology",2021,1,"Open",86.46,18950
104,"Terna Engineering College","Nerul","Electronics & Telecommunication",2021,1,"Open",79.06,29300
104,"Terna Engineering College","Nerul","Mechanical Engineering",2021,1,"Open",63.76,50750
104,"Terna Engineering College","Nerul","Civil Engineering",2021,1,"Open",58.26,58450
104,"Terna Engineering College","Nerul","Automobile Engineering",2021,1,"Open",52.76,66150
104,"Terna Engineering College","Nerul","Computer Engineering",2021,1,"OBC",78.26,30450
104,"Terna Engineering College","Nerul","Information Technology",2021,1,"OBC",86.46,18950
104,"Terna Engineering College","Nerul","Electronics & Telecommunication",2021,1,"OBC",79.06,29300
104,"Terna Engineering College","Nerul","Mechanical Engineering",2021,1,"OBC",63.76,50750
104,"Terna Engineering College","Nerul","Civil Engineering",2021,1,"OBC",58.26,58450
104,"Terna Engineering College","Nerul","Automobile Engineering",2021,1,"OBC",52.76,66150
104,"Terna Engineering College","Nerul","Computer Engineering",2021,1,"NT",77.46,31550
104,"Terna Engineering College","Nerul","Information Technology",2021,1,"NT",85.66,20100
104,"Terna Engineering College","Nerul","Electronics & Telecommunication",2021,1,"NT",78.26,30450
104,"Terna Engineering College","Nerul","Mechanical Engineering",2021,1,"NT",62.96,51850
104,"Terna Engineering College","Nerul","Civil Engineering",2021,1,"NT",57.46,59550
104,"Terna Engineering College","Nerul","Automobile Engineering",2021,1,"NT",51.96,67250
104,"Terna Engineering College","Nerul","Computer Engineering",2021,1,"SC",75.76,33950
104,"Terna Engineering College","Nerul","Information Technology",2021,1,"SC",83.96,22450
104,"Terna Engineering College","Nerul","Electronics & Telecommunication",2021,1,"SC",76.56,32800
104,"Terna Engineering College","Nerul","Mechanical Engineering",2021,1,"SC",61.26,54250
104,"Terna Engineering College","Nerul","Civil Engineering",2021,1,"SC",55.76,61950
104,"Terna Engineering College","Nerul","Automobile Engineering",2021,1,"SC",50.26,69650
104,"Terna Engineering College","Nerul","Computer Engineering",2021,1,"ST",74.26,36050
104,"Terna Engineering College","Nerul","Information Technology",2021,1,"ST",82.46,24550
104,"Terna Engineering College","Nerul","Electronics & Telecommunication",2021,1,"ST",75.06,34900
104,"Terna Engineering College","Nerul","Mechanical Engineering",2021,1,"ST",59.76,56350
104,"Terna Engineering College","Nerul","Civil Engineering",2021,1,"ST",54.26,64050
104,"Terna Engineering College","Nerul","Automobile Engineering",2021,1,"ST",48.76,71750
104,"Terna Engineering College","Nerul","Computer Engineering",2021,1,"Others",77.06,32100
104,"Terna Engineering College","Nerul","Information Technology",2021,1,"Others",85.26,20650
104,"Terna Engineering College","Nerul","Electronics & Telecommunication",2021,1,"Others",77.86,31000
104,"Terna Engineering College","Nerul","Mechanical Engineering",2021,1,"Others",62.56,52400
104,"Terna Engineering College","Nerul","Civil Engineering",2021,1,"Others",57.06,60100
104,"Terna Engineering College","Nerul","Automobile Engineering",2021,1,"Others",51.56,67800
104,"Terna Engineering College","Nerul","Computer Engineering",2021,2,"Open",77.52,31450
104,"Terna Engineering College","Nerul","Information Technology",2021,2,"Open",85.72,20000
104,"Terna Engineering College","Nerul","Electronics & Telecommunication",2021,2,"Open",78.32,30350
104,"Terna Engineering College","Nerul","Mechanical Engineering",2021,2,"Open",63.02,51750
104,"Terna Engineering College","Nerul","Civil Engineering",2021,2,"Open",57.52,59450
104,"Terna Engineering College","Nerul","Automobile Engineering",2021,2,"Open",52.02,67150
104,"Terna Engineering College","Nerul","Computer Engineering",2021,2,"OBC",77.52,31450
104,"Terna Engineering College","Nerul","Information Technology",2021,2,"OBC",85.72,20000
104,"Terna Engineering College","Nerul","Electronics & Telecommunication",2021,2,"OBC",78.32,30350
104,"Terna Engineering College","Nerul","Mechanical Engineering",2021,2,"OBC",63.02,51750
104,"Terna Engineering College","Nerul","Civil Engineering",2021,2,"OBC",57.52,59450
104,"Terna Engineering College","Nerul","Automobile Engineering",2021,2,"OBC",52.02,67150
104,"Terna Engineering College","Nerul","Computer Engineering",2021,2,"NT",76.72,32600
104,"Terna Engineering College","Nerul","Information Technology",2021,2,"NT",84.92,21100
104,"Terna Engineering College","Nerul","Electronics & Telecommunication",2021,2,"NT",77.52,31450
104,"Terna Engineering College","Nerul","Mechanical Engineering",2021,2,"NT",62.22,52900
104,"Terna Engineering College","Nerul","Civil Engineering",2021,2,"NT",56.72,60600
104,"Terna Engineering College","Nerul","Automobile Engineering",2021,2,"NT",51.22,68300
104,"Terna Engineering College","Nerul","Computer Engineering",2021,2,"SC",75.02,34950
104,"Terna Engineering College","Nerul","Information Technology",2021,2,"SC",83.22,23500
104,"Terna Engineering College","Nerul","Electronics & Telecommunication",2021,2,"SC",75.82,33850
104,"Terna Engineering College","Nerul","Mechanical Engineering",2021,2,"SC",60.52,55250
104,"Terna Engineering College","Nerul","Civil Engineering",2021,2,"SC",55.02,62950
104,"Terna Engineering College","Nerul","Automobile Engineering",2021,2,"SC",49.52,70650
104,"Terna Engineering College","Nerul","Computer Engineering",2021,2,"ST",73.52,37050
104,"Terna Engineering College","Nerul","Information Technology",2021,2,"ST",81.72,25600
104,"Terna Engineering College","Nerul","Electronics & Telecommunication",2021,2,"ST",74.32,35950
104,"Terna Engineering College","Nerul","Mechanical Engineering",2021,2,"ST",59.02,57350
104,"Terna Engineering College","Nerul","Civil Engineering",2021,2,"ST",53.52,65050
104,"Terna Engineering College","Nerul","Automobile Engineering",2021,2,"ST",48.02,72750
104,"Terna Engineering College","Nerul","Computer Engineering",2021,2,"Others",76.32,33150
104,"Terna Engineering College","Nerul","Information Technology",2021,2,"Others",84.52,21650
104,"Terna Engineering College","Nerul","Electronics & Telecommunication",2021,2,"Others",77.12,32050
104,"Terna Engineering College","Nerul","Mechanical Engineering",2021,2,"Others",61.82,53450
104,"Terna Engineering College","Nerul","Civil Engineering",2021,2,"Others",56.32,61150
104,"Terna Engineering College","Nerul","Automobile Engineering",2021,2,"Others",50.82,68850
104,"Terna Engineering College","Nerul","Computer Engineering",2021,3,"Open",77.18,31950
104,"Terna Engineering College","Nerul","Information Technology",2021,3,"Open",85.38,20450
104,"Terna Engineering College","Nerul","Electronics & Telecommunication",2021,3,"Open",77.98,30850
104,"Terna Engineering College","Nerul","Mechanical Engineering",2021,3,"Open",62.68,52250
104,"Terna Engineering College","Nerul","Civil Engineering",2021,3,"Open",57.18,59950
104,"Terna Engineering College","Nerul","Automobile Engineering",2021,3,"Open",51.68,67650
104,"Terna Engineering College","Nerul","Computer Engineering",2021,3,"OBC",77.18,31950
104,"Terna Engineering College","Nerul","Information Technology",2021,3,"OBC",85.38,20450
104,"Terna Engineering College","Nerul","Electronics & Telecommunication",2021,3,"OBC",77.98,30850
104,"Terna Engineering College","Nerul","Mechanical Engineering",2021,3,"OBC",62.68,52250
104,"Terna Engineering College","Nerul","Civil Engineering",2021,3,"OBC",57.18,59950
104,"Terna Engineering College","Nerul","Automobile Engineering",2021,3,"OBC",51.68,67650
104,"Terna Engineering College","Nerul","Computer Engineering",2021,3,"NT",76.38,33050
104,"Terna Engineering College","Nerul","Information Technology",2021,3,"NT",84.58,21600
104,"Terna Engineering College","Nerul","Electronics & Telecommunication",2021,3,"NT",77.18,31950
104,"Terna Engineering College","Nerul","Mechanical Engineering",2021,3,"NT",61.88,53350
104,"Terna Engineering College","Nerul","Civil Engineering",2021,3,"NT",56.38,61050
104,"Terna Engineering College","Nerul","Automobile Engineering",2021,3,"NT",50.88,68750
104,"Terna Engineering College","Nerul","Computer Engineering",2021,3,"SC",74.68,35450
104,"Terna Engineering College","Nerul","Information Technology",2021,3,"SC",82.88,23950
104,"Terna Engineering College","Nerul","Electronics & Telecommunication",2021,3,"SC",75.48,34350
104,"Terna Engineering College","Nerul","Mechanical Engineering",2021,3,"SC",60.18,55750
104,"Terna Engineering College","Nerul","Civil Engineering",2021,3,"SC",54.68,63450
104,"Terna Engineering College","Nerul","Automobile Engineering",2021,3,"SC",49.18,71150
104,"Terna Engineering College","Nerul","Computer Engineering",2021,3,"ST",73.18,37550
104,"Terna Engineering College","Nerul","Information Technology",2021,3,"ST",81.38,26050
104,"Terna Engineering College","Nerul","Electronics & Telecommunication",2021,3,"ST",73.98,36450
104,"Terna Engineering College","Nerul","Mechanical Engineering",2021,3,"ST",58.68,57850
104,"Terna Engineering College","Nerul","Civil Engineering",2021,3,"ST",53.18,65550
104,"Terna Engineering College","Nerul","Automobile Engineering",2021,3,"ST",47.68,73250
104,"Terna Engineering College","Nerul","Computer Engineering",2021,3,"Others",75.98,33650
104,"Terna Engineering College","Nerul","Information Technology",2021,3,"Others",84.18,22150
104,"Terna Engineering College","Nerul","Electronics & Telecommunication",2021,3,"Others",76.78,32500
104,"Terna Engineering College","Nerul","Mechanical Engineering",2021,3,"Others",61.48,53950
104,"Terna Engineering College","Nerul","Civil Engineering",2021,3,"Others",55.98,61650
104,"Terna Engineering College","Nerul","Automobile Engineering",2021,3,"Others",50.48,69350
104,"Terna Engineering College","Nerul","Computer Engineering",2022,1,"Open",79,29400
104,"Terna Engineering College","Nerul","Information Technology",2022,1,"Open",87.2,17900
104,"Terna Engineering College","Nerul","Electronics & Telecommunication",2022,1,"Open",79.8,28300
104,"Terna Engineering College","Nerul","Mechanical Engineering",2022,1,"Open",64.5,49700
104,"Terna Engineering College","Nerul","Civil Engineering",2022,1,"Open",59,57400
104,"Terna Engineering College","Nerul","Automobile Engineering",2022,1,"Open",53.5,65100
104,"Terna Engineering College","Nerul","Computer Engineering",2022,1,"OBC",79,29400
104,"Terna Engineering College","Nerul","Information Technology",2022,1,"OBC",87.2,17900
104,"Terna Engineering College","Nerul","Electronics & Telecommunication",2022,1,"OBC",79.8,28300
104,"Terna Engineering College","Nerul","Mechanical Engineering",2022,1,"OBC",64.5,49700
104,"Terna Engineering College","Nerul","Civil Engineering",2022,1,"OBC",59,57400
104,"Terna Engineering College","Nerul","Automobile Engineering",2022,1,"OBC",53.5,65100
104,"Terna Engineering College","Nerul","Computer Engineering",2022,1,"NT",78.2,30500
104,"Terna Engineering College","Nerul","Information Technology",2022,1,"NT",86.4,19050
104,"Terna Engineering College","Nerul","Electronics & Telecommunication",2022,1,"NT",79,29400
104,"Terna Engineering College","Nerul","Mechanical Engineering",2022,1,"NT",63.7,50800
104,"Terna Engineering College","Nerul","Civil Engineering",2022,1,"NT",58.2,58500
104,"Terna Engineering College","Nerul","Automobile Engineering",2022,1,"NT",52.7,66200
104,"Terna Engineering College","Nerul","Computer Engineering",2022,1,"SC",76.5,32900
104,"Terna Engineering College","Nerul","Information Technology",2022,1,"SC",84.7,21400
104,"Terna Engineering College","Nerul","Electronics & Telecommunication",2022,1,"SC",77.3,31800
104,"Terna Engineering College","Nerul","Mechanical Engineering",2022,1,"SC",62,53200
104,"Terna Engineering College","Nerul","Civil Engineering",2022,1,"SC",56.5,60900
104,"Terna Engineering College","Nerul","Automobile Engineering",2022,1,"SC",51,68600
104,"Terna Engineering College","Nerul","Computer Engineering",2022,1,"ST",75,35000
104,"Terna Engineering College","Nerul","Information Technology",2022,1,"ST",83.2,23500
104,"Terna Engineering College","Nerul","Electronics & Telecommunication",2022,1,"ST",75.8,33900
104,"Terna Engineering College","Nerul","Mechanical Engineering",2022,1,"ST",60.5,55300
104,"Terna Engineering College","Nerul","Civil Engineering",2022,1,"ST",55,63000
104,"Terna Engineering College","Nerul","Automobile Engineering",2022,1,"ST",49.5,70700
104,"Terna Engineering College","Nerul","Computer Engineering",2022,1,"Others",77.8,31100
104,"Terna Engineering College","Nerul","Information Technology",2022,1,"Others",86,19600
104,"Terna Engineering College","Nerul","Electronics & Telecommunication",2022,1,"Others",78.6,29950
104,"Terna Engineering College","Nerul","Mechanical Engineering",2022,1,"Others",63.3,51400
104,"Terna Engineering College","Nerul","Civil Engineering",2022,1,"Others",57.8,59100
104,"Terna Engineering College","Nerul","Automobile Engineering",2022,1,"Others",52.3,66800
104,"Terna Engineering College","Nerul","Computer Engineering",2022,2,"Open",78.26,30450
104,"Terna Engineering College","Nerul","Information Technology",2022,2,"Open",86.46,18950
104,"Terna Engineering College","Nerul","Electronics & Telecommunication",2022,2,"Open",79.06,29300
104,"Terna Engineering College","Nerul","Mechanical Engineering",2022,2,"Open",63.76,50750
104,"Terna Engineering College","Nerul","Civil Engineering",2022,2,"Open",58.26,58450
104,"Terna Engineering College","Nerul","Automobile Engineering",2022,2,"Open",52.76,66150
104,"Terna Engineering College","Nerul","Computer Engineering",2022,2,"OBC",78.26,30450
104,"Terna Engineering College","Nerul","Information Technology",2022,2,"OBC",86.46,18950
104,"Terna Engineering College","Nerul","Electronics & Telecommunication",2022,2,"OBC",79.06,29300
104,"Terna Engineering College","Nerul","Mechanical Engineering",2022,2,"OBC",63.76,50750
104,"Terna Engineering College","Nerul","Civil Engineering",2022,2,"OBC",58.26,58450
104,"Terna Engineering College","Nerul","Automobile Engineering",2022,2,"OBC",52.76,66150
104,"Terna Engineering College","Nerul","Computer Engineering",2022,2,"NT",77.46,31550
104,"Terna Engineering College","Nerul","Information Technology",2022,2,"NT",85.66,20100
104,"Terna Engineering College","Nerul","Electronics & Telecommunication",2022,2,"NT",78.26,30450
104,"Terna Engineering College","Nerul","Mechanical Engineering",2022,2,"NT",62.96,51850
104,"Terna Engineering College","Nerul","Civil Engineering",2022,2,"NT",57.46,59550
104,"Terna Engineering College","Nerul","Automobile Engineering",2022,2,"NT",51.96,67250
104,"Terna Engineering College","Nerul","Computer Engineering",2022,2,"SC",75.76,33950
104,"Terna Engineering College","Nerul","Information Technology",2022,2,"SC",83.96,22450
104,"Terna Engineering College","Nerul","Electronics & Telecommunication",2022,2,"SC",76.56,32800
104,"Terna Engineering College","Nerul","Mechanical Engineering",2022,2,"SC",61.26,54250
104,"Terna Engineering College","Nerul","Civil Engineering",2022,2,"SC",55.76,61950
104,"Terna Engineering College","Nerul","Automobile Engineering",2022,2,"SC",50.26,69650
104,"Terna Engineering College","Nerul","Computer Engineering",2022,2,"ST",74.26,36050
104,"Terna Engineering College","Nerul","Information Technology",2022,2,"ST",82.46,24550
104,"Terna Engineering College","Nerul","Electronics & Telecommunication",2022,2,"ST",75.06,34900
104,"Terna Engineering College","Nerul","Mechanical Engineering",2022,2,"ST",59.76,56350
104,"Terna Engineering College","Nerul","Civil Engineering",2022,2,"ST",54.26,64050
104,"Terna Engineering College","Nerul","Automobile Engineering",2022,2,"ST",48.76,71750
104,"Terna Engineering College","Nerul","Computer Engineering",2022,2,"Others",77.06,32100
104,"Terna Engineering College","Nerul","Information Technology",2022,2,"Others",85.26,20650
104,"Terna Engineering College","Nerul","Electronics & Telecommunication",2022,2,"Others",77.86,31000
104,"Terna Engineering College","Nerul","Mechanical Engineering",2022,2,"Others",62.56,52400
104,"Terna Engineering College","Nerul","Civil Engineering",2022,2,"Others",57.06,60100
104,"Terna Engineering College","Nerul","Automobile Engineering",2022,2,"Others",51.56,67800
104,"Terna Engineering College","Nerul","Computer Engineering",2022,3,"Open",77.52,31450
104,"Terna Engineering College","Nerul","Information Technology",2022,3,"Open",85.72,20000
104,"Terna Engineering College","Nerul","Electronics & Telecommunication",2022,3,"Open",78.32,30350
104,"Terna Engineering College","Nerul","Mechanical Engineering",2022,3,"Open",63.02,51750
104,"Terna Engineering College","Nerul","Civil Engineering",2022,3,"Open",57.52,59450
104,"Terna Engineering College","Nerul","Automobile Engineering",2022,3,"Open",52.02,67150
104,"Terna Engineering College","Nerul","Computer Engineering",2022,3,"OBC",77.52,31450
104,"Terna Engineering College","Nerul","Information Technology",2022,3,"OBC",85.72,20000
104,"Terna Engineering College","Nerul","Electronics & Telecommunication",2022,3,"OBC",78.32,30350
104,"Terna Engineering College","Nerul","Mechanical Engineering",2022,3,"OBC",63.02,51750
104,"Terna Engineering College","Nerul","Civil Engineering",2022,3,"OBC",57.52,59450
104,"Terna Engineering College","Nerul","Automobile Engineering",2022,3,"OBC",52.02,67150
104,"Terna Engineering College","Nerul","Computer Engineering",2022,3,"NT",76.72,32600
104,"Terna Engineering College","Nerul","Information Technology",2022,3,"NT",84.92,21100
104,"Terna Engineering College","Nerul","Electronics & Telecommunication",2022,3,"NT",77.52,31450
104,"Terna Engineering College","Nerul","Mechanical Engineering",2022,3,"NT",62.22,52900
104,"Terna Engineering College","Nerul","Civil Engineering",2022,3,"NT",56.72,60600
104,"Terna Engineering College","Nerul","Automobile Engineering",2022,3,"NT",51.22,68300
104,"Terna Engineering College","Nerul","Computer Engineering",2022,3,"SC",75.02,34950
104,"Terna Engineering College","Nerul","Information Technology",2022,3,"SC",83.22,23500
104,"Terna Engineering College","Nerul","Electronics & Telecommunication",2022,3,"SC",75.82,33850
104,"Terna Engineering College","Nerul","Mechanical Engineering",2022,3,"SC",60.52,55250
104,"Terna Engineering College","Nerul","Civil Engineering",2022,3,"SC",55.02,62950
104,"Terna Engineering College","Nerul","Automobile Engineering",2022,3,"SC",49.52,70650
104,"Terna Engineering College","Nerul","Computer Engineering",2022,3,"ST",73.52,37050
104,"Terna Engineering College","Nerul","Information Technology",2022,3,"ST",81.72,25600
104,"Terna Engineering College","Nerul","Electronics & Telecommunication",2022,3,"ST",74.32,35950
104,"Terna Engineering College","Nerul","Mechanical Engineering",2022,3,"ST",59.02,57350
104,"Terna Engineering College","Nerul","Civil Engineering",2022,3,"ST",53.52,65050
104,"Terna Engineering College","Nerul","Automobile Engineering",2022,3,"ST",48.02,72750
104,"Terna Engineering College","Nerul","Computer Engineering",2022,3,"Others",76.32,33150
104,"Terna Engineering College","Nerul","Information Technology",2022,3,"Others",84.52,21650
104,"Terna Engineering College","Nerul","Electronics & Telecommunication",2022,3,"Others",77.12,32050
104,"Terna Engineering College","Nerul","Mechanical Engineering",2022,3,"Others",61.82,53450
104,"Terna Engineering College","Nerul","Civil Engineering",2022,3,"Others",56.32,61150
104,"Terna Engineering College","Nerul","Automobile Engineering",2022,3,"Others",50.82,68850
104,"Terna Engineering College","Nerul","Computer Engineering",2023,1,"Open",79.34,28900
104,"Terna Engineering College","Nerul","Information Technology",2023,1,"Open",87.54,17450
104,"Terna Engineering College","Nerul","Electronics & Telecommunication",2023,1,"Open",80.14,27800
104,"Terna Engineering College","Nerul","Mechanical Engineering",2023,1,"Open",64.84,49200
104,"Terna Engineering College","Nerul","Civil Engineering",2023,1,"Open",59.34,56900
104,"Terna Engineering College","Nerul","Automobile Engineering",2023,1,"Open",53.84,64600
104,"Terna Engineering College","Nerul","Computer Engineering",2023,1,"OBC",79.34,28900
104,"Terna Engineering College","Nerul","Information Technology",2023,1,"OBC",87.54,17450
104,"Terna Engineering College","Nerul","Electronics & Telecommunication",2023,1,"OBC",80.14,27800
104,"Terna Engineering College","Nerul","Mechanical Engineering",2023,1,"OBC",64.84,49200
104,"Terna Engineering College","Nerul","Civil Engineering",2023,1,"OBC",59.34,56900
104,"Terna Engineering College","Nerul","Automobile Engineering",2023,1,"OBC",53.84,64600
104,"Terna Engineering College","Nerul","Computer Engineering",2023,1,"NT",78.54,30050
104,"Terna Engineering College","Nerul","Information Technology",2023,1,"NT",86.74,18550
104,"Terna Engineering College","Nerul","Electronics & Telecommunication",2023,1,"NT",79.34,28900
104,"Terna Engineering College","Nerul","Mechanical Engineering",2023,1,"NT",64.04,50350
104,"Terna Engineering College","Nerul","Civil Engineering",2023,1,"NT",58.54,58050
104,"Terna Engineering College","Nerul","Automobile Engineering",2023,1,"NT",53.04,65750
104,"Terna Engineering College","Nerul","Computer Engineering",2023,1,"SC",76.84,32400
104,"Terna Engineering College","Nerul","Information Technology",2023,1,"SC",85.04,20950
104,"Terna Engineering College","Nerul","Electronics & Telecommunication",2023,1,"SC",77.64,31300
104,"Terna Engineering College","Nerul","Mechanical Engineering",2023,1,"SC",62.34,52700
104,"Terna Engineering College","Nerul","Civil Engineering",2023,1,"SC",56.84,60400
104,"Terna Engineering College","Nerul","Automobile Engineering",2023,1,"SC",51.34,68100
104,"Terna Engineering College","Nerul","Computer Engineering",2023,1,"ST",75.34,34500
104,"Terna Engineering College","Nerul","Information Technology",2023,1,"ST",83.54,23050
104,"Terna Engineering College","Nerul","Electronics & Telecommunication",2023,1,"ST",76.14,33400
104,"Terna Engineering College","Nerul","Mechanical Engineering",2023,1,"ST",60.84,54800
104,"Terna Engineering College","Nerul","Civil Engineering",2023,1,"ST",55.34,62500
104,"Terna Engineering College","Nerul","Automobile Engineering",2023,1,"ST",49.84,70200
104,"Terna Engineering College","Nerul","Computer Engineering",2023,1,"Others",78.14,30600
104,"Terna Engineering College","Nerul","Information Technology",2023,1,"Others",86.34,19100
104,"Terna Engineering College","Nerul","Electronics & Telecommunication",2023,1,"Others",78.94,29500
104,"Terna Engineering College","Nerul","Mechanical Engineering",2023,1,"Others",63.64,50900
104,"Terna Engineering College","Nerul","Civil Engineering",2023,1,"Others",58.14,58600
104,"Terna Engineering College","Nerul","Automobile Engineering",2023,1,"Others",52.64,66300
104,"Terna Engineering College","Nerul","Computer Engineering",2023,2,"Open",79,29400
104,"Terna Engineering College","Nerul","Information Technology",2023,2,"Open",87.2,17900
104,"Terna Engineering College","Nerul","Electronics & Telecommunication",2023,2,"Open",79.8,28300
104,"Terna Engineering College","Nerul","Mechanical Engineering",2023,2,"Open",64.5,49700
104,"Terna Engineering College","Nerul","Civil Engineering",2023,2,"Open",59,57400
104,"Terna Engineering College","Nerul","Automobile Engineering",2023,2,"Open",53.5,65100
104,"Terna Engineering College","Nerul","Computer Engineering",2023,2,"OBC",79,29400
104,"Terna Engineering College","Nerul","Information Technology",2023,2,"OBC",87.2,17900
104,"Terna Engineering College","Nerul","Electronics & Telecommunication",2023,2,"OBC",79.8,28300
104,"Terna Engineering College","Nerul","Mechanical Engineering",2023,2,"OBC",64.5,49700
104,"Terna Engineering College","Nerul","Civil Engineering",2023,2,"OBC",59,57400
104,"Terna Engineering College","Nerul","Automobile Engineering",2023,2,"OBC",53.5,65100
104,"Terna Engineering College","Nerul","Computer Engineering",2023,2,"NT",78.2,30500
104,"Terna Engineering College","Nerul","Information Technology",2023,2,"NT",86.4,19050
104,"Terna Engineering College","Nerul","Electronics & Telecommunication",2023,2,"NT",79,29400
104,"Terna Engineering College","Nerul","Mechanical Engineering",2023,2,"NT",63.7,50800
104,"Terna Engineering College","Nerul","Civil Engineering",2023,2,"NT",58.2,58500
104,"Terna Engineering College","Nerul","Automobile Engineering",2023,2,"NT",52.7,66200
104,"Terna Engineering College","Nerul","Computer Engineering",2023,2,"SC",76.5,32900
104,"Terna Engineering College","Nerul","Information Technology",2023,2,"SC",84.7,21400
104,"Terna Engineering College","Nerul","Electronics & Telecommunication",2023,2,"SC",77.3,31800
104,"Terna Engineering College","Nerul","Mechanical Engineering",2023,2,"SC",62,53200
104,"Terna Engineering College","Nerul","Civil Engineering",2023,2,"SC",56.5,60900
104,"Terna Engineering College","Nerul","Automobile Engineering",2023,2,"SC",51,68600
104,"Terna Engineering College","Nerul","Computer Engineering",2023,2,"ST",75,35000
104,"Terna Engineering College","Nerul","Information Technology",2023,2,"ST",83.2,23500
104,"Terna Engineering College","Nerul","Electronics & Telecommunication",2023,2,"ST",75.8,33900
104,"Terna Engineering College","Nerul","Mechanical Engineering",2023,2,"ST",60.5,55300
104,"Terna Engineering College","Nerul","Civil Engineering",2023,2,"ST",55,63000
104,"Terna Engineering College","Nerul","Automobile Engineering",2023,2,"ST",49.5,70700
104,"Terna Engineering College","Nerul","Computer Engineering",2023,2,"Others",77.8,31100
104,"Terna Engineering College","Nerul","Information Technology",2023,2,"Others",86,19600
104,"Terna Engineering College","Nerul","Electronics & Telecommunication",2023,2,"Others",78.6,29950
104,"Terna Engineering College","Nerul","Mechanical Engineering",2023,2,"Others",63.3,51400
104,"Terna Engineering College","Nerul","Civil Engineering",2023,2,"Others",57.8,59100
104,"Terna Engineering College","Nerul","Automobile Engineering",2023,2,"Others",52.3,66800
104,"Terna Engineering College","Nerul","Computer Engineering",2023,3,"Open",78.26,30450
104,"Terna Engineering College","Nerul","Information Technology",2023,3,"Open",86.46,18950
104,"Terna Engineering College","Nerul","Electronics & Telecommunication",2023,3,"Open",79.06,29300
104,"Terna Engineering College","Nerul","Mechanical Engineering",2023,3,"Open",63.76,50750
104,"Terna Engineering College","Nerul","Civil Engineering",2023,3,"Open",58.26,58450
104,"Terna Engineering College","Nerul","Automobile Engineering",2023,3,"Open",52.76,66150
104,"Terna Engineering College","Nerul","Computer Engineering",2023,3,"OBC",78.26,30450
104,"Terna Engineering College","Nerul","Information Technology",2023,3,"OBC",86.46,18950
104,"Terna Engineering College","Nerul","Electronics & Telecommunication",2023,3,"OBC",79.06,29300
104,"Terna Engineering College","Nerul","Mechanical Engineering",2023,3,"OBC",63.76,50750
104,"Terna Engineering College","Nerul","Civil Engineering",2023,3,"OBC",58.26,58450
104,"Terna Engineering College","Nerul","Automobile Engineering",2023,3,"OBC",52.76,66150
104,"Terna Engineering College","Nerul","Computer Engineering",2023,3,"NT",77.46,31550
104,"Terna Engineering College","Nerul","Information Technology",2023,3,"NT",85.66,20100
104,"Terna Engineering College","Nerul","Electronics & Telecommunication",2023,3,"NT",78.26,30450
104,"Terna Engineering College","Nerul","Mechanical Engineering",2023,3,"NT",62.96,51850
104,"Terna Engineering College","Nerul","Civil Engineering",2023,3,"NT",57.46,59550
104,"Terna Engineering College","Nerul","Automobile Engineering",2023,3,"NT",51.96,67250
104,"Terna Engineering College","Nerul","Computer Engineering",2023,3,"SC",75.76,33950
104,"Terna Engineering College","Nerul","Information Technology",2023,3,"SC",83.96,22450
104,"Terna Engineering College","Nerul","Electronics & Telecommunication",2023,3,"SC",76.56,32800
104,"Terna Engineering College","Nerul","Mechanical Engineering",2023,3,"SC",61.26,54250
104,"Terna Engineering College","Nerul","Civil Engineering",2023,3,"SC",55.76,61950
104,"Terna Engineering College","Nerul","Automobile Engineering",2023,3,"SC",50.26,69650
104,"Terna Engineering College","Nerul","Computer Engineering",2023,3,"ST",74.26,36050
104,"Terna Engineering College","Nerul","Information Technology",2023,3,"ST",82.46,24550
104,"Terna Engineering College","Nerul","Electronics & Telecommunication",2023,3,"ST",75.06,34900
104,"Terna Engineering College","Nerul","Mechanical Engineering",2023,3,"ST",59.76,56350
104,"Terna Engineering College","Nerul","Civil Engineering",2023,3,"ST",54.26,64050
104,"Terna Engineering College","Nerul","Automobile Engineering",2023,3,"ST",48.76,71750
104,"Terna Engineering College","Nerul","Computer Engineering",2023,3,"Others",77.06,32100
104,"Terna Engineering College","Nerul","Information Technology",2023,3,"Others",85.26,20650
104,"Terna Engineering College","Nerul","Electronics & Telecommunication",2023,3,"Others",77.86,31000
104,"Terna Engineering College","Nerul","Mechanical Engineering",2023,3,"Others",62.56,52400
104,"Terna Engineering College","Nerul","Civil Engineering",2023,3,"Others",57.06,60100
104,"Terna Engineering College","Nerul","Automobile Engineering",2023,3,"Others",51.56,67800
104,"Terna Engineering College","Nerul","Computer Engineering",2024,1,"Open",80.08,27900
104,"Terna Engineering College","Nerul","Information Technology",2024,1,"Open",88.28,16400
104,"Terna Engineering College","Nerul","Electronics & Telecommunication",2024,1,"Open",80.88,26750
104,"Terna Engineering College","Nerul","Mechanical Engineering",2024,1,"Open",65.58,48200
104,"Terna Engineering College","Nerul","Civil Engineering",2024,1,"Open",60.08,55900
104,"Terna Engineering College","Nerul","Automobile Engineering",2024,1,"Open",54.58,63600
104,"Terna Engineering College","Nerul","Computer Engineering",2024,1,"OBC",80.08,27900
104,"Terna Engineering College","Nerul","Information Technology",2024,1,"OBC",88.28,16400
104,"Terna Engineering College","Nerul","Electronics & Telecommunication",2024,1,"OBC",80.88,26750
104,"Terna Engineering College","Nerul","Mechanical Engineering",2024,1,"OBC",65.58,48200
104,"Terna Engineering College","Nerul","Civil Engineering",2024,1,"OBC",60.08,55900
104,"Terna Engineering College","Nerul","Automobile Engineering",2024,1,"OBC",54.58,63600
104,"Terna Engineering College","Nerul","Computer Engineering",2024,1,"NT",79.28,29000
104,"Terna Engineering College","Nerul","Information Technology",2024,1,"NT",87.48,17550
104,"Terna Engineering College","Nerul","Electronics & Telecommunication",2024,1,"NT",80.08,27900
104,"Terna Engineering College","Nerul","Mechanical Engineering",2024,1,"NT",64.78,49300
104,"Terna Engineering College","Nerul","Civil Engineering",2024,1,"NT",59.28,57000
104,"Terna Engineering College","Nerul","Automobile Engineering",2024,1,"NT",53.78,64700
104,"Terna Engineering College","Nerul","Computer Engineering",2024,1,"SC",77.58,31400
104,"Terna Engineering College","Nerul","Information Technology",2024,1,"SC",85.78,19900
104,"Terna Engineering College","Nerul","Electronics & Telecommunication",2024,1,"SC",78.38,30250
104,"Terna Engineering College","Nerul","Mechanical Engineering",2024,1,"SC",63.08,51700
104,"Terna Engineering College","Nerul","Civil Engineering",2024,1,"SC",57.58,59400
104,"Terna Engineering College","Nerul","Automobile Engineering",2024,1,"SC",52.08,67100
104,"Terna Engineering College","Nerul","Computer Engineering",2024,1,"ST",76.08,33500
104,"Terna Engineering College","Nerul","Information Technology",2024,1,"ST",84.28,22000
104,"Terna Engineering College","Nerul","Electronics & Telecommunication",2024,1,"ST",76.88,32350
104,"Terna Engineering College","Nerul","Mechanical Engineering",2024,1,"ST",61.58,53800
104,"Terna Engineering College","Nerul","Civil Engineering",2024,1,"ST",56.08,61500
104,"Terna Engineering College","Nerul","Automobile Engineering",2024,1,"ST",50.58,69200
104,"Terna Engineering College","Nerul","Computer Engineering",2024,1,"Others",78.88,29550
104,"Terna Engineering College","Nerul","Information Technology",2024,1,"Others",87.08,18100
104,"Terna Engineering College","Nerul","Electronics & Telecommunication",2024,1,"Others",79.68,28450
104,"Terna Engineering College","Nerul","Mechanical Engineering",2024,1,"Others",64.38,49850
104,"Terna Engineering College","Nerul","Civil Engineering",2024,1,"Others",58.88,57550
104,"Terna Engineering College","Nerul","Automobile Engineering",2024,1,"Others",53.38,65250
104,"Terna Engineering College","Nerul","Computer Engineering",2024,2,"Open",79.34,28900
104,"Terna Engineering College","Nerul","Information Technology",2024,2,"Open",87.54,17450
104,"Terna Engineering College","Nerul","Electronics & Telecommunication",2024,2,"Open",80.14,27800
104,"Terna Engineering College","Nerul","Mechanical Engineering",2024,2,"Open",64.84,49200
104,"Terna Engineering College","Nerul","Civil Engineering",2024,2,"Open",59.34,56900
104,"Terna Engineering College","Nerul","Automobile Engineering",2024,2,"Open",53.84,64600
104,"Terna Engineering College","Nerul","Computer Engineering",2024,2,"OBC",79.34,28900
104,"Terna Engineering College","Nerul","Information Technology",2024,2,"OBC",87.54,17450
104,"Terna Engineering College","Nerul","Electronics & Telecommunication",2024,2,"OBC",80.14,27800
104,"Terna Engineering College","Nerul","Mechanical Engineering",2024,2,"OBC",64.84,49200
104,"Terna Engineering College","Nerul","Civil Engineering",2024,2,"OBC",59.34,56900
104,"Terna Engineering College","Nerul","Automobile Engineering",2024,2,"OBC",53.84,64600
104,"Terna Engineering College","Nerul","Computer Engineering",2024,2,"NT",78.54,30050
104,"Terna Engineering College","Nerul","Information Technology",2024,2,"NT",86.74,18550
104,"Terna Engineering College","Nerul","Electronics & Telecommunication",2024,2,"NT",79.34,28900
104,"Terna Engineering College","Nerul","Mechanical Engineering",2024,2,"NT",64.04,50350
104,"Terna Engineering College","Nerul","Civil Engineering",2024,2,"NT",58.54,58050
104,"Terna Engineering College","Nerul","Automobile Engineering",2024,2,"NT",53.04,65750
104,"Terna Engineering College","Nerul","Computer Engineering",2024,2,"SC",76.84,32400
104,"Terna Engineering College","Nerul","Information Technology",2024,2,"SC",85.04,20950
104,"Terna Engineering College","Nerul","Electronics & Telecommunication",2024,2,"SC",77.64,31300
104,"Terna Engineering College","Nerul","Mechanical Engineering",2024,2,"SC",62.34,52700
104,"Terna Engineering College","Nerul","Civil Engineering",2024,2,"SC",56.84,60400
104,"Terna Engineering College","Nerul","Automobile Engineering",2024,2,"SC",51.34,68100
104,"Terna Engineering College","Nerul","Computer Engineering",2024,2,"ST",75.34,34500
104,"Terna Engineering College","Nerul","Information Technology",2024,2,"ST",83.54,23050
104,"Terna Engineering College","Nerul","Electronics & Telecommunication",2024,2,"ST",76.14,33400
104,"Terna Engineering College","Nerul","Mechanical Engineering",2024,2,"ST",60.84,54800
104,"Terna Engineering College","Nerul","Civil Engineering",2024,2,"ST",55.34,62500
104,"Terna Engineering College","Nerul","Automobile Engineering",2024,2,"ST",49.84,70200
104,"Terna Engineering College","Nerul","Computer Engineering",2024,2,"Others",78.14,30600
104,"Terna Engineering College","Nerul","Information Technology",2024,2,"Others",86.34,19100
104,"Terna Engineering College","Nerul","Electronics & Telecommunication",2024,2,"Others",78.94,29500
104,"Terna Engineering College","Nerul","Mechanical Engineering",2024,2,"Others",63.64,50900
104,"Terna Engineering College","Nerul","Civil Engineering",2024,2,"Others",58.14,58600
104,"Terna Engineering College","Nerul","Automobile Engineering",2024,2,"Others",52.64,66300
104,"Terna Engineering College","Nerul","Computer Engineering",2024,3,"Open",79,29400
104,"Terna Engineering College","Nerul","Information Technology",2024,3,"Open",87.2,17900
104,"Terna Engineering College","Nerul","Electronics & Telecommunication",2024,3,"Open",79.8,28300
104,"Terna Engineering College","Nerul","Mechanical Engineering",2024,3,"Open",64.5,49700
104,"Terna Engineering College","Nerul","Civil Engineering",2024,3,"Open",59,57400
104,"Terna Engineering College","Nerul","Automobile Engineering",2024,3,"Open",53.5,65100
104,"Terna Engineering College","Nerul","Computer Engineering",2024,3,"OBC",79,29400
104,"Terna Engineering College","Nerul","Information Technology",2024,3,"OBC",87.2,17900
104,"Terna Engineering College","Nerul","Electronics & Telecommunication",2024,3,"OBC",79.8,28300
104,"Terna Engineering College","Nerul","Mechanical Engineering",2024,3,"OBC",64.5,49700
104,"Terna Engineering College","Nerul","Civil Engineering",2024,3,"OBC",59,57400
104,"Terna Engineering College","Nerul","Automobile Engineering",2024,3,"OBC",53.5,65100
104,"Terna Engineering College","Nerul","Computer Engineering",2024,3,"NT",78.2,30500
104,"Terna Engineering College","Nerul","Information Technology",2024,3,"NT",86.4,19050
104,"Terna Engineering College","Nerul","Electronics & Telecommunication",2024,3,"NT",79,29400
104,"Terna Engineering College","Nerul","Mechanical Engineering",2024,3,"NT",63.7,50800
104,"Terna Engineering College","Nerul","Civil Engineering",2024,3,"NT",58.2,58500
104,"Terna Engineering College","Nerul","Automobile Engineering",2024,3,"NT",52.7,66200
104,"Terna Engineering College","Nerul","Computer Engineering",2024,3,"SC",76.5,32900
104,"Terna Engineering College","Nerul","Information Technology",2024,3,"SC",84.7,21400
104,"Terna Engineering College","Nerul","Electronics & Telecommunication",2024,3,"SC",77.3,31800
104,"Terna Engineering College","Nerul","Mechanical Engineering",2024,3,"SC",62,53200
104,"Terna Engineering College","Nerul","Civil Engineering",2024,3,"SC",56.5,60900
104,"Terna Engineering College","Nerul","Automobile Engineering",2024,3,"SC",51,68600
104,"Terna Engineering College","Nerul","Computer Engineering",2024,3,"ST",75,35000
104,"Terna Engineering College","Nerul","Information Technology",2024,3,"ST",83.2,23500
104,"Terna Engineering College","Nerul","Electronics & Telecommunication",2024,3,"ST",75.8,33900
104,"Terna Engineering College","Nerul","Mechanical Engineering",2024,3,"ST",60.5,55300
104,"Terna Engineering College","Nerul","Civil Engineering",2024,3,"ST",55,63000
104,"Terna Engineering College","Nerul","Automobile Engineering",2024,3,"ST",49.5,70700
104,"Terna Engineering College","Nerul","Computer Engineering",2024,3,"Others",77.8,31100
104,"Terna Engineering College","Nerul","Information Technology",2024,3,"Others",86,19600
104,"Terna Engineering College","Nerul","Electronics & Telecommunication",2024,3,"Others",78.6,29950
104,"Terna Engineering College","Nerul","Mechanical Engineering",2024,3,"Others",63.3,51400
104,"Terna Engineering College","Nerul","Civil Engineering",2024,3,"Others",57.8,59100
104,"Terna Engineering College","Nerul","Automobile Engineering",2024,3,"Others",52.3,66800
104,"Terna Engineering College","Nerul","Computer Engineering",2025,1,"Open",80.72,27000
104,"Terna Engineering College","Nerul","Information Technology",2025,1,"Open",88.92,15500
104,"Terna Engineering College","Nerul","Electronics & Telecommunication",2025,1,"Open",81.52,25850
104,"Terna Engineering College","Nerul","Mechanical Engineering",2025,1,"Open",66.22,47300
104,"Terna Engineering College","Nerul","Civil Engineering",2025,1,"Open",60.72,55000
104,"Terna Engineering College","Nerul","Automobile Engineering",2025,1,"Open",55.22,62700
104,"Terna Engineering College","Nerul","Computer Engineering",2025,1,"OBC",80.72,27000
104,"Terna Engineering College","Nerul","Information Technology",2025,1,"OBC",88.92,15500
104,"Terna Engineering College","Nerul","Electronics & Telecommunication",2025,1,"OBC",81.52,25850
104,"Terna Engineering College","Nerul","Mechanical Engineering",2025,1,"OBC",66.22,47300
104,"Terna Engineering College","Nerul","Civil Engineering",2025,1,"OBC",60.72,55000
104,"Terna Engineering College","Nerul","Automobile Engineering",2025,1,"OBC",55.22,62700
104,"Terna Engineering College","Nerul","Computer Engineering",2025,1,"NT",79.92,28100
104,"Terna Engineering College","Nerul","Information Technology",2025,1,"NT",88.12,16650
104,"Terna Engineering College","Nerul","Electronics & Telecommunication",2025,1,"NT",80.72,27000
104,"Terna Engineering College","Nerul","Mechanical Engineering",2025,1,"NT",65.42,48400
104,"Terna Engineering College","Nerul","Civil Engineering",2025,1,"NT",59.92,56100
104,"Terna Engineering College","Nerul","Automobile Engineering",2025,1,"NT",54.42,63800
104,"Terna Engineering College","Nerul","Computer Engineering",2025,1,"SC",78.22,30500
104,"Terna Engineering College","Nerul","Information Technology",2025,1,"SC",86.42,19000
104,"Terna Engineering College","Nerul","Electronics & Telecommunication",2025,1,"SC",79.02,29350
104,"Terna Engineering College","Nerul","Mechanical Engineering",2025,1,"SC",63.72,50800
104,"Terna Engineering College","Nerul","Civil Engineering",2025,1,"SC",58.22,58500
104,"Terna Engineering College","Nerul","Automobile Engineering",2025,1,"SC",52.72,66200
104,"Terna Engineering College","Nerul","Computer Engineering",2025,1,"ST",76.72,32600
104,"Terna Engineering College","Nerul","Information Technology",2025,1,"ST",84.92,21100
104,"Terna Engineering College","Nerul","Electronics & Telecommunication",2025,1,"ST",77.52,31450
104,"Terna Engineering College","Nerul","Mechanical Engineering",2025,1,"ST",62.22,52900
104,"Terna Engineering College","Nerul","Civil Engineering",2025,1,"ST",56.72,60600
104,"Terna Engineering College","Nerul","Automobile Engineering",2025,1,"ST",51.22,68300
104,"Terna Engineering College","Nerul","Computer Engineering",2025,1,"Others",79.52,28650
104,"Terna Engineering College","Nerul","Information Technology",2025,1,"Others",87.72,17200
104,"Terna Engineering College","Nerul","Electronics & Telecommunication",2025,1,"Others",80.32,27550
104,"Terna Engineering College","Nerul","Mechanical Engineering",2025,1,"Others",65.02,48950
104,"Terna Engineering College","Nerul","Civil Engineering",2025,1,"Others",59.52,56650
104,"Terna Engineering College","Nerul","Automobile Engineering",2025,1,"Others",54.02,64350
104,"Terna Engineering College","Nerul","Computer Engineering",2025,2,"Open",79.98,28050
104,"Terna Engineering College","Nerul","Information Technology",2025,2,"Open",88.18,16550
104,"Terna Engineering College","Nerul","Electronics & Telecommunication",2025,2,"Open",80.78,26900
104,"Terna Engineering College","Nerul","Mechanical Engineering",2025,2,"Open",65.48,48350
104,"Terna Engineering College","Nerul","Civil Engineering",2025,2,"Open",59.98,56050
104,"Terna Engineering College","Nerul","Automobile Engineering",2025,2,"Open",54.48,63750
104,"Terna Engineering College","Nerul","Computer Engineering",2025,2,"OBC",79.98,28050
104,"Terna Engineering College","Nerul","Information Technology",2025,2,"OBC",88.18,16550
104,"Terna Engineering College","Nerul","Electronics & Telecommunication",2025,2,"OBC",80.78,26900
104,"Terna Engineering College","Nerul","Mechanical Engineering",2025,2,"OBC",65.48,48350
104,"Terna Engineering College","Nerul","Civil Engineering",2025,2,"OBC",59.98,56050
104,"Terna Engineering College","Nerul","Automobile Engineering",2025,2,"OBC",54.48,63750
104,"Terna Engineering College","Nerul","Computer Engineering",2025,2,"NT",79.18,29150
104,"Terna Engineering College","Nerul","Information Technology",2025,2,"NT",87.38,17650
104,"Terna Engineering College","Nerul","Electronics & Telecommunication",2025,2,"NT",79.98,28050
104,"Terna Engineering College","Nerul","Mechanical Engineering",2025,2,"NT",64.68,49450
104,"Terna Engineering College","Nerul","Civil Engineering",2025,2,"NT",59.18,57150
104,"Terna Engineering College","Nerul","Automobile Engineering",2025,2,"NT",53.68,64850
104,"Terna Engineering College","Nerul","Computer Engineering",2025,2,"SC",77.48,31550
104,"Terna Engineering College","Nerul","Information Technology",2025,2,"SC",85.68,20050
104,"Terna Engineering College","Nerul","Electronics & Telecommunication",2025,2,"SC",78.28,30400
104,"Terna Engineering College","Nerul","Mechanical Engineering",2025,2,"SC",62.98,51850
104,"Terna Engineering College","Nerul","Civil Engineering",2025,2,"SC",57.48,59550
104,"Terna Engineering College","Nerul","Automobile Engineering",2025,2,"SC",51.98,67250
104,"Terna Engineering College","Nerul","Computer Engineering",2025,2,"ST",75.98,33650
104,"Terna Engineering College","Nerul","Information Technology",2025,2,"ST",84.18,22150
104,"Terna Engineering College","Nerul","Electronics & Telecommunication",2025,2,"ST",76.78,32500
104,"Terna Engineering College","Nerul","Mechanical Engineering",2025,2,"ST",61.48,53950
104,"Terna Engineering College","Nerul","Civil Engineering",2025,2,"ST",55.98,61650
104,"Terna Engineering College","Nerul","Automobile Engineering",2025,2,"ST",50.48,69350
104,"Terna Engineering College","Nerul","Computer Engineering",2025,2,"Others",78.78,29700
104,"Terna Engineering College","Nerul","Information Technology",2025,2,"Others",86.98,18250
104,"Terna Engineering College","Nerul","Electronics & Telecommunication",2025,2,"Others",79.58,28600
104,"Terna Engineering College","Nerul","Mechanical Engineering",2025,2,"Others",64.28,50000
104,"Terna Engineering College","Nerul","Civil Engineering",2025,2,"Others",58.78,57700
104,"Terna Engineering College","Nerul","Automobile Engineering",2025,2,"Others",53.28,65400
104,"Terna Engineering College","Nerul","Computer Engineering",2025,3,"Open",79.24,29050
104,"Terna Engineering College","Nerul","Information Technology",2025,3,"Open",87.44,17600
104,"Terna Engineering College","Nerul","Electronics & Telecommunication",2025,3,"Open",80.04,27950
104,"Terna Engineering College","Nerul","Mechanical Engineering",2025,3,"Open",64.74,49350
104,"Terna Engineering College","Nerul","Civil Engineering",2025,3,"Open",59.24,57050
104,"Terna Engineering College","Nerul","Automobile Engineering",2025,3,"Open",53.74,64750
104,"Terna Engineering College","Nerul","Computer Engineering",2025,3,"OBC",79.24,29050
104,"Terna Engineering College","Nerul","Information Technology",2025,3,"OBC",87.44,17600
104,"Terna Engineering College","Nerul","Electronics & Telecommunication",2025,3,"OBC",80.04,27950
104,"Terna Engineering College","Nerul","Mechanical Engineering",2025,3,"OBC",64.74,49350
104,"Terna Engineering College","Nerul","Civil Engineering",2025,3,"OBC",59.24,57050
104,"Terna Engineering College","Nerul","Automobile Engineering",2025,3,"OBC",53.74,64750
104,"Terna Engineering College","Nerul","Computer Engineering",2025,3,"NT",78.44,30200
104,"Terna Engineering College","Nerul","Information Technology",2025,3,"NT",86.64,18700
104,"Terna Engineering College","Nerul","Electronics & Telecommunication",2025,3,"NT",79.24,29050
104,"Terna Engineering College","Nerul","Mechanical Engineering",2025,3,"NT",63.94,50500
104,"Terna Engineering College","Nerul","Civil Engineering",2025,3,"NT",58.44,58200
104,"Terna Engineering College","Nerul","Automobile Engineering",2025,3,"NT",52.94,65900
104,"Terna Engineering College","Nerul","Computer Engineering",2025,3,"SC",76.74,32550
104,"Terna Engineering College","Nerul","Information Technology",2025,3,"SC",84.94,21100
104,"Terna Engineering College","Nerul","Electronics & Telecommunication",2025,3,"SC",77.54,31450
104,"Terna Engineering College","Nerul","Mechanical Engineering",2025,3,"SC",62.24,52850
104,"Terna Engineering College","Nerul","Civil Engineering",2025,3,"SC",56.74,60550
104,"Terna Engineering College","Nerul","Automobile Engineering",2025,3,"SC",51.24,68250
104,"Terna Engineering College","Nerul","Computer Engineering",2025,3,"ST",75.24,34650
104,"Terna Engineering College","Nerul","Information Technology",2025,3,"ST",83.44,23200
104,"Terna Engineering College","Nerul","Electronics & Telecommunication",2025,3,"ST",76.04,33550
104,"Terna Engineering College","Nerul","Mechanical Engineering",2025,3,"ST",60.74,54950
104,"Terna Engineering College","Nerul","Civil Engineering",2025,3,"ST",55.24,62650
104,"Terna Engineering College","Nerul","Automobile Engineering",2025,3,"ST",49.74,70350
104,"Terna Engineering College","Nerul","Computer Engineering",2025,3,"Others",78.04,30750
104,"Terna Engineering College","Nerul","Information Technology",2025,3,"Others",86.24,19250
104,"Terna Engineering College","Nerul","Electronics & Telecommunication",2025,3,"Others",78.84,29600
104,"Terna Engineering College","Nerul","Mechanical Engineering",2025,3,"Others",63.54,51050
104,"Terna Engineering College","Nerul","Civil Engineering",2025,3,"Others",58.04,58750
104,"Terna Engineering College","Nerul","Automobile Engineering",2025,3,"Others",52.54,66450
105,"Bharati Vidyapeeth College of Engineering (BVCOE)","Belapur","Computer Engineering",2021,1,"Open",77.7,31200
105,"Bharati Vidyapeeth College of Engineering (BVCOE)","Belapur","Information Technology",2021,1,"Open",85.9,19750
105,"Bharati Vidyapeeth College of Engineering (BVCOE)","Belapur","Electronics & Telecommunication",2021,1,"Open",78.5,30100
105,"Bharati Vidyapeeth College of Engineering (BVCOE)","Belapur","Mechanical Engineering",2021,1,"Open",63.2,51500
105,"Bharati Vidyapeeth College of Engineering (BVCOE)","Belapur","Civil Engineering",2021,1,"Open",57.7,59200
105,"Bharati Vidyapeeth College of Engineering (BVCOE)","Belapur","Automobile Engineering",2021,1,"Open",52.2,66900
105,"Bharati Vidyapeeth College of Engineering (BVCOE)","Belapur","Computer Engineering",2021,1,"OBC",77.7,31200
105,"Bharati Vidyapeeth College of Engineering (BVCOE)","Belapur","Information Technology",2021,1,"OBC",85.9,19750
105,"Bharati Vidyapeeth College of Engineering (BVCOE)","Belapur","Electronics & Telecommunication",2021,1,"OBC",78.5,30100
105,"Bharati Vidyapeeth College of Engineering (BVCOE)","Belapur","Mechanical Engineering",2021,1,"OBC",63.2,51500
105,"Bharati Vidyapeeth College of Engineering (BVCOE)","Belapur","Civil Engineering",2021,1,"OBC",57.7,59200
105,"Bharati Vidyapeeth College of Engineering (BVCOE)","Belapur","Automobile Engineering",2021,1,"OBC",52.2,66900
105,"Bharati Vidyapeeth College of Engineering (BVCOE)","Belapur","Computer Engineering",2021,1,"NT",76.9,32350
105,"Bharati Vidyapeeth College of Engineering (BVCOE)","Belapur","Information Technology",2021,1,"NT",85.1,20850
105,"Bharati Vidyapeeth College of Engineering (BVCOE)","Belapur","Electronics & Telecommunication",2021,1,"NT",77.7,31200
105,"Bharati Vidyapeeth College of Engineering (BVCOE)","Belapur","Mechanical Engineering",2021,1,"NT",62.4,52650
105,"Bharati Vidyapeeth College of Engineering (BVCOE)","Belapur","Civil Engineering",2021,1,"NT",56.9,60350
105,"Bharati Vidyapeeth College of Engineering (BVCOE)","Belapur","Automobile Engineering",2021,1,"NT",51.4,68050
105,"Bharati Vidyapeeth College of Engineering (BVCOE)","Belapur","Computer Engineering",2021,1,"SC",75.2,34700
105,"Bharati Vidyapeeth College of Engineering (BVCOE)","Belapur","Information Technology",2021,1,"SC",83.4,23250
105,"Bharati Vidyapeeth College of Engineering (BVCOE)","Belapur","Electronics & Telecommunication",2021,1,"SC",76,33600
105,"Bharati Vidyapeeth College of Engineering (BVCOE)","Belapur","Mechanical Engineering",2021,1,"SC",60.7,55000
105,"Bharati Vidyapeeth College of Engineering (BVCOE)","Belapur","Civil Engineering",2021,1,"SC",55.2,62700
105,"Bharati Vidyapeeth College of Engineering (BVCOE)","Belapur","Automobile Engineering",2021,1,"SC",49.7,70400
105,"Bharati Vidyapeeth College of Engineering (BVCOE)","Belapur","Computer Engineering",2021,1,"ST",73.7,36800
105,"Bharati Vidyapeeth College of Engineering (BVCOE)","Belapur","Information Technology",2021,1,"ST",81.9,25350
105,"Bharati Vidyapeeth College of Engineering (BVCOE)","Belapur","Electronics & Telecommunication",2021,1,"ST",74.5,35700
105,"Bharati Vidyapeeth College of Engineering (BVCOE)","Belapur","Mechanical Engineering",2021,1,"ST",59.2,57100
105,"Bharati Vidyapeeth College of Engineering (BVCOE)","Belapur","Civil Engineering",2021,1,"ST",53.7,64800
105,"Bharati Vidyapeeth College of Engineering (BVCOE)","Belapur","Automobile Engineering",2021,1,"ST",48.2,72500
105,"Bharati Vidyapeeth College of Engineering (BVCOE)","Belapur","Computer Engineering",2021,1,"Others",76.5,32900
105,"Bharati Vidyapeeth College of Engineering (BVCOE)","Belapur","Information Technology",2021,1,"Others",84.7,21400
105,"Bharati Vidyapeeth College of Engineering (BVCOE)","Belapur","Electronics & Telecommunication",2021,1,"Others",77.3,31800
105,"Bharati Vidyapeeth College of Engineering (BVCOE)","Belapur","Mechanical Engineering",2021,1,"Others",62,53200
105,"Bharati Vidyapeeth College of Engineering (BVCOE)","Belapur","Civil Engineering",2021,1,"Others",56.5,60900
105,"Bharati Vidyapeeth College of Engineering (BVCOE)","Belapur","Automobile Engineering",2021,1,"Others",51,68600
105,"Bharati Vidyapeeth College of Engineering (BVCOE)","Belapur","Computer Engineering",2021,2,"Open",77.36,31700
105,"Bharati Vidyapeeth College of Engineering (BVCOE)","Belapur","Information Technology",2021,2,"Open",85.56,20200
105,"Bharati Vidyapeeth College of Engineering (BVCOE)","Belapur","Electronics & Telecommunication",2021,2,"Open",78.16,30600
105,"Bharati Vidyapeeth College of Engineering (BVCOE)","Belapur","Mechanical Engineering",2021,2,"Open",62.86,52000
105,"Bharati Vidyapeeth College of Engineering (BVCOE)","Belapur","Civil Engineering",2021,2,"Open",57.36,59700
105,"Bharati Vidyapeeth College of Engineering (BVCOE)","Belapur","Automobile Engineering",2021,2,"Open",51.86,67400
105,"Bharati Vidyapeeth College of Engineering (BVCOE)","Belapur","Computer Engineering",2021,2,"OBC",77.36,31700
105,"Bharati Vidyapeeth College of Engineering (BVCOE)","Belapur","Information Technology",2021,2,"OBC",85.56,20200
105,"Bharati Vidyapeeth College of Engineering (BVCOE)","Belapur","Electronics & Telecommunication",2021,2,"OBC",78.16,30600
105,"Bharati Vidyapeeth College of Engineering (BVCOE)","Belapur","Mechanical Engineering",2021,2,"OBC",62.86,52000
105,"Bharati Vidyapeeth College of Engineering (BVCOE)","Belapur","Civil Engineering",2021,2,"OBC",57.36,59700
105,"Bharati Vidyapeeth College of Engineering (BVCOE)","Belapur","Automobile Engineering",2021,2,"OBC",51.86,67400
105,"Bharati Vidyapeeth College of Engineering (BVCOE)","Belapur","Computer Engineering",2021,2,"NT",76.56,32800
105,"Bharati Vidyapeeth College of Engineering (BVCOE)","Belapur","Information Technology",2021,2,"NT",84.76,21350
105,"Bharati Vidyapeeth College of Engineering (BVCOE)","Belapur","Electronics & Telecommunication",2021,2,"NT",77.36,31700
105,"Bharati Vidyapeeth College of Engineering (BVCOE)","Belapur","Mechanical Engineering",2021,2,"NT",62.06,53100
105,"Bharati Vidyapeeth College of Engineering (BVCOE)","Belapur","Civil Engineering",2021,2,"NT",56.56,60800
105,"Bharati Vidyapeeth College of Engineering (BVCOE)","Belapur","Automobile Engineering",2021,2,"NT",51.06,68500
105,"Bharati Vidyapeeth College of Engineering (BVCOE)","Belapur","Computer Engineering",2021,2,"SC",74.86,35200
105,"Bharati Vidyapeeth College of Engineering (BVCOE)","Belapur","Information Technology",2021,2,"SC",83.06,23700
105,"Bharati Vidyapeeth College of Engineering (BVCOE)","Belapur","Electronics & Telecommunication",2021,2,"SC",75.66,34100
105,"Bharati Vidyapeeth College of Engineering (BVCOE)","Belapur","Mechanical Engineering",2021,2,"SC",60.36,55500
105,"Bharati Vidyapeeth College of Engineering (BVCOE)","Belapur","Civil Engineering",2021,2,"SC",54.86,63200
105,"Bharati Vidyapeeth College of Engineering (BVCOE)","Belapur","Automobile Engineering",2021,2,"SC",49.36,70900
105,"Bharati Vidyapeeth College of Engineering (BVCOE)","Belapur","Computer Engineering",2021,2,"ST",73.36,37300
105,"Bharati Vidyapeeth College of Engineering (BVCOE)","Belapur","Information Technology",2021,2,"ST",81.56,25800
105,"Bharati Vidyapeeth College of Engineering (BVCOE)","Belapur","Electronics & Telecommunication",2021,2,"ST",74.16,36200
105,"Bharati Vidyapeeth College of Engineering (BVCOE)","Belapur","Mechanical Engineering",2021,2,"ST",58.86,57600
105,"Bharati Vidyapeeth College of Engineering (BVCOE)","Belapur","Civil Engineering",2021,2,"ST",53.36,65300
105,"Bharati Vidyapeeth College of Engineering (BVCOE)","Belapur","Automobile Engineering",2021,2,"ST",47.86,73000
105,"Bharati Vidyapeeth College of Engineering (BVCOE)","Belapur","Computer Engineering",2021,2,"Others",76.16,33400
105,"Bharati Vidyapeeth College of Engineering (BVCOE)","Belapur","Information Technology",2021,2,"Others",84.36,21900
105,"Bharati Vidyapeeth College of Engineering (BVCOE)","Belapur","Electronics & Telecommunication",2021,2,"Others",76.96,32250
105,"Bharati Vidyapeeth College of Engineering (BVCOE)","Belapur","Mechanical Engineering",2021,2,"Others",61.66,53700
105,"Bharati Vidyapeeth College of Engineering (BVCOE)","Belapur","Civil Engineering",2021,2,"Others",56.16,61400
105,"Bharati Vidyapeeth College of Engineering (BVCOE)","Belapur","Automobile Engineering",2021,2,"Others",50.66,69100
105,"Bharati Vidyapeeth College of Engineering (BVCOE)","Belapur","Computer Engineering",2021,3,"Open",76.62,32750
105,"Bharati Vidyapeeth College of Engineering (BVCOE)","Belapur","Information Technology",2021,3,"Open",84.82,21250
105,"Bharati Vidyapeeth College of Engineering (BVCOE)","Belapur","Electronics & Telecommunication",2021,3,"Open",77.42,31600
105,"Bharati Vidyapeeth College of Engineering (BVCOE)","Belapur","Mechanical Engineering",2021,3,"Open",62.12,53050
105,"Bharati Vidyapeeth College of Engineering (BVCOE)","Belapur","Civil Engineering",2021,3,"Open",56.62,60750
105,"Bharati Vidyapeeth College of Engineering (BVCOE)","Belapur","Automobile Engineering",2021,3,"Open",51.12,68450
105,"Bharati Vidyapeeth College of Engineering (BVCOE)","Belapur","Computer Engineering",2021,3,"OBC",76.62,32750
105,"Bharati Vidyapeeth College of Engineering (BVCOE)","Belapur","Information Technology",2021,3,"OBC",84.82,21250
105,"Bharati Vidyapeeth College of Engineering (BVCOE)","Belapur","Electronics & Telecommunication",2021,3,"OBC",77.42,31600
105,"Bharati Vidyapeeth College of Engineering (BVCOE)","Belapur","Mechanical Engineering",2021,3,"OBC",62.12,53050
105,"Bharati Vidyapeeth College of Engineering (BVCOE)","Belapur","Civil Engineering",2021,3,"OBC",56.62,60750
105,"Bharati Vidyapeeth College of Engineering (BVCOE)","Belapur","Automobile Engineering",2021,3,"OBC",51.12,68450
105,"Bharati Vidyapeeth College of Engineering (BVCOE)","Belapur","Computer Engineering",2021,3,"NT",75.82,33850
105,"Bharati Vidyapeeth College of Engineering (BVCOE)","Belapur","Information Technology",2021,3,"NT",84.02,22350
105,"Bharati Vidyapeeth College of Engineering (BVCOE)","Belapur","Electronics & Telecommunication",2021,3,"NT",76.62,32750
105,"Bharati Vidyapeeth College of Engineering (BVCOE)","Belapur","Mechanical Engineering",2021,3,"NT",61.32,54150
105,"Bharati Vidyapeeth College of Engineering (BVCOE)","Belapur","Civil Engineering",2021,3,"NT",55.82,61850
105,"Bharati Vidyapeeth College of Engineering (BVCOE)","Belapur","Automobile Engineering",2021,3,"NT",50.32,69550
105,"Bharati Vidyapeeth College of Engineering (BVCOE)","Belapur","Computer Engineering",2021,3,"SC",74.12,36250
105,"Bharati Vidyapeeth College of Engineering (BVCOE)","Belapur","Information Technology",2021,3,"SC",82.32,24750
105,"Bharati Vidyapeeth College of Engineering (BVCOE)","Belapur","Electronics & Telecommunication",2021,3,"SC",74.92,35100
105,"Bharati Vidyapeeth College of Engineering (BVCOE)","Belapur","Mechanical Engineering",2021,3,"SC",59.62,56550
105,"Bharati Vidyapeeth College of Engineering (BVCOE)","Belapur","Civil Engineering",2021,3,"SC",54.12,64250
105,"Bharati Vidyapeeth College of Engineering (BVCOE)","Belapur","Automobile Engineering",2021,3,"SC",48.62,71950
105,"Bharati Vidyapeeth College of Engineering (BVCOE)","Belapur","Computer Engineering",2021,3,"ST",72.62,38350
105,"Bharati Vidyapeeth College of Engineering (BVCOE)","Belapur","Information Technology",2021,3,"ST",80.82,26850
105,"Bharati Vidyapeeth College of Engineering (BVCOE)","Belapur","Electronics & Telecommunication",2021,3,"ST",73.42,37200
105,"Bharati Vidyapeeth College of Engineering (BVCOE)","Belapur","Mechanical Engineering",2021,3,"ST",58.12,58650
105,"Bharati Vidyapeeth College of Engineering (BVCOE)","Belapur","Civil Engineering",2021,3,"ST",52.62,66350
105,"Bharati Vidyapeeth College of Engineering (BVCOE)","Belapur","Automobile Engineering",2021,3,"ST",47.12,74050
105,"Bharati Vidyapeeth College of Engineering (BVCOE)","Belapur","Computer Engineering",2021,3,"Others",75.42,34400
105,"Bharati Vidyapeeth College of Engineering (BVCOE)","Belapur","Information Technology",2021,3,"Others",83.62,22950
105,"Bharati Vidyapeeth College of Engineering (BVCOE)","Belapur","Electronics & Telecommunication",2021,3,"Others",76.22,33300
105,"Bharati Vidyapeeth College of Engineering (BVCOE)","Belapur","Mechanical Engineering",2021,3,"Others",60.92,54700
105,"Bharati Vidyapeeth College of Engineering (BVCOE)","Belapur","Civil Engineering",2021,3,"Others",55.42,62400
105,"Bharati Vidyapeeth College of Engineering (BVCOE)","Belapur","Automobile Engineering",2021,3,"Others",49.92,70100
105,"Bharati Vidyapeeth College of Engineering (BVCOE)","Belapur","Computer Engineering",2022,1,"Open",78.44,30200
105,"Bharati Vidyapeeth College of Engineering (BVCOE)","Belapur","Information Technology",2022,1,"Open",86.64,18700
105,"Bharati Vidyapeeth College of Engineering (BVCOE)","Belapur","Electronics & Telecommunication",2022,1,"Open",79.24,29050
105,"Bharati Vidyapeeth College of Engineering (BVCOE)","Belapur","Mechanical Engineering",2022,1,"Open",63.94,50500
105,"Bharati Vidyapeeth College of Engineering (BVCOE)","Belapur","Civil Engineering",2022,1,"Open",58.44,58200
105,"Bharati Vidyapeeth College of Engineering (BVCOE)","Belapur","Automobile Engineering",2022,1,"Open",52.94,65900
105,"Bharati Vidyapeeth College of Engineering (BVCOE)","Belapur","Computer Engineering",2022,1,"OBC",78.44,30200
105,"Bharati Vidyapeeth College of Engineering (BVCOE)","Belapur","Information Technology",2022,1,"OBC",86.64,18700
105,"Bharati Vidyapeeth College of Engineering (BVCOE)","Belapur","Electronics & Telecommunication",2022,1,"OBC",79.24,29050
105,"Bharati Vidyapeeth College of Engineering (BVCOE)","Belapur","Mechanical Engineering",2022,1,"OBC",63.94,50500
105,"Bharati Vidyapeeth College of Engineering (BVCOE)","Belapur","Civil Engineering",2022,1,"OBC",58.44,58200
105,"Bharati Vidyapeeth College of Engineering (BVCOE)","Belapur","Automobile Engineering",2022,1,"OBC",52.94,65900
105,"Bharati Vidyapeeth College of Engineering (BVCOE)","Belapur","Computer Engineering",2022,1,"NT",77.64,31300
105,"Bharati Vidyapeeth College of Engineering (BVCOE)","Belapur","Information Technology",2022,1,"NT",85.84,19800
105,"Bharati Vidyapeeth College of Engineering (BVCOE)","Belapur","Electronics & Telecommunication",2022,1,"NT",78.44,30200
105,"Bharati Vidyapeeth College of Engineering (BVCOE)","Belapur","Mechanical Engineering",2022,1,"NT",63.14,51600
105,"Bharati Vidyapeeth College of Engineering (BVCOE)","Belapur","Civil Engineering",2022,1,"NT",57.64,59300
105,"Bharati Vidyapeeth College of Engineering (BVCOE)","Belapur","Automobile Engineering",2022,1,"NT",52.14,67000
105,"Bharati Vidyapeeth College of Engineering (BVCOE)","Belapur","Computer Engineering",2022,1,"SC",75.94,33700
105,"Bharati Vidyapeeth College of Engineering (BVCOE)","Belapur","Information Technology",2022,1,"SC",84.14,22200
105,"Bharati Vidyapeeth College of Engineering (BVCOE)","Belapur","Electronics & Telecommunication",2022,1,"SC",76.74,32550
105,"Bharati Vidyapeeth College of Engineering (BVCOE)","Belapur","Mechanical Engineering",2022,1,"SC",61.44,54000
105,"Bharati Vidyapeeth College of Engineering (BVCOE)","Belapur","Civil Engineering",2022,1,"SC",55.94,61700
105,"Bharati Vidyapeeth College of Engineering (BVCOE)","Belapur","Automobile Engineering",2022,1,"SC",50.44,69400
105,"Bharati Vidyapeeth College of Engineering (BVCOE)","Belapur","Computer Engineering",2022,1,"ST",74.44,35800
105,"Bharati Vidyapeeth College of Engineering (BVCOE)","Belapur","Information Technology",2022,1,"ST",82.64,24300
105,"Bharati Vidyapeeth College of Engineering (BVCOE)","Belapur","Electronics & Telecommunication",2022,1,"ST",75.24,34650
105,"Bharati Vidyapeeth College of Engineering (BVCOE)","Belapur","Mechanical Engineering",2022,1,"ST",59.94,56100
105,"Bharati Vidyapeeth College of Engineering (BVCOE)","Belapur","Civil Engineering",2022,1,"ST",54.44,63800
105,"Bharati Vidyapeeth College of Engineering (BVCOE)","Belapur","Automobile Engineering",2022,1,"ST",48.94,71500
105,"Bharati Vidyapeeth College of Engineering (BVCOE)","Belapur","Computer Engineering",2022,1,"Others",77.24,31850
105,"Bharati Vidyapeeth College of Engineering (BVCOE)","Belapur","Information Technology",2022,1,"Others",85.44,20400
105,"Bharati Vidyapeeth College of Engineering (BVCOE)","Belapur","Electronics & Telecommunication",2022,1,"Others",78.04,30750
105,"Bharati Vidyapeeth College of Engineering (BVCOE)","Belapur","Mechanical Engineering",2022,1,"Others",62.74,52150
105,"Bharati Vidyapeeth College of Engineering (BVCOE)","Belapur","Civil Engineering",2022,1,"Others",57.24,59850
105,"Bharati Vidyapeeth College of Engineering (BVCOE)","Belapur","Automobile Engineering",2022,1,"Others",51.74,67550
105,"Bharati Vidyapeeth College of Engineering (BVCOE)","Belapur","Computer Engineering",2022,2,"Open",77.7,31200
105,"Bharati Vidyapeeth College of Engineering (BVCOE)","Belapur","Information Technology",2022,2,"Open",85.9,19750
105,"Bharati Vidyapeeth College of Engineering (BVCOE)","Belapur","Electronics & Telecommunication",2022,2,"Open",78.5,30100
105,"Bharati Vidyapeeth College of Engineering (BVCOE)","Belapur","Mechanical Engineering",2022,2,"Open",63.2,51500
105,"Bharati Vidyapeeth College of Engineering (BVCOE)","Belapur","Civil Engineering",2022,2,"Open",57.7,59200
105,"Bharati Vidyapeeth College of Engineering (BVCOE)","Belapur","Automobile Engineering",2022,2,"Open",52.2,66900
105,"Bharati Vidyapeeth College of Engineering (BVCOE)","Belapur","Computer Engineering",2022,2,"OBC",77.7,31200
105,"Bharati Vidyapeeth College of Engineering (BVCOE)","Belapur","Information Technology",2022,2,"OBC",85.9,19750
105,"Bharati Vidyapeeth College of Engineering (BVCOE)","Belapur","Electronics & Telecommunication",2022,2,"OBC",78.5,30100
105,"Bharati Vidyapeeth College of Engineering (BVCOE)","Belapur","Mechanical Engineering",2022,2,"OBC",63.2,51500
105,"Bharati Vidyapeeth College of Engineering (BVCOE)","Belapur","Civil Engineering",2022,2,"OBC",57.7,59200
105,"Bharati Vidyapeeth College of Engineering (BVCOE)","Belapur","Automobile Engineering",2022,2,"OBC",52.2,66900
105,"Bharati Vidyapeeth College of Engineering (BVCOE)","Belapur","Computer Engineering",2022,2,"NT",76.9,32350
105,"Bharati Vidyapeeth College of Engineering (BVCOE)","Belapur","Information Technology",2022,2,"NT",85.1,20850
105,"Bharati Vidyapeeth College of Engineering (BVCOE)","Belapur","Electronics & Telecommunication",2022,2,"NT",77.7,31200
105,"Bharati Vidyapeeth College of Engineering (BVCOE)","Belapur","Mechanical Engineering",2022,2,"NT",62.4,52650
105,"Bharati Vidyapeeth College of Engineering (BVCOE)","Belapur","Civil Engineering",2022,2,"NT",56.9,60350
105,"Bharati Vidyapeeth College of Engineering (BVCOE)","Belapur","Automobile Engineering",2022,2,"NT",51.4,68050
105,"Bharati Vidyapeeth College of Engineering (BVCOE)","Belapur","Computer Engineering",2022,2,"SC",75.2,34700
105,"Bharati Vidyapeeth College of Engineering (BVCOE)","Belapur","Information Technology",2022,2,"SC",83.4,23250
105,"Bharati Vidyapeeth College of Engineering (BVCOE)","Belapur","Electronics & Telecommunication",2022,2,"SC",76,33600
105,"Bharati Vidyapeeth College of Engineering (BVCOE)","Belapur","Mechanical Engineering",2022,2,"SC",60.7,55000
105,"Bharati Vidyapeeth College of Engineering (BVCOE)","Belapur","Civil Engineering",2022,2,"SC",55.2,62700
105,"Bharati Vidyapeeth College of Engineering (BVCOE)","Belapur","Automobile Engineering",2022,2,"SC",49.7,70400
105,"Bharati Vidyapeeth College of Engineering (BVCOE)","Belapur","Computer Engineering",2022,2,"ST",73.7,36800
105,"Bharati Vidyapeeth College of Engineering (BVCOE)","Belapur","Information Technology",2022,2,"ST",81.9,25350
105,"Bharati Vidyapeeth College of Engineering (BVCOE)","Belapur","Electronics & Telecommunication",2022,2,"ST",74.5,35700
105,"Bharati Vidyapeeth College of Engineering (BVCOE)","Belapur","Mechanical Engineering",2022,2,"ST",59.2,57100
105,"Bharati Vidyapeeth College of Engineering (BVCOE)","Belapur","Civil Engineering",2022,2,"ST",53.7,64800
105,"Bharati Vidyapeeth College of Engineering (BVCOE)","Belapur","Automobile Engineering",2022,2,"ST",48.2,72500
105,"Bharati Vidyapeeth College of Engineering (BVCOE)","Belapur","Computer Engineering",2022,2,"Others",76.5,32900
105,"Bharati Vidyapeeth College of Engineering (BVCOE)","Belapur","Information Technology",2022,2,"Others",84.7,21400
105,"Bharati Vidyapeeth College of Engineering (BVCOE)","Belapur","Electronics & Telecommunication",2022,2,"Others",77.3,31800
105,"Bharati Vidyapeeth College of Engineering (BVCOE)","Belapur","Mechanical Engineering",2022,2,"Others",62,53200
105,"Bharati Vidyapeeth College of Engineering (BVCOE)","Belapur","Civil Engineering",2022,2,"Others",56.5,60900
105,"Bharati Vidyapeeth College of Engineering (BVCOE)","Belapur","Automobile Engineering",2022,2,"Others",51,68600
105,"Bharati Vidyapeeth College of Engineering (BVCOE)","Belapur","Computer Engineering",2022,3,"Open",77.36,31700
105,"Bharati Vidyapeeth College of Engineering (BVCOE)","Belapur","Information Technology",2022,3,"Open",85.56,20200
105,"Bharati Vidyapeeth College of Engineering (BVCOE)","Belapur","Electronics & Telecommunication",2022,3,"Open",78.16,30600
105,"Bharati Vidyapeeth College of Engineering (BVCOE)","Belapur","Mechanical Engineering",2022,3,"Open",62.86,52000
105,"Bharati Vidyapeeth College of Engineering (BVCOE)","Belapur","Civil Engineering",2022,3,"Open",57.36,59700
105,"Bharati Vidyapeeth College of Engineering (BVCOE)","Belapur","Automobile Engineering",2022,3,"Open",51.86,67400
105,"Bharati Vidyapeeth College of Engineering (BVCOE)","Belapur","Computer Engineering",2022,3,"OBC",77.36,31700
105,"Bharati Vidyapeeth College of Engineering (BVCOE)","Belapur","Information Technology",2022,3,"OBC",85.56,20200
105,"Bharati Vidyapeeth College of Engineering (BVCOE)","Belapur","Electronics & Telecommunication",2022,3,"OBC",78.16,30600
105,"Bharati Vidyapeeth College of Engineering (BVCOE)","Belapur","Mechanical Engineering",2022,3,"OBC",62.86,52000
105,"Bharati Vidyapeeth College of Engineering (BVCOE)","Belapur","Civil Engineering",2022,3,"OBC",57.36,59700
105,"Bharati Vidyapeeth College of Engineering (BVCOE)","Belapur","Automobile Engineering",2022,3,"OBC",51.86,67400
105,"Bharati Vidyapeeth College of Engineering (BVCOE)","Belapur","Computer Engineering",2022,3,"NT",76.56,32800
105,"Bharati Vidyapeeth College of Engineering (BVCOE)","Belapur","Information Technology",2022,3,"NT",84.76,21350
105,"Bharati Vidyapeeth College of Engineering (BVCOE)","Belapur","Electronics & Telecommunication",2022,3,"NT",77.36,31700
105,"Bharati Vidyapeeth College of Engineering (BVCOE)","Belapur","Mechanical Engineering",2022,3,"NT",62.06,53100
105,"Bharati Vidyapeeth College of Engineering (BVCOE)","Belapur","Civil Engineering",2022,3,"NT",56.56,60800
105,"Bharati Vidyapeeth College of Engineering (BVCOE)","Belapur","Automobile Engineering",2022,3,"NT",51.06,68500
105,"Bharati Vidyapeeth College of Engineering (BVCOE)","Belapur","Computer Engineering",2022,3,"SC",74.86,35200
105,"Bharati Vidyapeeth College of Engineering (BVCOE)","Belapur","Information Technology",2022,3,"SC",83.06,23700
105,"Bharati Vidyapeeth College of Engineering (BVCOE)","Belapur","Electronics & Telecommunication",2022,3,"SC",75.66,34100
105,"Bharati Vidyapeeth College of Engineering (BVCOE)","Belapur","Mechanical Engineering",2022,3,"SC",60.36,55500
105,"Bharati Vidyapeeth College of Engineering (BVCOE)","Belapur","Civil Engineering",2022,3,"SC",54.86,63200
105,"Bharati Vidyapeeth College of Engineering (BVCOE)","Belapur","Automobile Engineering",2022,3,"SC",49.36,70900
105,"Bharati Vidyapeeth College of Engineering (BVCOE)","Belapur","Computer Engineering",2022,3,"ST",73.36,37300
105,"Bharati Vidyapeeth College of Engineering (BVCOE)","Belapur","Information Technology",2022,3,"ST",81.56,25800
105,"Bharati Vidyapeeth College of Engineering (BVCOE)","Belapur","Electronics & Telecommunication",2022,3,"ST",74.16,36200
105,"Bharati Vidyapeeth College of Engineering (BVCOE)","Belapur","Mechanical Engineering",2022,3,"ST",58.86,57600
105,"Bharati Vidyapeeth College of Engineering (BVCOE)","Belapur","Civil Engineering",2022,3,"ST",53.36,65300
105,"Bharati Vidyapeeth College of Engineering (BVCOE)","Belapur","Automobile Engineering",2022,3,"ST",47.86,73000
105,"Bharati Vidyapeeth College of Engineering (BVCOE)","Belapur","Computer Engineering",2022,3,"Others",76.16,33400
105,"Bharati Vidyapeeth College of Engineering (BVCOE)","Belapur","Information Technology",2022,3,"Others",84.36,21900
105,"Bharati Vidyapeeth College of Engineering (BVCOE)","Belapur","Electronics & Telecommunication",2022,3,"Others",76.96,32250
105,"Bharati Vidyapeeth College of Engineering (BVCOE)","Belapur","Mechanical Engineering",2022,3,"Others",61.66,53700
105,"Bharati Vidyapeeth College of Engineering (BVCOE)","Belapur","Civil Engineering",2022,3,"Others",56.16,61400
105,"Bharati Vidyapeeth College of Engineering (BVCOE)","Belapur","Automobile Engineering",2022,3,"Others",50.66,69100
105,"Bharati Vidyapeeth College of Engineering (BVCOE)","Belapur","Computer Engineering",2023,1,"Open",79.18,29150
105,"Bharati Vidyapeeth College of Engineering (BVCOE)","Belapur","Information Technology",2023,1,"Open",87.38,17650
105,"Bharati Vidyapeeth College of Engineering (BVCOE)","Belapur","Electronics & Telecommunication",2023,1,"Open",79.98,28050
105,"Bharati Vidyapeeth College of Engineering (BVCOE)","Belapur","Mechanical Engineering",2023,1,"Open",64.68,49450
105,"Bharati Vidyapeeth College of Engineering (BVCOE)","Belapur","Civil Engineering",2023,1,"Open",59.18,57150
105,"Bharati Vidyapeeth College of Engineering (BVCOE)","Belapur","Automobile Engineering",2023,1,"Open",53.68,64850
105,"Bharati Vidyapeeth College of Engineering (BVCOE)","Belapur","Computer Engineering",2023,1,"OBC",79.18,29150
105,"Bharati Vidyapeeth College of Engineering (BVCOE)","Belapur","Information Technology",2023,1,"OBC",87.38,17650
105,"Bharati Vidyapeeth College of Engineering (BVCOE)","Belapur","Electronics & Telecommunication",2023,1,"OBC",79.98,28050
105,"Bharati Vidyapeeth College of Engineering (BVCOE)","Belapur","Mechanical Engineering",2023,1,"OBC",64.68,49450
105,"Bharati Vidyapeeth College of Engineering (BVCOE)","Belapur","Civil Engineering",2023,1,"OBC",59.18,57150
105,"Bharati Vidyapeeth College of Engineering (BVCOE)","Belapur","Automobile Engineering",2023,1,"OBC",53.68,64850
105,"Bharati Vidyapeeth College of Engineering (BVCOE)","Belapur","Computer Engineering",2023,1,"NT",78.38,30250
105,"Bharati Vidyapeeth College of Engineering (BVCOE)","Belapur","Information Technology",2023,1,"NT",86.58,18800
105,"Bharati Vidyapeeth College of Engineering (BVCOE)","Belapur","Electronics & Telecommunication",2023,1,"NT",79.18,29150
105,"Bharati Vidyapeeth College of Engineering (BVCOE)","Belapur","Mechanical Engineering",2023,1,"NT",63.88,50550
105,"Bharati Vidyapeeth College of Engineering (BVCOE)","Belapur","Civil Engineering",2023,1,"NT",58.38,58250
105,"Bharati Vidyapeeth College of Engineering (BVCOE)","Belapur","Automobile Engineering",2023,1,"NT",52.88,65950
105,"Bharati Vidyapeeth College of Engineering (BVCOE)","Belapur","Computer Engineering",2023,1,"SC",76.68,32650
105,"Bharati Vidyapeeth College of Engineering (BVCOE)","Belapur","Information Technology",2023,1,"SC",84.88,21150
105,"Bharati Vidyapeeth College of Engineering (BVCOE)","Belapur","Electronics & Telecommunication",2023,1,"SC",77.48,31550
105,"Bharati Vidyapeeth College of Engineering (BVCOE)","Belapur","Mechanical Engineering",2023,1,"SC",62.18,52950
105,"Bharati Vidyapeeth College of Engineering (BVCOE)","Belapur","Civil Engineering",2023,1,"SC",56.68,60650
105,"Bharati Vidyapeeth College of Engineering (BVCOE)","Belapur","Automobile Engineering",2023,1,"SC",51.18,68350
105,"Bharati Vidyapeeth College of Engineering (BVCOE)","Belapur","Computer Engineering",2023,1,"ST",75.18,34750
105,"Bharati Vidyapeeth College of Engineering (BVCOE)","Belapur","Information Technology",2023,1,"ST",83.38,23250
105,"Bharati Vidyapeeth College of Engineering (BVCOE)","Belapur","Electronics & Telecommunication",2023,1,"ST",75.98,33650
105,"Bharati Vidyapeeth College of Engineering (BVCOE)","Belapur","Mechanical Engineering",2023,1,"ST",60.68,55050
105,"Bharati Vidyapeeth College of Engineering (BVCOE)","Belapur","Civil Engineering",2023,1,"ST",55.18,62750
105,"Bharati Vidyapeeth College of Engineering (BVCOE)","Belapur","Automobile Engineering",2023,1,"ST",49.68,70450
105,"Bharati Vidyapeeth College of Engineering (BVCOE)","Belapur","Computer Engineering",2023,1,"Others",77.98,30850
105,"Bharati Vidyapeeth College of Engineering (BVCOE)","Belapur","Information Technology",2023,1,"Others",86.18,19350
105,"Bharati Vidyapeeth College of Engineering (BVCOE)","Belapur","Electronics & Telecommunication",2023,1,"Others",78.78,29700
105,"Bharati Vidyapeeth College of Engineering (BVCOE)","Belapur","Mechanical Engineering",2023,1,"Others",63.48,51150
105,"Bharati Vidyapeeth College of Engineering (BVCOE)","Belapur","Civil Engineering",2023,1,"Others",57.98,58850
105,"Bharati Vidyapeeth College of Engineering (BVCOE)","Belapur","Automobile Engineering",2023,1,"Others",52.48,66550
105,"Bharati Vidyapeeth College of Engineering (BVCOE)","Belapur","Computer Engineering",2023,2,"Open",78.44,30200
105,"Bharati Vidyapeeth College of Engineering (BVCOE)","Belapur","Information Technology",2023,2,"Open",86.64,18700
105,"Bharati Vidyapeeth College of Engineering (BVCOE)","Belapur","Electronics & Telecommunication",2023,2,"Open",79.24,29050
105,"Bharati Vidyapeeth College of Engineering (BVCOE)","Belapur","Mechanical Engineering",2023,2,"Open",63.94,50500
105,"Bharati Vidyapeeth College of Engineering (BVCOE)","Belapur","Civil Engineering",2023,2,"Open",58.44,58200
105,"Bharati Vidyapeeth College of Engineering (BVCOE)","Belapur","Automobile Engineering",2023,2,"Open",52.94,65900
105,"Bharati Vidyapeeth College of Engineering (BVCOE)","Belapur","Computer Engineering",2023,2,"OBC",78.44,30200
105,"Bharati Vidyapeeth College of Engineering (BVCOE)","Belapur","Information Technology",2023,2,"OBC",86.64,18700
105,"Bharati Vidyapeeth College of Engineering (BVCOE)","Belapur","Electronics & Telecommunication",2023,2,"OBC",79.24,29050
105,"Bharati Vidyapeeth College of Engineering (BVCOE)","Belapur","Mechanical Engineering",2023,2,"OBC",63.94,50500
105,"Bharati Vidyapeeth College of Engineering (BVCOE)","Belapur","Civil Engineering",2023,2,"OBC",58.44,58200
105,"Bharati Vidyapeeth College of Engineering (BVCOE)","Belapur","Automobile Engineering",2023,2,"OBC",52.94,65900
105,"Bharati Vidyapeeth College of Engineering (BVCOE)","Belapur","Computer Engineering",2023,2,"NT",77.64,31300
105,"Bharati Vidyapeeth College of Engineering (BVCOE)","Belapur","Information Technology",2023,2,"NT",85.84,19800
105,"Bharati Vidyapeeth College of Engineering (BVCOE)","Belapur","Electronics & Telecommunication",2023,2,"NT",78.44,30200
105,"Bharati Vidyapeeth College of Engineering (BVCOE)","Belapur","Mechanical Engineering",2023,2,"NT",63.14,51600
105,"Bharati Vidyapeeth College of Engineering (BVCOE)","Belapur","Civil Engineering",2023,2,"NT",57.64,59300
105,"Bharati Vidyapeeth College of Engineering (BVCOE)","Belapur","Automobile Engineering",2023,2,"NT",52.14,67000
105,"Bharati Vidyapeeth College of Engineering (BVCOE)","Belapur","Computer Engineering",2023,2,"SC",75.94,33700
105,"Bharati Vidyapeeth College of Engineering (BVCOE)","Belapur","Information Technology",2023,2,"SC",84.14,22200
105,"Bharati Vidyapeeth College of Engineering (BVCOE)","Belapur","Electronics & Telecommunication",2023,2,"SC",76.74,32550
105,"Bharati Vidyapeeth College of Engineering (BVCOE)","Belapur","Mechanical Engineering",2023,2,"SC",61.44,54000
105,"Bharati Vidyapeeth College of Engineering (BVCOE)","Belapur","Civil Engineering",2023,2,"SC",55.94,61700
105,"Bharati Vidyapeeth College of Engineering (BVCOE)","Belapur","Automobile Engineering",2023,2,"SC",50.44,69400
105,"Bharati Vidyapeeth College of Engineering (BVCOE)","Belapur","Computer Engineering",2023,2,"ST",74.44,35800
105,"Bharati Vidyapeeth College of Engineering (BVCOE)","Belapur","Information Technology",2023,2,"ST",82.64,24300
105,"Bharati Vidyapeeth College of Engineering (BVCOE)","Belapur","Electronics & Telecommunication",2023,2,"ST",75.24,34650
105,"Bharati Vidyapeeth College of Engineering (BVCOE)","Belapur","Mechanical Engineering",2023,2,"ST",59.94,56100
105,"Bharati Vidyapeeth College of Engineering (BVCOE)","Belapur","Civil Engineering",2023,2,"ST",54.44,63800
105,"Bharati Vidyapeeth College of Engineering (BVCOE)","Belapur","Automobile Engineering",2023,2,"ST",48.94,71500
105,"Bharati Vidyapeeth College of Engineering (BVCOE)","Belapur","Computer Engineering",2023,2,"Others",77.24,31850
105,"Bharati Vidyapeeth College of Engineering (BVCOE)","Belapur","Information Technology",2023,2,"Others",85.44,20400
105,"Bharati Vidyapeeth College of Engineering (BVCOE)","Belapur","Electronics & Telecommunication",2023,2,"Others",78.04,30750
105,"Bharati Vidyapeeth College of Engineering (BVCOE)","Belapur","Mechanical Engineering",2023,2,"Others",62.74,52150
105,"Bharati Vidyapeeth College of Engineering (BVCOE)","Belapur","Civil Engineering",2023,2,"Others",57.24,59850
105,"Bharati Vidyapeeth College of Engineering (BVCOE)","Belapur","Automobile Engineering",2023,2,"Others",51.74,67550
105,"Bharati Vidyapeeth College of Engineering (BVCOE)","Belapur","Computer Engineering",2023,3,"Open",77.7,31200
105,"Bharati Vidyapeeth College of Engineering (BVCOE)","Belapur","Information Technology",2023,3,"Open",85.9,19750
105,"Bharati Vidyapeeth College of Engineering (BVCOE)","Belapur","Electronics & Telecommunication",2023,3,"Open",78.5,30100
105,"Bharati Vidyapeeth College of Engineering (BVCOE)","Belapur","Mechanical Engineering",2023,3,"Open",63.2,51500
105,"Bharati Vidyapeeth College of Engineering (BVCOE)","Belapur","Civil Engineering",2023,3,"Open",57.7,59200
105,"Bharati Vidyapeeth College of Engineering (BVCOE)","Belapur","Automobile Engineering",2023,3,"Open",52.2,66900
105,"Bharati Vidyapeeth College of Engineering (BVCOE)","Belapur","Computer Engineering",2023,3,"OBC",77.7,31200
105,"Bharati Vidyapeeth College of Engineering (BVCOE)","Belapur","Information Technology",2023,3,"OBC",85.9,19750
105,"Bharati Vidyapeeth College of Engineering (BVCOE)","Belapur","Electronics & Telecommunication",2023,3,"OBC",78.5,30100
105,"Bharati Vidyapeeth College of Engineering (BVCOE)","Belapur","Mechanical Engineering",2023,3,"OBC",63.2,51500
105,"Bharati Vidyapeeth College of Engineering (BVCOE)","Belapur","Civil Engineering",2023,3,"OBC",57.7,59200
105,"Bharati Vidyapeeth College of Engineering (BVCOE)","Belapur","Automobile Engineering",2023,3,"OBC",52.2,66900
105,"Bharati Vidyapeeth College of Engineering (BVCOE)","Belapur","Computer Engineering",2023,3,"NT",76.9,32350
105,"Bharati Vidyapeeth College of Engineering (BVCOE)","Belapur","Information Technology",2023,3,"NT",85.1,20850
105,"Bharati Vidyapeeth College of Engineering (BVCOE)","Belapur","Electronics & Telecommunication",2023,3,"NT",77.7,31200
105,"Bharati Vidyapeeth College of Engineering (BVCOE)","Belapur","Mechanical Engineering",2023,3,"NT",62.4,52650
105,"Bharati Vidyapeeth College of Engineering (BVCOE)","Belapur","Civil Engineering",2023,3,"NT",56.9,60350
105,"Bharati Vidyapeeth College of Engineering (BVCOE)","Belapur","Automobile Engineering",2023,3,"NT",51.4,68050
105,"Bharati Vidyapeeth College of Engineering (BVCOE)","Belapur","Computer Engineering",2023,3,"SC",75.2,34700
105,"Bharati Vidyapeeth College of Engineering (BVCOE)","Belapur","Information Technology",2023,3,"SC",83.4,23250
105,"Bharati Vidyapeeth College of Engineering (BVCOE)","Belapur","Electronics & Telecommunication",2023,3,"SC",76,33600
105,"Bharati Vidyapeeth College of Engineering (BVCOE)","Belapur","Mechanical Engineering",2023,3,"SC",60.7,55000
105,"Bharati Vidyapeeth College of Engineering (BVCOE)","Belapur","Civil Engineering",2023,3,"SC",55.2,62700
105,"Bharati Vidyapeeth College of Engineering (BVCOE)","Belapur","Automobile Engineering",2023,3,"SC",49.7,70400
105,"Bharati Vidyapeeth College of Engineering (BVCOE)","Belapur","Computer Engineering",2023,3,"ST",73.7,36800
105,"Bharati Vidyapeeth College of Engineering (BVCOE)","Belapur","Information Technology",2023,3,"ST",81.9,25350
105,"Bharati Vidyapeeth College of Engineering (BVCOE)","Belapur","Electronics & Telecommunication",2023,3,"ST",74.5,35700
105,"Bharati Vidyapeeth College of Engineering (BVCOE)","Belapur","Mechanical Engineering",2023,3,"ST",59.2,57100
105,"Bharati Vidyapeeth College of Engineering (BVCOE)","Belapur","Civil Engineering",2023,3,"ST",53.7,64800
105,"Bharati Vidyapeeth College of Engineering (BVCOE)","Belapur","Automobile Engineering",2023,3,"ST",48.2,72500
105,"Bharati Vidyapeeth College of Engineering (BVCOE)","Belapur","Computer Engineering",2023,3,"Others",76.5,32900
105,"Bharati Vidyapeeth College of Engineering (BVCOE)","Belapur","Information Technology",2023,3,"Others",84.7,21400
105,"Bharati Vidyapeeth College of Engineering (BVCOE)","Belapur","Electronics & Telecommunication",2023,3,"Others",77.3,31800
105,"Bharati Vidyapeeth College of Engineering (BVCOE)","Belapur","Mechanical Engineering",2023,3,"Others",62,53200
105,"Bharati Vidyapeeth College of Engineering (BVCOE)","Belapur","Civil Engineering",2023,3,"Others",56.5,60900
105,"Bharati Vidyapeeth College of Engineering (BVCOE)","Belapur","Automobile Engineering",2023,3,"Others",51,68600
105,"Bharati Vidyapeeth College of Engineering (BVCOE)","Belapur","Computer Engineering",2024,1,"Open",79.52,28650
105,"Bharati Vidyapeeth College of Engineering (BVCOE)","Belapur","Information Technology",2024,1,"Open",87.72,17200
105,"Bharati Vidyapeeth College of Engineering (BVCOE)","Belapur","Electronics & Telecommunication",2024,1,"Open",80.32,27550
105,"Bharati Vidyapeeth College of Engineering (BVCOE)","Belapur","Mechanical Engineering",2024,1,"Open",65.02,48950
105,"Bharati Vidyapeeth College of Engineering (BVCOE)","Belapur","Civil Engineering",2024,1,"Open",59.52,56650
105,"Bharati Vidyapeeth College of Engineering (BVCOE)","Belapur","Automobile Engineering",2024,1,"Open",54.02,64350
105,"Bharati Vidyapeeth College of Engineering (BVCOE)","Belapur","Computer Engineering",2024,1,"OBC",79.52,28650
105,"Bharati Vidyapeeth College of Engineering (BVCOE)","Belapur","Information Technology",2024,1,"OBC",87.72,17200
105,"Bharati Vidyapeeth College of Engineering (BVCOE)","Belapur","Electronics & Telecommunication",2024,1,"OBC",80.32,27550
105,"Bharati Vidyapeeth College of Engineering (BVCOE)","Belapur","Mechanical Engineering",2024,1,"OBC",65.02,48950
105,"Bharati Vidyapeeth College of Engineering (BVCOE)","Belapur","Civil Engineering",2024,1,"OBC",59.52,56650
105,"Bharati Vidyapeeth College of Engineering (BVCOE)","Belapur","Automobile Engineering",2024,1,"OBC",54.02,64350
105,"Bharati Vidyapeeth College of Engineering (BVCOE)","Belapur","Computer Engineering",2024,1,"NT",78.72,29800
105,"Bharati Vidyapeeth College of Engineering (BVCOE)","Belapur","Information Technology",2024,1,"NT",86.92,18300
105,"Bharati Vidyapeeth College of Engineering (BVCOE)","Belapur","Electronics & Telecommunication",2024,1,"NT",79.52,28650
105,"Bharati Vidyapeeth College of Engineering (BVCOE)","Belapur","Mechanical Engineering",2024,1,"NT",64.22,50100
105,"Bharati Vidyapeeth College of Engineering (BVCOE)","Belapur","Civil Engineering",2024,1,"NT",58.72,57800
105,"Bharati Vidyapeeth College of Engineering (BVCOE)","Belapur","Automobile Engineering",2024,1,"NT",53.22,65500
105,"Bharati Vidyapeeth College of Engineering (BVCOE)","Belapur","Computer Engineering",2024,1,"SC",77.02,32150
105,"Bharati Vidyapeeth College of Engineering (BVCOE)","Belapur","Information Technology",2024,1,"SC",85.22,20700
105,"Bharati Vidyapeeth College of Engineering (BVCOE)","Belapur","Electronics & Telecommunication",2024,1,"SC",77.82,31050
105,"Bharati Vidyapeeth College of Engineering (BVCOE)","Belapur","Mechanical Engineering",2024,1,"SC",62.52,52450
105,"Bharati Vidyapeeth College of Engineering (BVCOE)","Belapur","Civil Engineering",2024,1,"SC",57.02,60150
105,"Bharati Vidyapeeth College of Engineering (BVCOE)","Belapur","Automobile Engineering",2024,1,"SC",51.52,67850
105,"Bharati Vidyapeeth College of Engineering (BVCOE)","Belapur","Computer Engineering",2024,1,"ST",75.52,34250
105,"Bharati Vidyapeeth College of Engineering (BVCOE)","Belapur","Information Technology",2024,1,"ST",83.72,22800
105,"Bharati Vidyapeeth College of Engineering (BVCOE)","Belapur","Electronics & Telecommunication",2024,1,"ST",76.32,33150
105,"Bharati Vidyapeeth College of Engineering (BVCOE)","Belapur","Mechanical Engineering",2024,1,"ST",61.02,54550
105,"Bharati Vidyapeeth College of Engineering (BVCOE)","Belapur","Civil Engineering",2024,1,"ST",55.52,62250
105,"Bharati Vidyapeeth College of Engineering (BVCOE)","Belapur","Automobile Engineering",2024,1,"ST",50.02,69950
105,"Bharati Vidyapeeth College of Engineering (BVCOE)","Belapur","Computer Engineering",2024,1,"Others",78.32,30350
105,"Bharati Vidyapeeth College of Engineering (BVCOE)","Belapur","Information Technology",2024,1,"Others",86.52,18850
105,"Bharati Vidyapeeth College of Engineering (BVCOE)","Belapur","Electronics & Telecommunication",2024,1,"Others",79.12,29250
105,"Bharati Vidyapeeth College of Engineering (BVCOE)","Belapur","Mechanical Engineering",2024,1,"Others",63.82,50650
105,"Bharati Vidyapeeth College of Engineering (BVCOE)","Belapur","Civil Engineering",2024,1,"Others",58.32,58350
105,"Bharati Vidyapeeth College of Engineering (BVCOE)","Belapur","Automobile Engineering",2024,1,"Others",52.82,66050
105,"Bharati Vidyapeeth College of Engineering (BVCOE)","Belapur","Computer Engineering",2024,2,"Open",79.18,29150
105,"Bharati Vidyapeeth College of Engineering (BVCOE)","Belapur","Information Technology",2024,2,"Open",87.38,17650
105,"Bharati Vidyapeeth College of Engineering (BVCOE)","Belapur","Electronics & Telecommunication",2024,2,"Open",79.98,28050
105,"Bharati Vidyapeeth College of Engineering (BVCOE)","Belapur","Mechanical Engineering",2024,2,"Open",64.68,49450
105,"Bharati Vidyapeeth College of Engineering (BVCOE)","Belapur","Civil Engineering",2024,2,"Open",59.18,57150
105,"Bharati Vidyapeeth College of Engineering (BVCOE)","Belapur","Automobile Engineering",2024,2,"Open",53.68,64850
105,"Bharati Vidyapeeth College of Engineering (BVCOE)","Belapur","Computer Engineering",2024,2,"OBC",79.18,29150
105,"Bharati Vidyapeeth College of Engineering (BVCOE)","Belapur","Information Technology",2024,2,"OBC",87.38,17650
105,"Bharati Vidyapeeth College of Engineering (BVCOE)","Belapur","Electronics & Telecommunication",2024,2,"OBC",79.98,28050
105,"Bharati Vidyapeeth College of Engineering (BVCOE)","Belapur","Mechanical Engineering",2024,2,"OBC",64.68,49450
105,"Bharati Vidyapeeth College of Engineering (BVCOE)","Belapur","Civil Engineering",2024,2,"OBC",59.18,57150
105,"Bharati Vidyapeeth College of Engineering (BVCOE)","Belapur","Automobile Engineering",2024,2,"OBC",53.68,64850
105,"Bharati Vidyapeeth College of Engineering (BVCOE)","Belapur","Computer Engineering",2024,2,"NT",78.38,30250
105,"Bharati Vidyapeeth College of Engineering (BVCOE)","Belapur","Information Technology",2024,2,"NT",86.58,18800
105,"Bharati Vidyapeeth College of Engineering (BVCOE)","Belapur","Electronics & Telecommunication",2024,2,"NT",79.18,29150
105,"Bharati Vidyapeeth College of Engineering (BVCOE)","Belapur","Mechanical Engineering",2024,2,"NT",63.88,50550
105,"Bharati Vidyapeeth College of Engineering (BVCOE)","Belapur","Civil Engineering",2024,2,"NT",58.38,58250
105,"Bharati Vidyapeeth College of Engineering (BVCOE)","Belapur","Automobile Engineering",2024,2,"NT",52.88,65950
105,"Bharati Vidyapeeth College of Engineering (BVCOE)","Belapur","Computer Engineering",2024,2,"SC",76.68,32650
105,"Bharati Vidyapeeth College of Engineering (BVCOE)","Belapur","Information Technology",2024,2,"SC",84.88,21150
105,"Bharati Vidyapeeth College of Engineering (BVCOE)","Belapur","Electronics & Telecommunication",2024,2,"SC",77.48,31550
105,"Bharati Vidyapeeth College of Engineering (BVCOE)","Belapur","Mechanical Engineering",2024,2,"SC",62.18,52950
105,"Bharati Vidyapeeth College of Engineering (BVCOE)","Belapur","Civil Engineering",2024,2,"SC",56.68,60650
105,"Bharati Vidyapeeth College of Engineering (BVCOE)","Belapur","Automobile Engineering",2024,2,"SC",51.18,68350
105,"Bharati Vidyapeeth College of Engineering (BVCOE)","Belapur","Computer Engineering",2024,2,"ST",75.18,34750
105,"Bharati Vidyapeeth College of Engineering (BVCOE)","Belapur","Information Technology",2024,2,"ST",83.38,23250
105,"Bharati Vidyapeeth College of Engineering (BVCOE)","Belapur","Electronics & Telecommunication",2024,2,"ST",75.98,33650
105,"Bharati Vidyapeeth College of Engineering (BVCOE)","Belapur","Mechanical Engineering",2024,2,"ST",60.68,55050
105,"Bharati Vidyapeeth College of Engineering (BVCOE)","Belapur","Civil Engineering",2024,2,"ST",55.18,62750
105,"Bharati Vidyapeeth College of Engineering (BVCOE)","Belapur","Automobile Engineering",2024,2,"ST",49.68,70450
105,"Bharati Vidyapeeth College of Engineering (BVCOE)","Belapur","Computer Engineering",2024,2,"Others",77.98,30850
105,"Bharati Vidyapeeth College of Engineering (BVCOE)","Belapur","Information Technology",2024,2,"Others",86.18,19350
105,"Bharati Vidyapeeth College of Engineering (BVCOE)","Belapur","Electronics & Telecommunication",2024,2,"Others",78.78,29700
105,"Bharati Vidyapeeth College of Engineering (BVCOE)","Belapur","Mechanical Engineering",2024,2,"Others",63.48,51150
105,"Bharati Vidyapeeth College of Engineering (BVCOE)","Belapur","Civil Engineering",2024,2,"Others",57.98,58850
105,"Bharati Vidyapeeth College of Engineering (BVCOE)","Belapur","Automobile Engineering",2024,2,"Others",52.48,66550
105,"Bharati Vidyapeeth College of Engineering (BVCOE)","Belapur","Computer Engineering",2024,3,"Open",78.44,30200
105,"Bharati Vidyapeeth College of Engineering (BVCOE)","Belapur","Information Technology",2024,3,"Open",86.64,18700
105,"Bharati Vidyapeeth College of Engineering (BVCOE)","Belapur","Electronics & Telecommunication",2024,3,"Open",79.24,29050
105,"Bharati Vidyapeeth College of Engineering (BVCOE)","Belapur","Mechanical Engineering",2024,3,"Open",63.94,50500
105,"Bharati Vidyapeeth College of Engineering (BVCOE)","Belapur","Civil Engineering",2024,3,"Open",58.44,58200
105,"Bharati Vidyapeeth College of Engineering (BVCOE)","Belapur","Automobile Engineering",2024,3,"Open",52.94,65900
105,"Bharati Vidyapeeth College of Engineering (BVCOE)","Belapur","Computer Engineering",2024,3,"OBC",78.44,30200
105,"Bharati Vidyapeeth College of Engineering (BVCOE)","Belapur","Information Technology",2024,3,"OBC",86.64,18700
105,"Bharati Vidyapeeth College of Engineering (BVCOE)","Belapur","Electronics & Telecommunication",2024,3,"OBC",79.24,29050
105,"Bharati Vidyapeeth College of Engineering (BVCOE)","Belapur","Mechanical Engineering",2024,3,"OBC",63.94,50500
105,"Bharati Vidyapeeth College of Engineering (BVCOE)","Belapur","Civil Engineering",2024,3,"OBC",58.44,58200
105,"Bharati Vidyapeeth College of Engineering (BVCOE)","Belapur","Automobile Engineering",2024,3,"OBC",52.94,65900
105,"Bharati Vidyapeeth College of Engineering (BVCOE)","Belapur","Computer Engineering",2024,3,"NT",77.64,31300
105,"Bharati Vidyapeeth College of Engineering (BVCOE)","Belapur","Information Technology",2024,3,"NT",85.84,19800
105,"Bharati Vidyapeeth College of Engineering (BVCOE)","Belapur","Electronics & Telecommunication",2024,3,"NT",78.44,30200
105,"Bharati Vidyapeeth College of Engineering (BVCOE)","Belapur","Mechanical Engineering",2024,3,"NT",63.14,51600
105,"Bharati Vidyapeeth College of Engineering (BVCOE)","Belapur","Civil Engineering",2024,3,"NT",57.64,59300
105,"Bharati Vidyapeeth College of Engineering (BVCOE)","Belapur","Automobile Engineering",2024,3,"NT",52.14,67000
105,"Bharati Vidyapeeth College of Engineering (BVCOE)","Belapur","Computer Engineering",2024,3,"SC",75.94,33700
105,"Bharati Vidyapeeth College of Engineering (BVCOE)","Belapur","Information Technology",2024,3,"SC",84.14,22200
105,"Bharati Vidyapeeth College of Engineering (BVCOE)","Belapur","Electronics & Telecommunication",2024,3,"SC",76.74,32550
105,"Bharati Vidyapeeth College of Engineering (BVCOE)","Belapur","Mechanical Engineering",2024,3,"SC",61.44,54000
105,"Bharati Vidyapeeth College of Engineering (BVCOE)","Belapur","Civil Engineering",2024,3,"SC",55.94,61700
105,"Bharati Vidyapeeth College of Engineering (BVCOE)","Belapur","Automobile Engineering",2024,3,"SC",50.44,69400
105,"Bharati Vidyapeeth College of Engineering (BVCOE)","Belapur","Computer Engineering",2024,3,"ST",74.44,35800
105,"Bharati Vidyapeeth College of Engineering (BVCOE)","Belapur","Information Technology",2024,3,"ST",82.64,24300
105,"Bharati Vidyapeeth College of Engineering (BVCOE)","Belapur","Electronics & Telecommunication",2024,3,"ST",75.24,34650
105,"Bharati Vidyapeeth College of Engineering (BVCOE)","Belapur","Mechanical Engineering",2024,3,"ST",59.94,56100
105,"Bharati Vidyapeeth College of Engineering (BVCOE)","Belapur","Civil Engineering",2024,3,"ST",54.44,63800
105,"Bharati Vidyapeeth College of Engineering (BVCOE)","Belapur","Automobile Engineering",2024,3,"ST",48.94,71500
105,"Bharati Vidyapeeth College of Engineering (BVCOE)","Belapur","Computer Engineering",2024,3,"Others",77.24,31850
105,"Bharati Vidyapeeth College of Engineering (BVCOE)","Belapur","Information Technology",2024,3,"Others",85.44,20400
105,"Bharati Vidyapeeth College of Engineering (BVCOE)","Belapur","Electronics & Telecommunication",2024,3,"Others",78.04,30750
105,"Bharati Vidyapeeth College of Engineering (BVCOE)","Belapur","Mechanical Engineering",2024,3,"Others",62.74,52150
105,"Bharati Vidyapeeth College of Engineering (BVCOE)","Belapur","Civil Engineering",2024,3,"Others",57.24,59850
105,"Bharati Vidyapeeth College of Engineering (BVCOE)","Belapur","Automobile Engineering",2024,3,"Others",51.74,67550
105,"Bharati Vidyapeeth College of Engineering (BVCOE)","Belapur","Computer Engineering",2025,1,"Open",80.16,27800
105,"Bharati Vidyapeeth College of Engineering (BVCOE)","Belapur","Information Technology",2025,1,"Open",88.36,16300
105,"Bharati Vidyapeeth College of Engineering (BVCOE)","Belapur","Electronics & Telecommunication",2025,1,"Open",80.96,26650
105,"Bharati Vidyapeeth College of Engineering (BVCOE)","Belapur","Mechanical Engineering",2025,1,"Open",65.66,48100
105,"Bharati Vidyapeeth College of Engineering (BVCOE)","Belapur","Civil Engineering",2025,1,"Open",60.16,55800
105,"Bharati Vidyapeeth College of Engineering (BVCOE)","Belapur","Automobile Engineering",2025,1,"Open",54.66,63500
105,"Bharati Vidyapeeth College of Engineering (BVCOE)","Belapur","Computer Engineering",2025,1,"OBC",80.16,27800
105,"Bharati Vidyapeeth College of Engineering (BVCOE)","Belapur","Information Technology",2025,1,"OBC",88.36,16300
105,"Bharati Vidyapeeth College of Engineering (BVCOE)","Belapur","Electronics & Telecommunication",2025,1,"OBC",80.96,26650
105,"Bharati Vidyapeeth College of Engineering (BVCOE)","Belapur","Mechanical Engineering",2025,1,"OBC",65.66,48100
105,"Bharati Vidyapeeth College of Engineering (BVCOE)","Belapur","Civil Engineering",2025,1,"OBC",60.16,55800
105,"Bharati Vidyapeeth College of Engineering (BVCOE)","Belapur","Automobile Engineering",2025,1,"OBC",54.66,63500
105,"Bharati Vidyapeeth College of Engineering (BVCOE)","Belapur","Computer Engineering",2025,1,"NT",79.36,28900
105,"Bharati Vidyapeeth College of Engineering (BVCOE)","Belapur","Information Technology",2025,1,"NT",87.56,17400
105,"Bharati Vidyapeeth College of Engineering (BVCOE)","Belapur","Electronics & Telecommunication",2025,1,"NT",80.16,27800
105,"Bharati Vidyapeeth College of Engineering (BVCOE)","Belapur","Mechanical Engineering",2025,1,"NT",64.86,49200
105,"Bharati Vidyapeeth College of Engineering (BVCOE)","Belapur","Civil Engineering",2025,1,"NT",59.36,56900
105,"Bharati Vidyapeeth College of Engineering (BVCOE)","Belapur","Automobile Engineering",2025,1,"NT",53.86,64600
105,"Bharati Vidyapeeth College of Engineering (BVCOE)","Belapur","Computer Engineering",2025,1,"SC",77.66,31300
105,"Bharati Vidyapeeth College of Engineering (BVCOE)","Belapur","Information Technology",2025,1,"SC",85.86,19800
105,"Bharati Vidyapeeth College of Engineering (BVCOE)","Belapur","Electronics & Telecommunication",2025,1,"SC",78.46,30150
105,"Bharati Vidyapeeth College of Engineering (BVCOE)","Belapur","Mechanical Engineering",2025,1,"SC",63.16,51600
105,"Bharati Vidyapeeth College of Engineering (BVCOE)","Belapur","Civil Engineering",2025,1,"SC",57.66,59300
105,"Bharati Vidyapeeth College of Engineering (BVCOE)","Belapur","Automobile Engineering",2025,1,"SC",52.16,67000
105,"Bharati Vidyapeeth College of Engineering (BVCOE)","Belapur","Computer Engineering",2025,1,"ST",76.16,33400
105,"Bharati Vidyapeeth College of Engineering (BVCOE)","Belapur","Information Technology",2025,1,"ST",84.36,21900
105,"Bharati Vidyapeeth College of Engineering (BVCOE)","Belapur","Electronics & Telecommunication",2025,1,"ST",76.96,32250
105,"Bharati Vidyapeeth College of Engineering (BVCOE)","Belapur","Mechanical Engineering",2025,1,"ST",61.66,53700
105,"Bharati Vidyapeeth College of Engineering (BVCOE)","Belapur","Civil Engineering",2025,1,"ST",56.16,61400
105,"Bharati Vidyapeeth College of Engineering (BVCOE)","Belapur","Automobile Engineering",2025,1,"ST",50.66,69100
105,"Bharati Vidyapeeth College of Engineering (BVCOE)","Belapur","Computer Engineering",2025,1,"Others",78.96,29450
105,"Bharati Vidyapeeth College of Engineering (BVCOE)","Belapur","Information Technology",2025,1,"Others",87.16,18000
105,"Bharati Vidyapeeth College of Engineering (BVCOE)","Belapur","Electronics & Telecommunication",2025,1,"Others",79.76,28350
105,"Bharati Vidyapeeth College of Engineering (BVCOE)","Belapur","Mechanical Engineering",2025,1,"Others",64.46,49750
105,"Bharati Vidyapeeth College of Engineering (BVCOE)","Belapur","Civil Engineering",2025,1,"Others",58.96,57450
105,"Bharati Vidyapeeth College of Engineering (BVCOE)","Belapur","Automobile Engineering",2025,1,"Others",53.46,65150
105,"Bharati Vidyapeeth College of Engineering (BVCOE)","Belapur","Computer Engineering",2025,2,"Open",79.42,28800
105,"Bharati Vidyapeeth College of Engineering (BVCOE)","Belapur","Information Technology",2025,2,"Open",87.62,17350
105,"Bharati Vidyapeeth College of Engineering (BVCOE)","Belapur","Electronics & Telecommunication",2025,2,"Open",80.22,27700
105,"Bharati Vidyapeeth College of Engineering (BVCOE)","Belapur","Mechanical Engineering",2025,2,"Open",64.92,49100
105,"Bharati Vidyapeeth College of Engineering (BVCOE)","Belapur","Civil Engineering",2025,2,"Open",59.42,56800
105,"Bharati Vidyapeeth College of Engineering (BVCOE)","Belapur","Automobile Engineering",2025,2,"Open",53.92,64500
105,"Bharati Vidyapeeth College of Engineering (BVCOE)","Belapur","Computer Engineering",2025,2,"OBC",79.42,28800
105,"Bharati Vidyapeeth College of Engineering (BVCOE)","Belapur","Information Technology",2025,2,"OBC",87.62,17350
105,"Bharati Vidyapeeth College of Engineering (BVCOE)","Belapur","Electronics & Telecommunication",2025,2,"OBC",80.22,27700
105,"Bharati Vidyapeeth College of Engineering (BVCOE)","Belapur","Mechanical Engineering",2025,2,"OBC",64.92,49100
105,"Bharati Vidyapeeth College of Engineering (BVCOE)","Belapur","Civil Engineering",2025,2,"OBC",59.42,56800
105,"Bharati Vidyapeeth College of Engineering (BVCOE)","Belapur","Automobile Engineering",2025,2,"OBC",53.92,64500
105,"Bharati Vidyapeeth College of Engineering (BVCOE)","Belapur","Computer Engineering",2025,2,"NT",78.62,29950
105,"Bharati Vidyapeeth College of Engineering (BVCOE)","Belapur","Information Technology",2025,2,"NT",86.82,18450
105,"Bharati Vidyapeeth College of Engineering (BVCOE)","Belapur","Electronics & Telecommunication",2025,2,"NT",79.42,28800
105,"Bharati Vidyapeeth College of Engineering (BVCOE)","Belapur","Mechanical Engineering",2025,2,"NT",64.12,50250
105,"Bharati Vidyapeeth College of Engineering (BVCOE)","Belapur","Civil Engineering",2025,2,"NT",58.62,57950
105,"Bharati Vidyapeeth College of Engineering (BVCOE)","Belapur","Automobile Engineering",2025,2,"NT",53.12,65650
105,"Bharati Vidyapeeth College of Engineering (BVCOE)","Belapur","Computer Engineering",2025,2,"SC",76.92,32300
105,"Bharati Vidyapeeth College of Engineering (BVCOE)","Belapur","Information Technology",2025,2,"SC",85.12,20850
105,"Bharati Vidyapeeth College of Engineering (BVCOE)","Belapur","Electronics & Telecommunication",2025,2,"SC",77.72,31200
105,"Bharati Vidyapeeth College of Engineering (BVCOE)","Belapur","Mechanical Engineering",2025,2,"SC",62.42,52600
105,"Bharati Vidyapeeth College of Engineering (BVCOE)","Belapur","Civil Engineering",2025,2,"SC",56.92,60300
105,"Bharati Vidyapeeth College of Engineering (BVCOE)","Belapur","Automobile Engineering",2025,2,"SC",51.42,68000
105,"Bharati Vidyapeeth College of Engineering (BVCOE)","Belapur","Computer Engineering",2025,2,"ST",75.42,34400
105,"Bharati Vidyapeeth College of Engineering (BVCOE)","Belapur","Information Technology",2025,2,"ST",83.62,22950
105,"Bharati Vidyapeeth College of Engineering (BVCOE)","Belapur","Electronics & Telecommunication",2025,2,"ST",76.22,33300
105,"Bharati Vidyapeeth College of Engineering (BVCOE)","Belapur","Mechanical Engineering",2025,2,"ST",60.92,54700
105,"Bharati Vidyapeeth College of Engineering (BVCOE)","Belapur","Civil Engineering",2025,2,"ST",55.42,62400
105,"Bharati Vidyapeeth College of Engineering (BVCOE)","Belapur","Automobile Engineering",2025,2,"ST",49.92,70100
105,"Bharati Vidyapeeth College of Engineering (BVCOE)","Belapur","Computer Engineering",2025,2,"Others",78.22,30500
105,"Bharati Vidyapeeth College of Engineering (BVCOE)","Belapur","Information Technology",2025,2,"Others",86.42,19000
105,"Bharati Vidyapeeth College of Engineering (BVCOE)","Belapur","Electronics & Telecommunication",2025,2,"Others",79.02,29350
105,"Bharati Vidyapeeth College of Engineering (BVCOE)","Belapur","Mechanical Engineering",2025,2,"Others",63.72,50800
105,"Bharati Vidyapeeth College of Engineering (BVCOE)","Belapur","Civil Engineering",2025,2,"Others",58.22,58500
105,"Bharati Vidyapeeth College of Engineering (BVCOE)","Belapur","Automobile Engineering",2025,2,"Others",52.72,66200
105,"Bharati Vidyapeeth College of Engineering (BVCOE)","Belapur","Computer Engineering",2025,3,"Open",79.08,29300
105,"Bharati Vidyapeeth College of Engineering (BVCOE)","Belapur","Information Technology",2025,3,"Open",87.28,17800
105,"Bharati Vidyapeeth College of Engineering (BVCOE)","Belapur","Electronics & Telecommunication",2025,3,"Open",79.88,28150
105,"Bharati Vidyapeeth College of Engineering (BVCOE)","Belapur","Mechanical Engineering",2025,3,"Open",64.58,49600
105,"Bharati Vidyapeeth College of Engineering (BVCOE)","Belapur","Civil Engineering",2025,3,"Open",59.08,57300
105,"Bharati Vidyapeeth College of Engineering (BVCOE)","Belapur","Automobile Engineering",2025,3,"Open",53.58,65000
105,"Bharati Vidyapeeth College of Engineering (BVCOE)","Belapur","Computer Engineering",2025,3,"OBC",79.08,29300
105,"Bharati Vidyapeeth College of Engineering (BVCOE)","Belapur","Information Technology",2025,3,"OBC",87.28,17800
105,"Bharati Vidyapeeth College of Engineering (BVCOE)","Belapur","Electronics & Telecommunication",2025,3,"OBC",79.88,28150
105,"Bharati Vidyapeeth College of Engineering (BVCOE)","Belapur","Mechanical Engineering",2025,3,"OBC",64.58,49600
105,"Bharati Vidyapeeth College of Engineering (BVCOE)","Belapur","Civil Engineering",2025,3,"OBC",59.08,57300
105,"Bharati Vidyapeeth College of Engineering (BVCOE)","Belapur","Automobile Engineering",2025,3,"OBC",53.58,65000
105,"Bharati Vidyapeeth College of Engineering (BVCOE)","Belapur","Computer Engineering",2025,3,"NT",78.28,30400
105,"Bharati Vidyapeeth College of Engineering (BVCOE)","Belapur","Information Technology",2025,3,"NT",86.48,18950
105,"Bharati Vidyapeeth College of Engineering (BVCOE)","Belapur","Electronics & Telecommunication",2025,3,"NT",79.08,29300
105,"Bharati Vidyapeeth College of Engineering (BVCOE)","Belapur","Mechanical Engineering",2025,3,"NT",63.78,50700
105,"Bharati Vidyapeeth College of Engineering (BVCOE)","Belapur","Civil Engineering",2025,3,"NT",58.28,58400
105,"Bharati Vidyapeeth College of Engineering (BVCOE)","Belapur","Automobile Engineering",2025,3,"NT",52.78,66100
105,"Bharati Vidyapeeth College of Engineering (BVCOE)","Belapur","Computer Engineering",2025,3,"SC",76.58,32800
105,"Bharati Vidyapeeth College of Engineering (BVCOE)","Belapur","Information Technology",2025,3,"SC",84.78,21300
105,"Bharati Vidyapeeth College of Engineering (BVCOE)","Belapur","Electronics & Telecommunication",2025,3,"SC",77.38,31650
105,"Bharati Vidyapeeth College of Engineering (BVCOE)","Belapur","Mechanical Engineering",2025,3,"SC",62.08,53100
105,"Bharati Vidyapeeth College of Engineering (BVCOE)","Belapur","Civil Engineering",2025,3,"SC",56.58,60800
105,"Bharati Vidyapeeth College of Engineering (BVCOE)","Belapur","Automobile Engineering",2025,3,"SC",51.08,68500
105,"Bharati Vidyapeeth College of Engineering (BVCOE)","Belapur","Computer Engineering",2025,3,"ST",75.08,34900
105,"Bharati Vidyapeeth College of Engineering (BVCOE)","Belapur","Information Technology",2025,3,"ST",83.28,23400
105,"Bharati Vidyapeeth College of Engineering (BVCOE)","Belapur","Electronics & Telecommunication",2025,3,"ST",75.88,33750
105,"Bharati Vidyapeeth College of Engineering (BVCOE)","Belapur","Mechanical Engineering",2025,3,"ST",60.58,55200
105,"Bharati Vidyapeeth College of Engineering (BVCOE)","Belapur","Civil Engineering",2025,3,"ST",55.08,62900
105,"Bharati Vidyapeeth College of Engineering (BVCOE)","Belapur","Automobile Engineering",2025,3,"ST",49.58,70600
105,"Bharati Vidyapeeth College of Engineering (BVCOE)","Belapur","Computer Engineering",2025,3,"Others",77.88,30950
105,"Bharati Vidyapeeth College of Engineering (BVCOE)","Belapur","Information Technology",2025,3,"Others",86.08,19500
105,"Bharati Vidyapeeth College of Engineering (BVCOE)","Belapur","Electronics & Telecommunication",2025,3,"Others",78.68,29850
105,"Bharati Vidyapeeth College of Engineering (BVCOE)","Belapur","Mechanical Engineering",2025,3,"Others",63.38,51250
105,"Bharati Vidyapeeth College of Engineering (BVCOE)","Belapur","Civil Engineering",2025,3,"Others",57.88,58950
105,"Bharati Vidyapeeth College of Engineering (BVCOE)","Belapur","Automobile Engineering",2025,3,"Others",52.38,66650
106,"Datta Meghe College of Engineering (DMCE)","Airoli","Computer Engineering",2021,1,"Open",78.84,29600
106,"Datta Meghe College of Engineering (DMCE)","Airoli","Information Technology",2021,1,"Open",87.04,18150
106,"Datta Meghe College of Engineering (DMCE)","Airoli","Electronics & Telecommunication",2021,1,"Open",79.64,28500
106,"Datta Meghe College of Engineering (DMCE)","Airoli","Mechanical Engineering",2021,1,"Open",64.34,49900
106,"Datta Meghe College of Engineering (DMCE)","Airoli","Civil Engineering",2021,1,"Open",58.84,57600
106,"Datta Meghe College of Engineering (DMCE)","Airoli","Automobile Engineering",2021,1,"Open",53.34,65300
106,"Datta Meghe College of Engineering (DMCE)","Airoli","Computer Engineering",2021,1,"OBC",78.84,29600
106,"Datta Meghe College of Engineering (DMCE)","Airoli","Information Technology",2021,1,"OBC",87.04,18150
106,"Datta Meghe College of Engineering (DMCE)","Airoli","Electronics & Telecommunication",2021,1,"OBC",79.64,28500
106,"Datta Meghe College of Engineering (DMCE)","Airoli","Mechanical Engineering",2021,1,"OBC",64.34,49900
106,"Datta Meghe College of Engineering (DMCE)","Airoli","Civil Engineering",2021,1,"OBC",58.84,57600
106,"Datta Meghe College of Engineering (DMCE)","Airoli","Automobile Engineering",2021,1,"OBC",53.34,65300
106,"Datta Meghe College of Engineering (DMCE)","Airoli","Computer Engineering",2021,1,"NT",78.04,30750
106,"Datta Meghe College of Engineering (DMCE)","Airoli","Information Technology",2021,1,"NT",86.24,19250
106,"Datta Meghe College of Engineering (DMCE)","Airoli","Electronics & Telecommunication",2021,1,"NT",78.84,29600
106,"Datta Meghe College of Engineering (DMCE)","Airoli","Mechanical Engineering",2021,1,"NT",63.54,51050
106,"Datta Meghe College of Engineering (DMCE)","Airoli","Civil Engineering",2021,1,"NT",58.04,58750
106,"Datta Meghe College of Engineering (DMCE)","Airoli","Automobile Engineering",2021,1,"NT",52.54,66450
106,"Datta Meghe College of Engineering (DMCE)","Airoli","Computer Engineering",2021,1,"SC",76.34,33100
106,"Datta Meghe College of Engineering (DMCE)","Airoli","Information Technology",2021,1,"SC",84.54,21650
106,"Datta Meghe College of Engineering (DMCE)","Airoli","Electronics & Telecommunication",2021,1,"SC",77.14,32000
106,"Datta Meghe College of Engineering (DMCE)","Airoli","Mechanical Engineering",2021,1,"SC",61.84,53400
106,"Datta Meghe College of Engineering (DMCE)","Airoli","Civil Engineering",2021,1,"SC",56.34,61100
106,"Datta Meghe College of Engineering (DMCE)","Airoli","Automobile Engineering",2021,1,"SC",50.84,68800
106,"Datta Meghe College of Engineering (DMCE)","Airoli","Computer Engineering",2021,1,"ST",74.84,35200
106,"Datta Meghe College of Engineering (DMCE)","Airoli","Information Technology",2021,1,"ST",83.04,23750
106,"Datta Meghe College of Engineering (DMCE)","Airoli","Electronics & Telecommunication",2021,1,"ST",75.64,34100
106,"Datta Meghe College of Engineering (DMCE)","Airoli","Mechanical Engineering",2021,1,"ST",60.34,55500
106,"Datta Meghe College of Engineering (DMCE)","Airoli","Civil Engineering",2021,1,"ST",54.84,63200
106,"Datta Meghe College of Engineering (DMCE)","Airoli","Automobile Engineering",2021,1,"ST",49.34,70900
106,"Datta Meghe College of Engineering (DMCE)","Airoli","Computer Engineering",2021,1,"Others",77.64,31300
106,"Datta Meghe College of Engineering (DMCE)","Airoli","Information Technology",2021,1,"Others",85.84,19800
106,"Datta Meghe College of Engineering (DMCE)","Airoli","Electronics & Telecommunication",2021,1,"Others",78.44,30200
106,"Datta Meghe College of Engineering (DMCE)","Airoli","Mechanical Engineering",2021,1,"Others",63.14,51600
106,"Datta Meghe College of Engineering (DMCE)","Airoli","Civil Engineering",2021,1,"Others",57.64,59300
106,"Datta Meghe College of Engineering (DMCE)","Airoli","Automobile Engineering",2021,1,"Others",52.14,67000
106,"Datta Meghe College of Engineering (DMCE)","Airoli","Computer Engineering",2021,2,"Open",78.5,30100
106,"Datta Meghe College of Engineering (DMCE)","Airoli","Information Technology",2021,2,"Open",86.7,18600
106,"Datta Meghe College of Engineering (DMCE)","Airoli","Electronics & Telecommunication",2021,2,"Open",79.3,29000
106,"Datta Meghe College of Engineering (DMCE)","Airoli","Mechanical Engineering",2021,2,"Open",64,50400
106,"Datta Meghe College of Engineering (DMCE)","Airoli","Civil Engineering",2021,2,"Open",58.5,58100
106,"Datta Meghe College of Engineering (DMCE)","Airoli","Automobile Engineering",2021,2,"Open",53,65800
106,"Datta Meghe College of Engineering (DMCE)","Airoli","Computer Engineering",2021,2,"OBC",78.5,30100
106,"Datta Meghe College of Engineering (DMCE)","Airoli","Information Technology",2021,2,"OBC",86.7,18600
106,"Datta Meghe College of Engineering (DMCE)","Airoli","Electronics & Telecommunication",2021,2,"OBC",79.3,29000
106,"Datta Meghe College of Engineering (DMCE)","Airoli","Mechanical Engineering",2021,2,"OBC",64,50400
106,"Datta Meghe College of Engineering (DMCE)","Airoli","Civil Engineering",2021,2,"OBC",58.5,58100
106,"Datta Meghe College of Engineering (DMCE)","Airoli","Automobile Engineering",2021,2,"OBC",53,65800
106,"Datta Meghe College of Engineering (DMCE)","Airoli","Computer Engineering",2021,2,"NT",77.7,31200
106,"Datta Meghe College of Engineering (DMCE)","Airoli","Information Technology",2021,2,"NT",85.9,19750
106,"Datta Meghe College of Engineering (DMCE)","Airoli","Electronics & Telecommunication",2021,2,"NT",78.5,30100
106,"Datta Meghe College of Engineering (DMCE)","Airoli","Mechanical Engineering",2021,2,"NT",63.2,51500
106,"Datta Meghe College of Engineering (DMCE)","Airoli","Civil Engineering",2021,2,"NT",57.7,59200
106,"Datta Meghe College of Engineering (DMCE)","Airoli","Automobile Engineering",2021,2,"NT",52.2,66900
106,"Datta Meghe College of Engineering (DMCE)","Airoli","Computer Engineering",2021,2,"SC",76,33600
106,"Datta Meghe College of Engineering (DMCE)","Airoli","Information Technology",2021,2,"SC",84.2,22100
106,"Datta Meghe College of Engineering (DMCE)","Airoli","Electronics & Telecommunication",2021,2,"SC",76.8,32500
106,"Datta Meghe College of Engineering (DMCE)","Airoli","Mechanical Engineering",2021,2,"SC",61.5,53900
106,"Datta Meghe College of Engineering (DMCE)","Airoli","Civil Engineering",2021,2,"SC",56,61600
106,"Datta Meghe College of Engineering (DMCE)","Airoli","Automobile Engineering",2021,2,"SC",50.5,69300
106,"Datta Meghe College of Engineering (DMCE)","Airoli","Computer Engineering",2021,2,"ST",74.5,35700
106,"Datta Meghe College of Engineering (DMCE)","Airoli","Information Technology",2021,2,"ST",82.7,24200
106,"Datta Meghe College of Engineering (DMCE)","Airoli","Electronics & Telecommunication",2021,2,"ST",75.3,34600
106,"Datta Meghe College of Engineering (DMCE)","Airoli","Mechanical Engineering",2021,2,"ST",60,56000
106,"Datta Meghe College of Engineering (DMCE)","Airoli","Civil Engineering",2021,2,"ST",54.5,63700
106,"Datta Meghe College of Engineering (DMCE)","Airoli","Automobile Engineering",2021,2,"ST",49,71400
106,"Datta Meghe College of Engineering (DMCE)","Airoli","Computer Engineering",2021,2,"Others",77.3,31800
106,"Datta Meghe College of Engineering (DMCE)","Airoli","Information Technology",2021,2,"Others",85.5,20300
106,"Datta Meghe College of Engineering (DMCE)","Airoli","Electronics & Telecommunication",2021,2,"Others",78.1,30650
106,"Datta Meghe College of Engineering (DMCE)","Airoli","Mechanical Engineering",2021,2,"Others",62.8,52100
106,"Datta Meghe College of Engineering (DMCE)","Airoli","Civil Engineering",2021,2,"Others",57.3,59800
106,"Datta Meghe College of Engineering (DMCE)","Airoli","Automobile Engineering",2021,2,"Others",51.8,67500
106,"Datta Meghe College of Engineering (DMCE)","Airoli","Computer Engineering",2021,3,"Open",77.76,31150
106,"Datta Meghe College of Engineering (DMCE)","Airoli","Information Technology",2021,3,"Open",85.96,19650
106,"Datta Meghe College of Engineering (DMCE)","Airoli","Electronics & Telecommunication",2021,3,"Open",78.56,30000
106,"Datta Meghe College of Engineering (DMCE)","Airoli","Mechanical Engineering",2021,3,"Open",63.26,51450
106,"Datta Meghe College of Engineering (DMCE)","Airoli","Civil Engineering",2021,3,"Open",57.76,59150
106,"Datta Meghe College of Engineering (DMCE)","Airoli","Automobile Engineering",2021,3,"Open",52.26,66850
106,"Datta Meghe College of Engineering (DMCE)","Airoli","Computer Engineering",2021,3,"OBC",77.76,31150
106,"Datta Meghe College of Engineering (DMCE)","Airoli","Information Technology",2021,3,"OBC",85.96,19650
106,"Datta Meghe College of Engineering (DMCE)","Airoli","Electronics & Telecommunication",2021,3,"OBC",78.56,30000
106,"Datta Meghe College of Engineering (DMCE)","Airoli","Mechanical Engineering",2021,3,"OBC",63.26,51450
106,"Datta Meghe College of Engineering (DMCE)","Airoli","Civil Engineering",2021,3,"OBC",57.76,59150
106,"Datta Meghe College of Engineering (DMCE)","Airoli","Automobile Engineering",2021,3,"OBC",52.26,66850
106,"Datta Meghe College of Engineering (DMCE)","Airoli","Computer Engineering",2021,3,"NT",76.96,32250
106,"Datta Meghe College of Engineering (DMCE)","Airoli","Information Technology",2021,3,"NT",85.16,20800
106,"Datta Meghe College of Engineering (DMCE)","Airoli","Electronics & Telecommunication",2021,3,"NT",77.76,31150
106,"Datta Meghe College of Engineering (DMCE)","Airoli","Mechanical Engineering",2021,3,"NT",62.46,52550
106,"Datta Meghe College of Engineering (DMCE)","Airoli","Civil Engineering",2021,3,"NT",56.96,60250
106,"Datta Meghe College of Engineering (DMCE)","Airoli","Automobile Engineering",2021,3,"NT",51.46,67950
106,"Datta Meghe College of Engineering (DMCE)","Airoli","Computer Engineering",2021,3,"SC",75.26,34650
106,"Datta Meghe College of Engineering (DMCE)","Airoli","Information Technology",2021,3,"SC",83.46,23150
106,"Datta Meghe College of Engineering (DMCE)","Airoli","Electronics & Telecommunication",2021,3,"SC",76.06,33500
106,"Datta Meghe College of Engineering (DMCE)","Airoli","Mechanical Engineering",2021,3,"SC",60.76,54950
106,"Datta Meghe College of Engineering (DMCE)","Airoli","Civil Engineering",2021,3,"SC",55.26,62650
106,"Datta Meghe College of Engineering (DMCE)","Airoli","Automobile Engineering",2021,3,"SC",49.76,70350
106,"Datta Meghe College of Engineering (DMCE)","Airoli","Computer Engineering",2021,3,"ST",73.76,36750
106,"Datta Meghe College of Engineering (DMCE)","Airoli","Information Technology",2021,3,"ST",81.96,25250
106,"Datta Meghe College of Engineering (DMCE)","Airoli","Electronics & Telecommunication",2021,3,"ST",74.56,35600
106,"Datta Meghe College of Engineering (DMCE)","Airoli","Mechanical Engineering",2021,3,"ST",59.26,57050
106,"Datta Meghe College of Engineering (DMCE)","Airoli","Civil Engineering",2021,3,"ST",53.76,64750
106,"Datta Meghe College of Engineering (DMCE)","Airoli","Automobile Engineering",2021,3,"ST",48.26,72450
106,"Datta Meghe College of Engineering (DMCE)","Airoli","Computer Engineering",2021,3,"Others",76.56,32800
106,"Datta Meghe College of Engineering (DMCE)","Airoli","Information Technology",2021,3,"Others",84.76,21350
106,"Datta Meghe College of Engineering (DMCE)","Airoli","Electronics & Telecommunication",2021,3,"Others",77.36,31700
106,"Datta Meghe College of Engineering (DMCE)","Airoli","Mechanical Engineering",2021,3,"Others",62.06,53100
106,"Datta Meghe College of Engineering (DMCE)","Airoli","Civil Engineering",2021,3,"Others",56.56,60800
106,"Datta Meghe College of Engineering (DMCE)","Airoli","Automobile Engineering",2021,3,"Others",51.06,68500
106,"Datta Meghe College of Engineering (DMCE)","Airoli","Computer Engineering",2022,1,"Open",79.58,28600
106,"Datta Meghe College of Engineering (DMCE)","Airoli","Information Technology",2022,1,"Open",87.78,17100
106,"Datta Meghe College of Engineering (DMCE)","Airoli","Electronics & Telecommunication",2022,1,"Open",80.38,27450
106,"Datta Meghe College of Engineering (DMCE)","Airoli","Mechanical Engineering",2022,1,"Open",65.08,48900
106,"Datta Meghe College of Engineering (DMCE)","Airoli","Civil Engineering",2022,1,"Open",59.58,56600
106,"Datta Meghe College of Engineering (DMCE)","Airoli","Automobile Engineering",2022,1,"Open",54.08,64300
106,"Datta Meghe College of Engineering (DMCE)","Airoli","Computer Engineering",2022,1,"OBC",79.58,28600
106,"Datta Meghe College of Engineering (DMCE)","Airoli","Information Technology",2022,1,"OBC",87.78,17100
106,"Datta Meghe College of Engineering (DMCE)","Airoli","Electronics & Telecommunication",2022,1,"OBC",80.38,27450
106,"Datta Meghe College of Engineering (DMCE)","Airoli","Mechanical Engineering",2022,1,"OBC",65.08,48900
106,"Datta Meghe College of Engineering (DMCE)","Airoli","Civil Engineering",2022,1,"OBC",59.58,56600
106,"Datta Meghe College of Engineering (DMCE)","Airoli","Automobile Engineering",2022,1,"OBC",54.08,64300
106,"Datta Meghe College of Engineering (DMCE)","Airoli","Computer Engineering",2022,1,"NT",78.78,29700
106,"Datta Meghe College of Engineering (DMCE)","Airoli","Information Technology",2022,1,"NT",86.98,18250
106,"Datta Meghe College of Engineering (DMCE)","Airoli","Electronics & Telecommunication",2022,1,"NT",79.58,28600
106,"Datta Meghe College of Engineering (DMCE)","Airoli","Mechanical Engineering",2022,1,"NT",64.28,50000
106,"Datta Meghe College of Engineering (DMCE)","Airoli","Civil Engineering",2022,1,"NT",58.78,57700
106,"Datta Meghe College of Engineering (DMCE)","Airoli","Automobile Engineering",2022,1,"NT",53.28,65400
106,"Datta Meghe College of Engineering (DMCE)","Airoli","Computer Engineering",2022,1,"SC",77.08,32100
106,"Datta Meghe College of Engineering (DMCE)","Airoli","Information Technology",2022,1,"SC",85.28,20600
106,"Datta Meghe College of Engineering (DMCE)","Airoli","Electronics & Telecommunication",2022,1,"SC",77.88,30950
106,"Datta Meghe College of Engineering (DMCE)","Airoli","Mechanical Engineering",2022,1,"SC",62.58,52400
106,"Datta Meghe College of Engineering (DMCE)","Airoli","Civil Engineering",2022,1,"SC",57.08,60100
106,"Datta Meghe College of Engineering (DMCE)","Airoli","Automobile Engineering",2022,1,"SC",51.58,67800
106,"Datta Meghe College of Engineering (DMCE)","Airoli","Computer Engineering",2022,1,"ST",75.58,34200
106,"Datta Meghe College of Engineering (DMCE)","Airoli","Information Technology",2022,1,"ST",83.78,22700
106,"Datta Meghe College of Engineering (DMCE)","Airoli","Electronics & Telecommunication",2022,1,"ST",76.38,33050
106,"Datta Meghe College of Engineering (DMCE)","Airoli","Mechanical Engineering",2022,1,"ST",61.08,54500
106,"Datta Meghe College of Engineering (DMCE)","Airoli","Civil Engineering",2022,1,"ST",55.58,62200
106,"Datta Meghe College of Engineering (DMCE)","Airoli","Automobile Engineering",2022,1,"ST",50.08,69900
106,"Datta Meghe College of Engineering (DMCE)","Airoli","Computer Engineering",2022,1,"Others",78.38,30250
106,"Datta Meghe College of Engineering (DMCE)","Airoli","Information Technology",2022,1,"Others",86.58,18800
106,"Datta Meghe College of Engineering (DMCE)","Airoli","Electronics & Telecommunication",2022,1,"Others",79.18,29150
106,"Datta Meghe College of Engineering (DMCE)","Airoli","Mechanical Engineering",2022,1,"Others",63.88,50550
106,"Datta Meghe College of Engineering (DMCE)","Airoli","Civil Engineering",2022,1,"Others",58.38,58250
106,"Datta Meghe College of Engineering (DMCE)","Airoli","Automobile Engineering",2022,1,"Others",52.88,65950
106,"Datta Meghe College of Engineering (DMCE)","Airoli","Computer Engineering",2022,2,"Open",78.84,29600
106,"Datta Meghe College of Engineering (DMCE)","Airoli","Information Technology",2022,2,"Open",87.04,18150
106,"Datta Meghe College of Engineering (DMCE)","Airoli","Electronics & Telecommunication",2022,2,"Open",79.64,28500
106,"Datta Meghe College of Engineering (DMCE)","Airoli","Mechanical Engineering",2022,2,"Open",64.34,49900
106,"Datta Meghe College of Engineering (DMCE)","Airoli","Civil Engineering",2022,2,"Open",58.84,57600
106,"Datta Meghe College of Engineering (DMCE)","Airoli","Automobile Engineering",2022,2,"Open",53.34,65300
106,"Datta Meghe College of Engineering (DMCE)","Airoli","Computer Engineering",2022,2,"OBC",78.84,29600
106,"Datta Meghe College of Engineering (DMCE)","Airoli","Information Technology",2022,2,"OBC",87.04,18150
106,"Datta Meghe College of Engineering (DMCE)","Airoli","Electronics & Telecommunication",2022,2,"OBC",79.64,28500
106,"Datta Meghe College of Engineering (DMCE)","Airoli","Mechanical Engineering",2022,2,"OBC",64.34,49900
106,"Datta Meghe College of Engineering (DMCE)","Airoli","Civil Engineering",2022,2,"OBC",58.84,57600
106,"Datta Meghe College of Engineering (DMCE)","Airoli","Automobile Engineering",2022,2,"OBC",53.34,65300
106,"Datta Meghe College of Engineering (DMCE)","Airoli","Computer Engineering",2022,2,"NT",78.04,30750
106,"Datta Meghe College of Engineering (DMCE)","Airoli","Information Technology",2022,2,"NT",86.24,19250
106,"Datta Meghe College of Engineering (DMCE)","Airoli","Electronics & Telecommunication",2022,2,"NT",78.84,29600
106,"Datta Meghe College of Engineering (DMCE)","Airoli","Mechanical Engineering",2022,2,"NT",63.54,51050
106,"Datta Meghe College of Engineering (DMCE)","Airoli","Civil Engineering",2022,2,"NT",58.04,58750
106,"Datta Meghe College of Engineering (DMCE)","Airoli","Automobile Engineering",2022,2,"NT",52.54,66450
106,"Datta Meghe College of Engineering (DMCE)","Airoli","Computer Engineering",2022,2,"SC",76.34,33100
106,"Datta Meghe College of Engineering (DMCE)","Airoli","Information Technology",2022,2,"SC",84.54,21650
106,"Datta Meghe College of Engineering (DMCE)","Airoli","Electronics & Telecommunication",2022,2,"SC",77.14,32000
106,"Datta Meghe College of Engineering (DMCE)","Airoli","Mechanical Engineering",2022,2,"SC",61.84,53400
106,"Datta Meghe College of Engineering (DMCE)","Airoli","Civil Engineering",2022,2,"SC",56.34,61100
106,"Datta Meghe College of Engineering (DMCE)","Airoli","Automobile Engineering",2022,2,"SC",50.84,68800
106,"Datta Meghe College of Engineering (DMCE)","Airoli","Computer Engineering",2022,2,"ST",74.84,35200
106,"Datta Meghe College of Engineering (DMCE)","Airoli","Information Technology",2022,2,"ST",83.04,23750
106,"Datta Meghe College of Engineering (DMCE)","Airoli","Electronics & Telecommunication",2022,2,"ST",75.64,34100
106,"Datta Meghe College of Engineering (DMCE)","Airoli","Mechanical Engineering",2022,2,"ST",60.34,55500
106,"Datta Meghe College of Engineering (DMCE)","Airoli","Civil Engineering",2022,2,"ST",54.84,63200
106,"Datta Meghe College of Engineering (DMCE)","Airoli","Automobile Engineering",2022,2,"ST",49.34,70900
106,"Datta Meghe College of Engineering (DMCE)","Airoli","Computer Engineering",2022,2,"Others",77.64,31300
106,"Datta Meghe College of Engineering (DMCE)","Airoli","Information Technology",2022,2,"Others",85.84,19800
106,"Datta Meghe College of Engineering (DMCE)","Airoli","Electronics & Telecommunication",2022,2,"Others",78.44,30200
106,"Datta Meghe College of Engineering (DMCE)","Airoli","Mechanical Engineering",2022,2,"Others",63.14,51600
106,"Datta Meghe College of Engineering (DMCE)","Airoli","Civil Engineering",2022,2,"Others",57.64,59300
106,"Datta Meghe College of Engineering (DMCE)","Airoli","Automobile Engineering",2022,2,"Others",52.14,67000
106,"Datta Meghe College of Engineering (DMCE)","Airoli","Computer Engineering",2022,3,"Open",78.5,30100
106,"Datta Meghe College of Engineering (DMCE)","Airoli","Information Technology",2022,3,"Open",86.7,18600
106,"Datta Meghe College of Engineering (DMCE)","Airoli","Electronics & Telecommunication",2022,3,"Open",79.3,29000
106,"Datta Meghe College of Engineering (DMCE)","Airoli","Mechanical Engineering",2022,3,"Open",64,50400
106,"Datta Meghe College of Engineering (DMCE)","Airoli","Civil Engineering",2022,3,"Open",58.5,58100
106,"Datta Meghe College of Engineering (DMCE)","Airoli","Automobile Engineering",2022,3,"Open",53,65800
106,"Datta Meghe College of Engineering (DMCE)","Airoli","Computer Engineering",2022,3,"OBC",78.5,30100
106,"Datta Meghe College of Engineering (DMCE)","Airoli","Information Technology",2022,3,"OBC",86.7,18600
106,"Datta Meghe College of Engineering (DMCE)","Airoli","Electronics & Telecommunication",2022,3,"OBC",79.3,29000
106,"Datta Meghe College of Engineering (DMCE)","Airoli","Mechanical Engineering",2022,3,"OBC",64,50400
106,"Datta Meghe College of Engineering (DMCE)","Airoli","Civil Engineering",2022,3,"OBC",58.5,58100
106,"Datta Meghe College of Engineering (DMCE)","Airoli","Automobile Engineering",2022,3,"OBC",53,65800
106,"Datta Meghe College of Engineering (DMCE)","Airoli","Computer Engineering",2022,3,"NT",77.7,31200
106,"Datta Meghe College of Engineering (DMCE)","Airoli","Information Technology",2022,3,"NT",85.9,19750
106,"Datta Meghe College of Engineering (DMCE)","Airoli","Electronics & Telecommunication",2022,3,"NT",78.5,30100
106,"Datta Meghe College of Engineering (DMCE)","Airoli","Mechanical Engineering",2022,3,"NT",63.2,51500
106,"Datta Meghe College of Engineering (DMCE)","Airoli","Civil Engineering",2022,3,"NT",57.7,59200
106,"Datta Meghe College of Engineering (DMCE)","Airoli","Automobile Engineering",2022,3,"NT",52.2,66900
106,"Datta Meghe College of Engineering (DMCE)","Airoli","Computer Engineering",2022,3,"SC",76,33600
106,"Datta Meghe College of Engineering (DMCE)","Airoli","Information Technology",2022,3,"SC",84.2,22100
106,"Datta Meghe College of Engineering (DMCE)","Airoli","Electronics & Telecommunication",2022,3,"SC",76.8,32500
106,"Datta Meghe College of Engineering (DMCE)","Airoli","Mechanical Engineering",2022,3,"SC",61.5,53900
106,"Datta Meghe College of Engineering (DMCE)","Airoli","Civil Engineering",2022,3,"SC",56,61600
106,"Datta Meghe College of Engineering (DMCE)","Airoli","Automobile Engineering",2022,3,"SC",50.5,69300
106,"Datta Meghe College of Engineering (DMCE)","Airoli","Computer Engineering",2022,3,"ST",74.5,35700
106,"Datta Meghe College of Engineering (DMCE)","Airoli","Information Technology",2022,3,"ST",82.7,24200
106,"Datta Meghe College of Engineering (DMCE)","Airoli","Electronics & Telecommunication",2022,3,"ST",75.3,34600
106,"Datta Meghe College of Engineering (DMCE)","Airoli","Mechanical Engineering",2022,3,"ST",60,56000
106,"Datta Meghe College of Engineering (DMCE)","Airoli","Civil Engineering",2022,3,"ST",54.5,63700
106,"Datta Meghe College of Engineering (DMCE)","Airoli","Automobile Engineering",2022,3,"ST",49,71400
106,"Datta Meghe College of Engineering (DMCE)","Airoli","Computer Engineering",2022,3,"Others",77.3,31800
106,"Datta Meghe College of Engineering (DMCE)","Airoli","Information Technology",2022,3,"Others",85.5,20300
106,"Datta Meghe College of Engineering (DMCE)","Airoli","Electronics & Telecommunication",2022,3,"Others",78.1,30650
106,"Datta Meghe College of Engineering (DMCE)","Airoli","Mechanical Engineering",2022,3,"Others",62.8,52100
106,"Datta Meghe College of Engineering (DMCE)","Airoli","Civil Engineering",2022,3,"Others",57.3,59800
106,"Datta Meghe College of Engineering (DMCE)","Airoli","Automobile Engineering",2022,3,"Others",51.8,67500
106,"Datta Meghe College of Engineering (DMCE)","Airoli","Computer Engineering",2023,1,"Open",80.32,27550
106,"Datta Meghe College of Engineering (DMCE)","Airoli","Information Technology",2023,1,"Open",88.52,16050
106,"Datta Meghe College of Engineering (DMCE)","Airoli","Electronics & Telecommunication",2023,1,"Open",81.12,26450
106,"Datta Meghe College of Engineering (DMCE)","Airoli","Mechanical Engineering",2023,1,"Open",65.82,47850
106,"Datta Meghe College of Engineering (DMCE)","Airoli","Civil Engineering",2023,1,"Open",60.32,55550
106,"Datta Meghe College of Engineering (DMCE)","Airoli","Automobile Engineering",2023,1,"Open",54.82,63250
106,"Datta Meghe College of Engineering (DMCE)","Airoli","Computer Engineering",2023,1,"OBC",80.32,27550
106,"Datta Meghe College of Engineering (DMCE)","Airoli","Information Technology",2023,1,"OBC",88.52,16050
106,"Datta Meghe College of Engineering (DMCE)","Airoli","Electronics & Telecommunication",2023,1,"OBC",81.12,26450
106,"Datta Meghe College of Engineering (DMCE)","Airoli","Mechanical Engineering",2023,1,"OBC",65.82,47850
106,"Datta Meghe College of Engineering (DMCE)","Airoli","Civil Engineering",2023,1,"OBC",60.32,55550
106,"Datta Meghe College of Engineering (DMCE)","Airoli","Automobile Engineering",2023,1,"OBC",54.82,63250
106,"Datta Meghe College of Engineering (DMCE)","Airoli","Computer Engineering",2023,1,"NT",79.52,28650
106,"Datta Meghe College of Engineering (DMCE)","Airoli","Information Technology",2023,1,"NT",87.72,17200
106,"Datta Meghe College of Engineering (DMCE)","Airoli","Electronics & Telecommunication",2023,1,"NT",80.32,27550
106,"Datta Meghe College of Engineering (DMCE)","Airoli","Mechanical Engineering",2023,1,"NT",65.02,48950
106,"Datta Meghe College of Engineering (DMCE)","Airoli","Civil Engineering",2023,1,"NT",59.52,56650
106,"Datta Meghe College of Engineering (DMCE)","Airoli","Automobile Engineering",2023,1,"NT",54.02,64350
106,"Datta Meghe College of Engineering (DMCE)","Airoli","Computer Engineering",2023,1,"SC",77.82,31050
106,"Datta Meghe College of Engineering (DMCE)","Airoli","Information Technology",2023,1,"SC",86.02,19550
106,"Datta Meghe College of Engineering (DMCE)","Airoli","Electronics & Telecommunication",2023,1,"SC",78.62,29950
106,"Datta Meghe College of Engineering (DMCE)","Airoli","Mechanical Engineering",2023,1,"SC",63.32,51350
106,"Datta Meghe College of Engineering (DMCE)","Airoli","Civil Engineering",2023,1,"SC",57.82,59050
106,"Datta Meghe College of Engineering (DMCE)","Airoli","Automobile Engineering",2023,1,"SC",52.32,66750
106,"Datta Meghe College of Engineering (DMCE)","Airoli","Computer Engineering",2023,1,"ST",76.32,33150
106,"Datta Meghe College of Engineering (DMCE)","Airoli","Information Technology",2023,1,"ST",84.52,21650
106,"Datta Meghe College of Engineering (DMCE)","Airoli","Electronics & Telecommunication",2023,1,"ST",77.12,32050
106,"Datta Meghe College of Engineering (DMCE)","Airoli","Mechanical Engineering",2023,1,"ST",61.82,53450
106,"Datta Meghe College of Engineering (DMCE)","Airoli","Civil Engineering",2023,1,"ST",56.32,61150
106,"Datta Meghe College of Engineering (DMCE)","Airoli","Automobile Engineering",2023,1,"ST",50.82,68850
106,"Datta Meghe College of Engineering (DMCE)","Airoli","Computer Engineering",2023,1,"Others",79.12,29250
106,"Datta Meghe College of Engineering (DMCE)","Airoli","Information Technology",2023,1,"Others",87.32,17750
106,"Datta Meghe College of Engineering (DMCE)","Airoli","Electronics & Telecommunication",2023,1,"Others",79.92,28100
106,"Datta Meghe College of Engineering (DMCE)","Airoli","Mechanical Engineering",2023,1,"Others",64.62,49550
106,"Datta Meghe College of Engineering (DMCE)","Airoli","Civil Engineering",2023,1,"Others",59.12,57250
106,"Datta Meghe College of Engineering (DMCE)","Airoli","Automobile Engineering",2023,1,"Others",53.62,64950
106,"Datta Meghe College of Engineering (DMCE)","Airoli","Computer Engineering",2023,2,"Open",79.58,28600
106,"Datta Meghe College of Engineering (DMCE)","Airoli","Information Technology",2023,2,"Open",87.78,17100
106,"Datta Meghe College of Engineering (DMCE)","Airoli","Electronics & Telecommunication",2023,2,"Open",80.38,27450
106,"Datta Meghe College of Engineering (DMCE)","Airoli","Mechanical Engineering",2023,2,"Open",65.08,48900
106,"Datta Meghe College of Engineering (DMCE)","Airoli","Civil Engineering",2023,2,"Open",59.58,56600
106,"Datta Meghe College of Engineering (DMCE)","Airoli","Automobile Engineering",2023,2,"Open",54.08,64300
106,"Datta Meghe College of Engineering (DMCE)","Airoli","Computer Engineering",2023,2,"OBC",79.58,28600
106,"Datta Meghe College of Engineering (DMCE)","Airoli","Information Technology",2023,2,"OBC",87.78,17100
106,"Datta Meghe College of Engineering (DMCE)","Airoli","Electronics & Telecommunication",2023,2,"OBC",80.38,27450
106,"Datta Meghe College of Engineering (DMCE)","Airoli","Mechanical Engineering",2023,2,"OBC",65.08,48900
106,"Datta Meghe College of Engineering (DMCE)","Airoli","Civil Engineering",2023,2,"OBC",59.58,56600
106,"Datta Meghe College of Engineering (DMCE)","Airoli","Automobile Engineering",2023,2,"OBC",54.08,64300
106,"Datta Meghe College of Engineering (DMCE)","Airoli","Computer Engineering",2023,2,"NT",78.78,29700
106,"Datta Meghe College of Engineering (DMCE)","Airoli","Information Technology",2023,2,"NT",86.98,18250
106,"Datta Meghe College of Engineering (DMCE)","Airoli","Electronics & Telecommunication",2023,2,"NT",79.58,28600
106,"Datta Meghe College of Engineering (DMCE)","Airoli","Mechanical Engineering",2023,2,"NT",64.28,50000
106,"Datta Meghe College of Engineering (DMCE)","Airoli","Civil Engineering",2023,2,"NT",58.78,57700
106,"Datta Meghe College of Engineering (DMCE)","Airoli","Automobile Engineering",2023,2,"NT",53.28,65400
106,"Datta Meghe College of Engineering (DMCE)","Airoli","Computer Engineering",2023,2,"SC",77.08,32100
106,"Datta Meghe College of Engineering (DMCE)","Airoli","Information Technology",2023,2,"SC",85.28,20600
106,"Datta Meghe College of Engineering (DMCE)","Airoli","Electronics & Telecommunication",2023,2,"SC",77.88,30950
106,"Datta Meghe College of Engineering (DMCE)","Airoli","Mechanical Engineering",2023,2,"SC",62.58,52400
106,"Datta Meghe College of Engineering (DMCE)","Airoli","Civil Engineering",2023,2,"SC",57.08,60100
106,"Datta Meghe College of Engineering (DMCE)","Airoli","Automobile Engineering",2023,2,"SC",51.58,67800
106,"Datta Meghe College of Engineering (DMCE)","Airoli","Computer Engineering",2023,2,"ST",75.58,34200
106,"Datta Meghe College of Engineering (DMCE)","Airoli","Information Technology",2023,2,"ST",83.78,22700
106,"Datta Meghe College of Engineering (DMCE)","Airoli","Electronics & Telecommunication",2023,2,"ST",76.38,33050
106,"Datta Meghe College of Engineering (DMCE)","Airoli","Mechanical Engineering",2023,2,"ST",61.08,54500
106,"Datta Meghe College of Engineering (DMCE)","Airoli","Civil Engineering",2023,2,"ST",55.58,62200
106,"Datta Meghe College of Engineering (DMCE)","Airoli","Automobile Engineering",2023,2,"ST",50.08,69900
106,"Datta Meghe College of Engineering (DMCE)","Airoli","Computer Engineering",2023,2,"Others",78.38,30250
106,"Datta Meghe College of Engineering (DMCE)","Airoli","Information Technology",2023,2,"Others",86.58,18800
106,"Datta Meghe College of Engineering (DMCE)","Airoli","Electronics & Telecommunication",2023,2,"Others",79.18,29150
106,"Datta Meghe College of Engineering (DMCE)","Airoli","Mechanical Engineering",2023,2,"Others",63.88,50550
106,"Datta Meghe College of Engineering (DMCE)","Airoli","Civil Engineering",2023,2,"Others",58.38,58250
106,"Datta Meghe College of Engineering (DMCE)","Airoli","Automobile Engineering",2023,2,"Others",52.88,65950
106,"Datta Meghe College of Engineering (DMCE)","Airoli","Computer Engineering",2023,3,"Open",78.84,29600
106,"Datta Meghe College of Engineering (DMCE)","Airoli","Information Technology",2023,3,"Open",87.04,18150
106,"Datta Meghe College of Engineering (DMCE)","Airoli","Electronics & Telecommunication",2023,3,"Open",79.64,28500
106,"Datta Meghe College of Engineering (DMCE)","Airoli","Mechanical Engineering",2023,3,"Open",64.34,49900
106,"Datta Meghe College of Engineering (DMCE)","Airoli","Civil Engineering",2023,3,"Open",58.84,57600
106,"Datta Meghe College of Engineering (DMCE)","Airoli","Automobile Engineering",2023,3,"Open",53.34,65300
106,"Datta Meghe College of Engineering (DMCE)","Airoli","Computer Engineering",2023,3,"OBC",78.84,29600
106,"Datta Meghe College of Engineering (DMCE)","Airoli","Information Technology",2023,3,"OBC",87.04,18150
106,"Datta Meghe College of Engineering (DMCE)","Airoli","Electronics & Telecommunication",2023,3,"OBC",79.64,28500
106,"Datta Meghe College of Engineering (DMCE)","Airoli","Mechanical Engineering",2023,3,"OBC",64.34,49900
106,"Datta Meghe College of Engineering (DMCE)","Airoli","Civil Engineering",2023,3,"OBC",58.84,57600
106,"Datta Meghe College of Engineering (DMCE)","Airoli","Automobile Engineering",2023,3,"OBC",53.34,65300
106,"Datta Meghe College of Engineering (DMCE)","Airoli","Computer Engineering",2023,3,"NT",78.04,30750
106,"Datta Meghe College of Engineering (DMCE)","Airoli","Information Technology",2023,3,"NT",86.24,19250
106,"Datta Meghe College of Engineering (DMCE)","Airoli","Electronics & Telecommunication",2023,3,"NT",78.84,29600
106,"Datta Meghe College of Engineering (DMCE)","Airoli","Mechanical Engineering",2023,3,"NT",63.54,51050
106,"Datta Meghe College of Engineering (DMCE)","Airoli","Civil Engineering",2023,3,"NT",58.04,58750
106,"Datta Meghe College of Engineering (DMCE)","Airoli","Automobile Engineering",2023,3,"NT",52.54,66450
106,"Datta Meghe College of Engineering (DMCE)","Airoli","Computer Engineering",2023,3,"SC",76.34,33100
106,"Datta Meghe College of Engineering (DMCE)","Airoli","Information Technology",2023,3,"SC",84.54,21650
106,"Datta Meghe College of Engineering (DMCE)","Airoli","Electronics & Telecommunication",2023,3,"SC",77.14,32000
106,"Datta Meghe College of Engineering (DMCE)","Airoli","Mechanical Engineering",2023,3,"SC",61.84,53400
106,"Datta Meghe College of Engineering (DMCE)","Airoli","Civil Engineering",2023,3,"SC",56.34,61100
106,"Datta Meghe College of Engineering (DMCE)","Airoli","Automobile Engineering",2023,3,"SC",50.84,68800
106,"Datta Meghe College of Engineering (DMCE)","Airoli","Computer Engineering",2023,3,"ST",74.84,35200
106,"Datta Meghe College of Engineering (DMCE)","Airoli","Information Technology",2023,3,"ST",83.04,23750
106,"Datta Meghe College of Engineering (DMCE)","Airoli","Electronics & Telecommunication",2023,3,"ST",75.64,34100
106,"Datta Meghe College of Engineering (DMCE)","Airoli","Mechanical Engineering",2023,3,"ST",60.34,55500
106,"Datta Meghe College of Engineering (DMCE)","Airoli","Civil Engineering",2023,3,"ST",54.84,63200
106,"Datta Meghe College of Engineering (DMCE)","Airoli","Automobile Engineering",2023,3,"ST",49.34,70900
106,"Datta Meghe College of Engineering (DMCE)","Airoli","Computer Engineering",2023,3,"Others",77.64,31300
106,"Datta Meghe College of Engineering (DMCE)","Airoli","Information Technology",2023,3,"Others",85.84,19800
106,"Datta Meghe College of Engineering (DMCE)","Airoli","Electronics & Telecommunication",2023,3,"Others",78.44,30200
106,"Datta Meghe College of Engineering (DMCE)","Airoli","Mechanical Engineering",2023,3,"Others",63.14,51600
106,"Datta Meghe College of Engineering (DMCE)","Airoli","Civil Engineering",2023,3,"Others",57.64,59300
106,"Datta Meghe College of Engineering (DMCE)","Airoli","Automobile Engineering",2023,3,"Others",52.14,67000
106,"Datta Meghe College of Engineering (DMCE)","Airoli","Computer Engineering",2024,1,"Open",80.66,27100
106,"Datta Meghe College of Engineering (DMCE)","Airoli","Information Technology",2024,1,"Open",88.86,15600
106,"Datta Meghe College of Engineering (DMCE)","Airoli","Electronics & Telecommunication",2024,1,"Open",81.46,25950
106,"Datta Meghe College of Engineering (DMCE)","Airoli","Mechanical Engineering",2024,1,"Open",66.16,47400
106,"Datta Meghe College of Engineering (DMCE)","Airoli","Civil Engineering",2024,1,"Open",60.66,55100
106,"Datta Meghe College of Engineering (DMCE)","Airoli","Automobile Engineering",2024,1,"Open",55.16,62800
106,"Datta Meghe College of Engineering (DMCE)","Airoli","Computer Engineering",2024,1,"OBC",80.66,27100
106,"Datta Meghe College of Engineering (DMCE)","Airoli","Information Technology",2024,1,"OBC",88.86,15600
106,"Datta Meghe College of Engineering (DMCE)","Airoli","Electronics & Telecommunication",2024,1,"OBC",81.46,25950
106,"Datta Meghe College of Engineering (DMCE)","Airoli","Mechanical Engineering",2024,1,"OBC",66.16,47400
106,"Datta Meghe College of Engineering (DMCE)","Airoli","Civil Engineering",2024,1,"OBC",60.66,55100
106,"Datta Meghe College of Engineering (DMCE)","Airoli","Automobile Engineering",2024,1,"OBC",55.16,62800
106,"Datta Meghe College of Engineering (DMCE)","Airoli","Computer Engineering",2024,1,"NT",79.86,28200
106,"Datta Meghe College of Engineering (DMCE)","Airoli","Information Technology",2024,1,"NT",88.06,16700
106,"Datta Meghe College of Engineering (DMCE)","Airoli","Electronics & Telecommunication",2024,1,"NT",80.66,27100
106,"Datta Meghe College of Engineering (DMCE)","Airoli","Mechanical Engineering",2024,1,"NT",65.36,48500
106,"Datta Meghe College of Engineering (DMCE)","Airoli","Civil Engineering",2024,1,"NT",59.86,56200
106,"Datta Meghe College of Engineering (DMCE)","Airoli","Automobile Engineering",2024,1,"NT",54.36,63900
106,"Datta Meghe College of Engineering (DMCE)","Airoli","Computer Engineering",2024,1,"SC",78.16,30600
106,"Datta Meghe College of Engineering (DMCE)","Airoli","Information Technology",2024,1,"SC",86.36,19100
106,"Datta Meghe College of Engineering (DMCE)","Airoli","Electronics & Telecommunication",2024,1,"SC",78.96,29450
106,"Datta Meghe College of Engineering (DMCE)","Airoli","Mechanical Engineering",2024,1,"SC",63.66,50900
106,"Datta Meghe College of Engineering (DMCE)","Airoli","Civil Engineering",2024,1,"SC",58.16,58600
106,"Datta Meghe College of Engineering (DMCE)","Airoli","Automobile Engineering",2024,1,"SC",52.66,66300
106,"Datta Meghe College of Engineering (DMCE)","Airoli","Computer Engineering",2024,1,"ST",76.66,32700
106,"Datta Meghe College of Engineering (DMCE)","Airoli","Information Technology",2024,1,"ST",84.86,21200
106,"Datta Meghe College of Engineering (DMCE)","Airoli","Electronics & Telecommunication",2024,1,"ST",77.46,31550
106,"Datta Meghe College of Engineering (DMCE)","Airoli","Mechanical Engineering",2024,1,"ST",62.16,53000
106,"Datta Meghe College of Engineering (DMCE)","Airoli","Civil Engineering",2024,1,"ST",56.66,60700
106,"Datta Meghe College of Engineering (DMCE)","Airoli","Automobile Engineering",2024,1,"ST",51.16,68400
106,"Datta Meghe College of Engineering (DMCE)","Airoli","Computer Engineering",2024,1,"Others",79.46,28750
106,"Datta Meghe College of Engineering (DMCE)","Airoli","Information Technology",2024,1,"Others",87.66,17300
106,"Datta Meghe College of Engineering (DMCE)","Airoli","Electronics & Telecommunication",2024,1,"Others",80.26,27650
106,"Datta Meghe College of Engineering (DMCE)","Airoli","Mechanical Engineering",2024,1,"Others",64.96,49050
106,"Datta Meghe College of Engineering (DMCE)","Airoli","Civil Engineering",2024,1,"Others",59.46,56750
106,"Datta Meghe College of Engineering (DMCE)","Airoli","Automobile Engineering",2024,1,"Others",53.96,64450
106,"Datta Meghe College of Engineering (DMCE)","Airoli","Computer Engineering",2024,2,"Open",80.32,27550
106,"Datta Meghe College of Engineering (DMCE)","Airoli","Information Technology",2024,2,"Open",88.52,16050
106,"Datta Meghe College of Engineering (DMCE)","Airoli","Electronics & Telecommunication",2024,2,"Open",81.12,26450
106,"Datta Meghe College of Engineering (DMCE)","Airoli","Mechanical Engineering",2024,2,"Open",65.82,47850
106,"Datta Meghe College of Engineering (DMCE)","Airoli","Civil Engineering",2024,2,"Open",60.32,55550
106,"Datta Meghe College of Engineering (DMCE)","Airoli","Automobile Engineering",2024,2,"Open",54.82,63250
106,"Datta Meghe College of Engineering (DMCE)","Airoli","Computer Engineering",2024,2,"OBC",80.32,27550
106,"Datta Meghe College of Engineering (DMCE)","Airoli","Information Technology",2024,2,"OBC",88.52,16050
106,"Datta Meghe College of Engineering (DMCE)","Airoli","Electronics & Telecommunication",2024,2,"OBC",81.12,26450
106,"Datta Meghe College of Engineering (DMCE)","Airoli","Mechanical Engineering",2024,2,"OBC",65.82,47850
106,"Datta Meghe College of Engineering (DMCE)","Airoli","Civil Engineering",2024,2,"OBC",60.32,55550
106,"Datta Meghe College of Engineering (DMCE)","Airoli","Automobile Engineering",2024,2,"OBC",54.82,63250
106,"Datta Meghe College of Engineering (DMCE)","Airoli","Computer Engineering",2024,2,"NT",79.52,28650
106,"Datta Meghe College of Engineering (DMCE)","Airoli","Information Technology",2024,2,"NT",87.72,17200
106,"Datta Meghe College of Engineering (DMCE)","Airoli","Electronics & Telecommunication",2024,2,"NT",80.32,27550
106,"Datta Meghe College of Engineering (DMCE)","Airoli","Mechanical Engineering",2024,2,"NT",65.02,48950
106,"Datta Meghe College of Engineering (DMCE)","Airoli","Civil Engineering",2024,2,"NT",59.52,56650
106,"Datta Meghe College of Engineering (DMCE)","Airoli","Automobile Engineering",2024,2,"NT",54.02,64350
106,"Datta Meghe College of Engineering (DMCE)","Airoli","Computer Engineering",2024,2,"SC",77.82,31050
106,"Datta Meghe College of Engineering (DMCE)","Airoli","Information Technology",2024,2,"SC",86.02,19550
106,"Datta Meghe College of Engineering (DMCE)","Airoli","Electronics & Telecommunication",2024,2,"SC",78.62,29950
106,"Datta Meghe College of Engineering (DMCE)","Airoli","Mechanical Engineering",2024,2,"SC",63.32,51350
106,"Datta Meghe College of Engineering (DMCE)","Airoli","Civil Engineering",2024,2,"SC",57.82,59050
106,"Datta Meghe College of Engineering (DMCE)","Airoli","Automobile Engineering",2024,2,"SC",52.32,66750
106,"Datta Meghe College of Engineering (DMCE)","Airoli","Computer Engineering",2024,2,"ST",76.32,33150
106,"Datta Meghe College of Engineering (DMCE)","Airoli","Information Technology",2024,2,"ST",84.52,21650
106,"Datta Meghe College of Engineering (DMCE)","Airoli","Electronics & Telecommunication",2024,2,"ST",77.12,32050
106,"Datta Meghe College of Engineering (DMCE)","Airoli","Mechanical Engineering",2024,2,"ST",61.82,53450
106,"Datta Meghe College of Engineering (DMCE)","Airoli","Civil Engineering",2024,2,"ST",56.32,61150
106,"Datta Meghe College of Engineering (DMCE)","Airoli","Automobile Engineering",2024,2,"ST",50.82,68850
106,"Datta Meghe College of Engineering (DMCE)","Airoli","Computer Engineering",2024,2,"Others",79.12,29250
106,"Datta Meghe College of Engineering (DMCE)","Airoli","Information Technology",2024,2,"Others",87.32,17750
106,"Datta Meghe College of Engineering (DMCE)","Airoli","Electronics & Telecommunication",2024,2,"Others",79.92,28100
106,"Datta Meghe College of Engineering (DMCE)","Airoli","Mechanical Engineering",2024,2,"Others",64.62,49550
106,"Datta Meghe College of Engineering (DMCE)","Airoli","Civil Engineering",2024,2,"Others",59.12,57250
106,"Datta Meghe College of Engineering (DMCE)","Airoli","Automobile Engineering",2024,2,"Others",53.62,64950
106,"Datta Meghe College of Engineering (DMCE)","Airoli","Computer Engineering",2024,3,"Open",79.58,28600
106,"Datta Meghe College of Engineering (DMCE)","Airoli","Information Technology",2024,3,"Open",87.78,17100
106,"Datta Meghe College of Engineering (DMCE)","Airoli","Electronics & Telecommunication",2024,3,"Open",80.38,27450
106,"Datta Meghe College of Engineering (DMCE)","Airoli","Mechanical Engineering",2024,3,"Open",65.08,48900
106,"Datta Meghe College of Engineering (DMCE)","Airoli","Civil Engineering",2024,3,"Open",59.58,56600
106,"Datta Meghe College of Engineering (DMCE)","Airoli","Automobile Engineering",2024,3,"Open",54.08,64300
106,"Datta Meghe College of Engineering (DMCE)","Airoli","Computer Engineering",2024,3,"OBC",79.58,28600
106,"Datta Meghe College of Engineering (DMCE)","Airoli","Information Technology",2024,3,"OBC",87.78,17100
106,"Datta Meghe College of Engineering (DMCE)","Airoli","Electronics & Telecommunication",2024,3,"OBC",80.38,27450
106,"Datta Meghe College of Engineering (DMCE)","Airoli","Mechanical Engineering",2024,3,"OBC",65.08,48900
106,"Datta Meghe College of Engineering (DMCE)","Airoli","Civil Engineering",2024,3,"OBC",59.58,56600
106,"Datta Meghe College of Engineering (DMCE)","Airoli","Automobile Engineering",2024,3,"OBC",54.08,64300
106,"Datta Meghe College of Engineering (DMCE)","Airoli","Computer Engineering",2024,3,"NT",78.78,29700
106,"Datta Meghe College of Engineering (DMCE)","Airoli","Information Technology",2024,3,"NT",86.98,18250
106,"Datta Meghe College of Engineering (DMCE)","Airoli","Electronics & Telecommunication",2024,3,"NT",79.58,28600
106,"Datta Meghe College of Engineering (DMCE)","Airoli","Mechanical Engineering",2024,3,"NT",64.28,50000
106,"Datta Meghe College of Engineering (DMCE)","Airoli","Civil Engineering",2024,3,"NT",58.78,57700
106,"Datta Meghe College of Engineering (DMCE)","Airoli","Automobile Engineering",2024,3,"NT",53.28,65400
106,"Datta Meghe College of Engineering (DMCE)","Airoli","Computer Engineering",2024,3,"SC",77.08,32100
106,"Datta Meghe College of Engineering (DMCE)","Airoli","Information Technology",2024,3,"SC",85.28,20600
106,"Datta Meghe College of Engineering (DMCE)","Airoli","Electronics & Telecommunication",2024,3,"SC",77.88,30950
106,"Datta Meghe College of Engineering (DMCE)","Airoli","Mechanical Engineering",2024,3,"SC",62.58,52400
106,"Datta Meghe College of Engineering (DMCE)","Airoli","Civil Engineering",2024,3,"SC",57.08,60100
106,"Datta Meghe College of Engineering (DMCE)","Airoli","Automobile Engineering",2024,3,"SC",51.58,67800
106,"Datta Meghe College of Engineering (DMCE)","Airoli","Computer Engineering",2024,3,"ST",75.58,34200
106,"Datta Meghe College of Engineering (DMCE)","Airoli","Information Technology",2024,3,"ST",83.78,22700
106,"Datta Meghe College of Engineering (DMCE)","Airoli","Electronics & Telecommunication",2024,3,"ST",76.38,33050
106,"Datta Meghe College of Engineering (DMCE)","Airoli","Mechanical Engineering",2024,3,"ST",61.08,54500
106,"Datta Meghe College of Engineering (DMCE)","Airoli","Civil Engineering",2024,3,"ST",55.58,62200
106,"Datta Meghe College of Engineering (DMCE)","Airoli","Automobile Engineering",2024,3,"ST",50.08,69900
106,"Datta Meghe College of Engineering (DMCE)","Airoli","Computer Engineering",2024,3,"Others",78.38,30250
106,"Datta Meghe College of Engineering (DMCE)","Airoli","Information Technology",2024,3,"Others",86.58,18800
106,"Datta Meghe College of Engineering (DMCE)","Airoli","Electronics & Telecommunication",2024,3,"Others",79.18,29150
106,"Datta Meghe College of Engineering (DMCE)","Airoli","Mechanical Engineering",2024,3,"Others",63.88,50550
106,"Datta Meghe College of Engineering (DMCE)","Airoli","Civil Engineering",2024,3,"Others",58.38,58250
106,"Datta Meghe College of Engineering (DMCE)","Airoli","Automobile Engineering",2024,3,"Others",52.88,65950
106,"Datta Meghe College of Engineering (DMCE)","Airoli","Computer Engineering",2025,1,"Open",81.3,26200
106,"Datta Meghe College of Engineering (DMCE)","Airoli","Information Technology",2025,1,"Open",89.5,14700
106,"Datta Meghe College of Engineering (DMCE)","Airoli","Electronics & Telecommunication",2025,1,"Open",82.1,25050
106,"Datta Meghe College of Engineering (DMCE)","Airoli","Mechanical Engineering",2025,1,"Open",66.8,46500
106,"Datta Meghe College of Engineering (DMCE)","Airoli","Civil Engineering",2025,1,"Open",61.3,54200
106,"Datta Meghe College of Engineering (DMCE)","Airoli","Automobile Engineering",2025,1,"Open",55.8,61900
106,"Datta Meghe College of Engineering (DMCE)","Airoli","Computer Engineering",2025,1,"OBC",81.3,26200
106,"Datta Meghe College of Engineering (DMCE)","Airoli","Information Technology",2025,1,"OBC",89.5,14700
106,"Datta Meghe College of Engineering (DMCE)","Airoli","Electronics & Telecommunication",2025,1,"OBC",82.1,25050
106,"Datta Meghe College of Engineering (DMCE)","Airoli","Mechanical Engineering",2025,1,"OBC",66.8,46500
106,"Datta Meghe College of Engineering (DMCE)","Airoli","Civil Engineering",2025,1,"OBC",61.3,54200
106,"Datta Meghe College of Engineering (DMCE)","Airoli","Automobile Engineering",2025,1,"OBC",55.8,61900
106,"Datta Meghe College of Engineering (DMCE)","Airoli","Computer Engineering",2025,1,"NT",80.5,27300
106,"Datta Meghe College of Engineering (DMCE)","Airoli","Information Technology",2025,1,"NT",88.7,15800
106,"Datta Meghe College of Engineering (DMCE)","Airoli","Electronics & Telecommunication",2025,1,"NT",81.3,26200
106,"Datta Meghe College of Engineering (DMCE)","Airoli","Mechanical Engineering",2025,1,"NT",66,47600
106,"Datta Meghe College of Engineering (DMCE)","Airoli","Civil Engineering",2025,1,"NT",60.5,55300
106,"Datta Meghe College of Engineering (DMCE)","Airoli","Automobile Engineering",2025,1,"NT",55,63000
106,"Datta Meghe College of Engineering (DMCE)","Airoli","Computer Engineering",2025,1,"SC",78.8,29700
106,"Datta Meghe College of Engineering (DMCE)","Airoli","Information Technology",2025,1,"SC",87,18200
106,"Datta Meghe College of Engineering (DMCE)","Airoli","Electronics & Telecommunication",2025,1,"SC",79.6,28550
106,"Datta Meghe College of Engineering (DMCE)","Airoli","Mechanical Engineering",2025,1,"SC",64.3,50000
106,"Datta Meghe College of Engineering (DMCE)","Airoli","Civil Engineering",2025,1,"SC",58.8,57700
106,"Datta Meghe College of Engineering (DMCE)","Airoli","Automobile Engineering",2025,1,"SC",53.3,65400
106,"Datta Meghe College of Engineering (DMCE)","Airoli","Computer Engineering",2025,1,"ST",77.3,31800
106,"Datta Meghe College of Engineering (DMCE)","Airoli","Information Technology",2025,1,"ST",85.5,20300
106,"Datta Meghe College of Engineering (DMCE)","Airoli","Electronics & Telecommunication",2025,1,"ST",78.1,30650
106,"Datta Meghe College of Engineering (DMCE)","Airoli","Mechanical Engineering",2025,1,"ST",62.8,52100
106,"Datta Meghe College of Engineering (DMCE)","Airoli","Civil Engineering",2025,1,"ST",57.3,59800
106,"Datta Meghe College of Engineering (DMCE)","Airoli","Automobile Engineering",2025,1,"ST",51.8,67500
106,"Datta Meghe College of Engineering (DMCE)","Airoli","Computer Engineering",2025,1,"Others",80.1,27850
106,"Datta Meghe College of Engineering (DMCE)","Airoli","Information Technology",2025,1,"Others",88.3,16400
106,"Datta Meghe College of Engineering (DMCE)","Airoli","Electronics & Telecommunication",2025,1,"Others",80.9,26750
106,"Datta Meghe College of Engineering (DMCE)","Airoli","Mechanical Engineering",2025,1,"Others",65.6,48150
106,"Datta Meghe College of Engineering (DMCE)","Airoli","Civil Engineering",2025,1,"Others",60.1,55850
106,"Datta Meghe College of Engineering (DMCE)","Airoli","Automobile Engineering",2025,1,"Others",54.6,63550
106,"Datta Meghe College of Engineering (DMCE)","Airoli","Computer Engineering",2025,2,"Open",80.56,27200
106,"Datta Meghe College of Engineering (DMCE)","Airoli","Information Technology",2025,2,"Open",88.76,15750
106,"Datta Meghe College of Engineering (DMCE)","Airoli","Electronics & Telecommunication",2025,2,"Open",81.36,26100
106,"Datta Meghe College of Engineering (DMCE)","Airoli","Mechanical Engineering",2025,2,"Open",66.06,47500
106,"Datta Meghe College of Engineering (DMCE)","Airoli","Civil Engineering",2025,2,"Open",60.56,55200
106,"Datta Meghe College of Engineering (DMCE)","Airoli","Automobile Engineering",2025,2,"Open",55.06,62900
106,"Datta Meghe College of Engineering (DMCE)","Airoli","Computer Engineering",2025,2,"OBC",80.56,27200
106,"Datta Meghe College of Engineering (DMCE)","Airoli","Information Technology",2025,2,"OBC",88.76,15750
106,"Datta Meghe College of Engineering (DMCE)","Airoli","Electronics & Telecommunication",2025,2,"OBC",81.36,26100
106,"Datta Meghe College of Engineering (DMCE)","Airoli","Mechanical Engineering",2025,2,"OBC",66.06,47500
106,"Datta Meghe College of Engineering (DMCE)","Airoli","Civil Engineering",2025,2,"OBC",60.56,55200
106,"Datta Meghe College of Engineering (DMCE)","Airoli","Automobile Engineering",2025,2,"OBC",55.06,62900
106,"Datta Meghe College of Engineering (DMCE)","Airoli","Computer Engineering",2025,2,"NT",79.76,28350
106,"Datta Meghe College of Engineering (DMCE)","Airoli","Information Technology",2025,2,"NT",87.96,16850
106,"Datta Meghe College of Engineering (DMCE)","Airoli","Electronics & Telecommunication",2025,2,"NT",80.56,27200
106,"Datta Meghe College of Engineering (DMCE)","Airoli","Mechanical Engineering",2025,2,"NT",65.26,48650
106,"Datta Meghe College of Engineering (DMCE)","Airoli","Civil Engineering",2025,2,"NT",59.76,56350
106,"Datta Meghe College of Engineering (DMCE)","Airoli","Automobile Engineering",2025,2,"NT",54.26,64050
106,"Datta Meghe College of Engineering (DMCE)","Airoli","Computer Engineering",2025,2,"SC",78.06,30700
106,"Datta Meghe College of Engineering (DMCE)","Airoli","Information Technology",2025,2,"SC",86.26,19250
106,"Datta Meghe College of Engineering (DMCE)","Airoli","Electronics & Telecommunication",2025,2,"SC",78.86,29600
106,"Datta Meghe College of Engineering (DMCE)","Airoli","Mechanical Engineering",2025,2,"SC",63.56,51000
106,"Datta Meghe College of Engineering (DMCE)","Airoli","Civil Engineering",2025,2,"SC",58.06,58700
106,"Datta Meghe College of Engineering (DMCE)","Airoli","Automobile Engineering",2025,2,"SC",52.56,66400
106,"Datta Meghe College of Engineering (DMCE)","Airoli","Computer Engineering",2025,2,"ST",76.56,32800
106,"Datta Meghe College of Engineering (DMCE)","Airoli","Information Technology",2025,2,"ST",84.76,21350
106,"Datta Meghe College of Engineering (DMCE)","Airoli","Electronics & Telecommunication",2025,2,"ST",77.36,31700
106,"Datta Meghe College of Engineering (DMCE)","Airoli","Mechanical Engineering",2025,2,"ST",62.06,53100
106,"Datta Meghe College of Engineering (DMCE)","Airoli","Civil Engineering",2025,2,"ST",56.56,60800
106,"Datta Meghe College of Engineering (DMCE)","Airoli","Automobile Engineering",2025,2,"ST",51.06,68500
106,"Datta Meghe College of Engineering (DMCE)","Airoli","Computer Engineering",2025,2,"Others",79.36,28900
106,"Datta Meghe College of Engineering (DMCE)","Airoli","Information Technology",2025,2,"Others",87.56,17400
106,"Datta Meghe College of Engineering (DMCE)","Airoli","Electronics & Telecommunication",2025,2,"Others",80.16,27800
106,"Datta Meghe College of Engineering (DMCE)","Airoli","Mechanical Engineering",2025,2,"Others",64.86,49200
106,"Datta Meghe College of Engineering (DMCE)","Airoli","Civil Engineering",2025,2,"Others",59.36,56900
106,"Datta Meghe College of Engineering (DMCE)","Airoli","Automobile Engineering",2025,2,"Others",53.86,64600
106,"Datta Meghe College of Engineering (DMCE)","Airoli","Computer Engineering",2025,3,"Open",80.22,27700
106,"Datta Meghe College of Engineering (DMCE)","Airoli","Information Technology",2025,3,"Open",88.42,16200
106,"Datta Meghe College of Engineering (DMCE)","Airoli","Electronics & Telecommunication",2025,3,"Open",81.02,26550
106,"Datta Meghe College of Engineering (DMCE)","Airoli","Mechanical Engineering",2025,3,"Open",65.72,48000
106,"Datta Meghe College of Engineering (DMCE)","Airoli","Civil Engineering",2025,3,"Open",60.22,55700
106,"Datta Meghe College of Engineering (DMCE)","Airoli","Automobile Engineering",2025,3,"Open",54.72,63400
106,"Datta Meghe College of Engineering (DMCE)","Airoli","Computer Engineering",2025,3,"OBC",80.22,27700
106,"Datta Meghe College of Engineering (DMCE)","Airoli","Information Technology",2025,3,"OBC",88.42,16200
106,"Datta Meghe College of Engineering (DMCE)","Airoli","Electronics & Telecommunication",2025,3,"OBC",81.02,26550
106,"Datta Meghe College of Engineering (DMCE)","Airoli","Mechanical Engineering",2025,3,"OBC",65.72,48000
106,"Datta Meghe College of Engineering (DMCE)","Airoli","Civil Engineering",2025,3,"OBC",60.22,55700
106,"Datta Meghe College of Engineering (DMCE)","Airoli","Automobile Engineering",2025,3,"OBC",54.72,63400
106,"Datta Meghe College of Engineering (DMCE)","Airoli","Computer Engineering",2025,3,"NT",79.42,28800
106,"Datta Meghe College of Engineering (DMCE)","Airoli","Information Technology",2025,3,"NT",87.62,17350
106,"Datta Meghe College of Engineering (DMCE)","Airoli","Electronics & Telecommunication",2025,3,"NT",80.22,27700
106,"Datta Meghe College of Engineering (DMCE)","Airoli","Mechanical Engineering",2025,3,"NT",64.92,49100
106,"Datta Meghe College of Engineering (DMCE)","Airoli","Civil Engineering",2025,3,"NT",59.42,56800
106,"Datta Meghe College of Engineering (DMCE)","Airoli","Automobile Engineering",2025,3,"NT",53.92,64500
106,"Datta Meghe College of Engineering (DMCE)","Airoli","Computer Engineering",2025,3,"SC",77.72,31200
106,"Datta Meghe College of Engineering (DMCE)","Airoli","Information Technology",2025,3,"SC",85.92,19700
106,"Datta Meghe College of Engineering (DMCE)","Airoli","Electronics & Telecommunication",2025,3,"SC",78.52,30050
106,"Datta Meghe College of Engineering (DMCE)","Airoli","Mechanical Engineering",2025,3,"SC",63.22,51500
106,"Datta Meghe College of Engineering (DMCE)","Airoli","Civil Engineering",2025,3,"SC",57.72,59200
106,"Datta Meghe College of Engineering (DMCE)","Airoli","Automobile Engineering",2025,3,"SC",52.22,66900
106,"Datta Meghe College of Engineering (DMCE)","Airoli","Computer Engineering",2025,3,"ST",76.22,33300
106,"Datta Meghe College of Engineering (DMCE)","Airoli","Information Technology",2025,3,"ST",84.42,21800
106,"Datta Meghe College of Engineering (DMCE)","Airoli","Electronics & Telecommunication",2025,3,"ST",77.02,32150
106,"Datta Meghe College of Engineering (DMCE)","Airoli","Mechanical Engineering",2025,3,"ST",61.72,53600
106,"Datta Meghe College of Engineering (DMCE)","Airoli","Civil Engineering",2025,3,"ST",56.22,61300
106,"Datta Meghe College of Engineering (DMCE)","Airoli","Automobile Engineering",2025,3,"ST",50.72,69000
106,"Datta Meghe College of Engineering (DMCE)","Airoli","Computer Engineering",2025,3,"Others",79.02,29350
106,"Datta Meghe College of Engineering (DMCE)","Airoli","Information Technology",2025,3,"Others",87.22,17900
106,"Datta Meghe College of Engineering (DMCE)","Airoli","Electronics & Telecommunication",2025,3,"Others",79.82,28250
106,"Datta Meghe College of Engineering (DMCE)","Airoli","Mechanical Engineering",2025,3,"Others",64.52,49650
106,"Datta Meghe College of Engineering (DMCE)","Airoli","Civil Engineering",2025,3,"Others",59.02,57350
106,"Datta Meghe College of Engineering (DMCE)","Airoli","Automobile Engineering",2025,3,"Others",53.52,65050
107,"Saraswati College of Engineering (SCOE)","Kharghar","Computer Engineering",2021,1,"Open",74.98,35050
107,"Saraswati College of Engineering (SCOE)","Kharghar","Information Technology",2021,1,"Open",83.18,23550
107,"Saraswati College of Engineering (SCOE)","Kharghar","Electronics & Telecommunication",2021,1,"Open",75.78,33900
107,"Saraswati College of Engineering (SCOE)","Kharghar","Mechanical Engineering",2021,1,"Open",60.48,55350
107,"Saraswati College of Engineering (SCOE)","Kharghar","Civil Engineering",2021,1,"Open",54.98,63050
107,"Saraswati College of Engineering (SCOE)","Kharghar","Automobile Engineering",2021,1,"Open",49.48,70750
107,"Saraswati College of Engineering (SCOE)","Kharghar","Computer Engineering",2021,1,"OBC",74.98,35050
107,"Saraswati College of Engineering (SCOE)","Kharghar","Information Technology",2021,1,"OBC",83.18,23550
107,"Saraswati College of Engineering (SCOE)","Kharghar","Electronics & Telecommunication",2021,1,"OBC",75.78,33900
107,"Saraswati College of Engineering (SCOE)","Kharghar","Mechanical Engineering",2021,1,"OBC",60.48,55350
107,"Saraswati College of Engineering (SCOE)","Kharghar","Civil Engineering",2021,1,"OBC",54.98,63050
107,"Saraswati College of Engineering (SCOE)","Kharghar","Automobile Engineering",2021,1,"OBC",49.48,70750
107,"Saraswati College of Engineering (SCOE)","Kharghar","Computer Engineering",2021,1,"NT",74.18,36150
107,"Saraswati College of Engineering (SCOE)","Kharghar","Information Technology",2021,1,"NT",82.38,24650
107,"Saraswati College of Engineering (SCOE)","Kharghar","Electronics & Telecommunication",2021,1,"NT",74.98,35050
107,"Saraswati College of Engineering (SCOE)","Kharghar","Mechanical Engineering",2021,1,"NT",59.68,56450
107,"Saraswati College of Engineering (SCOE)","Kharghar","Civil Engineering",2021,1,"NT",54.18,64150
107,"Saraswati College of Engineering (SCOE)","Kharghar","Automobile Engineering",2021,1,"NT",48.68,71850
107,"Saraswati College of Engineering (SCOE)","Kharghar","Computer Engineering",2021,1,"SC",72.48,38550
107,"Saraswati College of Engineering (SCOE)","Kharghar","Information Technology",2021,1,"SC",80.68,27050
107,"Saraswati College of Engineering (SCOE)","Kharghar","Electronics & Telecommunication",2021,1,"SC",73.28,37400
107,"Saraswati College of Engineering (SCOE)","Kharghar","Mechanical Engineering",2021,1,"SC",57.98,58850
107,"Saraswati College of Engineering (SCOE)","Kharghar","Civil Engineering",2021,1,"SC",52.48,66550
107,"Saraswati College of Engineering (SCOE)","Kharghar","Automobile Engineering",2021,1,"SC",46.98,74250
107,"Saraswati College of Engineering (SCOE)","Kharghar","Computer Engineering",2021,1,"ST",70.98,40650
107,"Saraswati College of Engineering (SCOE)","Kharghar","Information Technology",2021,1,"ST",79.18,29150
107,"Saraswati College of Engineering (SCOE)","Kharghar","Electronics & Telecommunication",2021,1,"ST",71.78,39500
107,"Saraswati College of Engineering (SCOE)","Kharghar","Mechanical Engineering",2021,1,"ST",56.48,60950
107,"Saraswati College of Engineering (SCOE)","Kharghar","Civil Engineering",2021,1,"ST",50.98,68650
107,"Saraswati College of Engineering (SCOE)","Kharghar","Automobile Engineering",2021,1,"ST",45.48,76350
107,"Saraswati College of Engineering (SCOE)","Kharghar","Computer Engineering",2021,1,"Others",73.78,36700
107,"Saraswati College of Engineering (SCOE)","Kharghar","Information Technology",2021,1,"Others",81.98,25250
107,"Saraswati College of Engineering (SCOE)","Kharghar","Electronics & Telecommunication",2021,1,"Others",74.58,35600
107,"Saraswati College of Engineering (SCOE)","Kharghar","Mechanical Engineering",2021,1,"Others",59.28,57000
107,"Saraswati College of Engineering (SCOE)","Kharghar","Civil Engineering",2021,1,"Others",53.78,64700
107,"Saraswati College of Engineering (SCOE)","Kharghar","Automobile Engineering",2021,1,"Others",48.28,72400
107,"Saraswati College of Engineering (SCOE)","Kharghar","Computer Engineering",2021,2,"Open",74.24,36050
107,"Saraswati College of Engineering (SCOE)","Kharghar","Information Technology",2021,2,"Open",82.44,24600
107,"Saraswati College of Engineering (SCOE)","Kharghar","Electronics & Telecommunication",2021,2,"Open",75.04,34950
107,"Saraswati College of Engineering (SCOE)","Kharghar","Mechanical Engineering",2021,2,"Open",59.74,56350
107,"Saraswati College of Engineering (SCOE)","Kharghar","Civil Engineering",2021,2,"Open",54.24,64050
107,"Saraswati College of Engineering (SCOE)","Kharghar","Automobile Engineering",2021,2,"Open",48.74,71750
107,"Saraswati College of Engineering (SCOE)","Kharghar","Computer Engineering",2021,2,"OBC",74.24,36050
107,"Saraswati College of Engineering (SCOE)","Kharghar","Information Technology",2021,2,"OBC",82.44,24600
107,"Saraswati College of Engineering (SCOE)","Kharghar","Electronics & Telecommunication",2021,2,"OBC",75.04,34950
107,"Saraswati College of Engineering (SCOE)","Kharghar","Mechanical Engineering",2021,2,"OBC",59.74,56350
107,"Saraswati College of Engineering (SCOE)","Kharghar","Civil Engineering",2021,2,"OBC",54.24,64050
107,"Saraswati College of Engineering (SCOE)","Kharghar","Automobile Engineering",2021,2,"OBC",48.74,71750
107,"Saraswati College of Engineering (SCOE)","Kharghar","Computer Engineering",2021,2,"NT",73.44,37200
107,"Saraswati College of Engineering (SCOE)","Kharghar","Information Technology",2021,2,"NT",81.64,25700
107,"Saraswati College of Engineering (SCOE)","Kharghar","Electronics & Telecommunication",2021,2,"NT",74.24,36050
107,"Saraswati College of Engineering (SCOE)","Kharghar","Mechanical Engineering",2021,2,"NT",58.94,57500
107,"Saraswati College of Engineering (SCOE)","Kharghar","Civil Engineering",2021,2,"NT",53.44,65200
107,"Saraswati College of Engineering (SCOE)","Kharghar","Automobile Engineering",2021,2,"NT",47.94,72900
107,"Saraswati College of Engineering (SCOE)","Kharghar","Computer Engineering",2021,2,"SC",71.74,39550
107,"Saraswati College of Engineering (SCOE)","Kharghar","Information Technology",2021,2,"SC",79.94,28100
107,"Saraswati College of Engineering (SCOE)","Kharghar","Electronics & Telecommunication",2021,2,"SC",72.54,38450
107,"Saraswati College of Engineering (SCOE)","Kharghar","Mechanical Engineering",2021,2,"SC",57.24,59850
107,"Saraswati College of Engineering (SCOE)","Kharghar","Civil Engineering",2021,2,"SC",51.74,67550
107,"Saraswati College of Engineering (SCOE)","Kharghar","Automobile Engineering",2021,2,"SC",46.24,75250
107,"Saraswati College of Engineering (SCOE)","Kharghar","Computer Engineering",2021,2,"ST",70.24,41650
107,"Saraswati College of Engineering (SCOE)","Kharghar","Information Technology",2021,2,"ST",78.44,30200
107,"Saraswati College of Engineering (SCOE)","Kharghar","Electronics & Telecommunication",2021,2,"ST",71.04,40550
107,"Saraswati College of Engineering (SCOE)","Kharghar","Mechanical Engineering",2021,2,"ST",55.74,61950
107,"Saraswati College of Engineering (SCOE)","Kharghar","Civil Engineering",2021,2,"ST",50.24,69650
107,"Saraswati College of Engineering (SCOE)","Kharghar","Automobile Engineering",2021,2,"ST",44.74,77350
107,"Saraswati College of Engineering (SCOE)","Kharghar","Computer Engineering",2021,2,"Others",73.04,37750
107,"Saraswati College of Engineering (SCOE)","Kharghar","Information Technology",2021,2,"Others",81.24,26250
107,"Saraswati College of Engineering (SCOE)","Kharghar","Electronics & Telecommunication",2021,2,"Others",73.84,36600
107,"Saraswati College of Engineering (SCOE)","Kharghar","Mechanical Engineering",2021,2,"Others",58.54,58050
107,"Saraswati College of Engineering (SCOE)","Kharghar","Civil Engineering",2021,2,"Others",53.04,65750
107,"Saraswati College of Engineering (SCOE)","Kharghar","Automobile Engineering",2021,2,"Others",47.54,73450
107,"Saraswati College of Engineering (SCOE)","Kharghar","Computer Engineering",2021,3,"Open",73.5,37100
107,"Saraswati College of Engineering (SCOE)","Kharghar","Information Technology",2021,3,"Open",81.7,25600
107,"Saraswati College of Engineering (SCOE)","Kharghar","Electronics & Telecommunication",2021,3,"Open",74.3,36000
107,"Saraswati College of Engineering (SCOE)","Kharghar","Mechanical Engineering",2021,3,"Open",59,57400
107,"Saraswati College of Engineering (SCOE)","Kharghar","Civil Engineering",2021,3,"Open",53.5,65100
107,"Saraswati College of Engineering (SCOE)","Kharghar","Automobile Engineering",2021,3,"Open",48,72800
107,"Saraswati College of Engineering (SCOE)","Kharghar","Computer Engineering",2021,3,"OBC",73.5,37100
107,"Saraswati College of Engineering (SCOE)","Kharghar","Information Technology",2021,3,"OBC",81.7,25600
107,"Saraswati College of Engineering (SCOE)","Kharghar","Electronics & Telecommunication",2021,3,"OBC",74.3,36000
107,"Saraswati College of Engineering (SCOE)","Kharghar","Mechanical Engineering",2021,3,"OBC",59,57400
107,"Saraswati College of Engineering (SCOE)","Kharghar","Civil Engineering",2021,3,"OBC",53.5,65100
107,"Saraswati College of Engineering (SCOE)","Kharghar","Automobile Engineering",2021,3,"OBC",48,72800
107,"Saraswati College of Engineering (SCOE)","Kharghar","Computer Engineering",2021,3,"NT",72.7,38200
107,"Saraswati College of Engineering (SCOE)","Kharghar","Information Technology",2021,3,"NT",80.9,26750
107,"Saraswati College of Engineering (SCOE)","Kharghar","Electronics & Telecommunication",2021,3,"NT",73.5,37100
107,"Saraswati College of Engineering (SCOE)","Kharghar","Mechanical Engineering",2021,3,"NT",58.2,58500
107,"Saraswati College of Engineering (SCOE)","Kharghar","Civil Engineering",2021,3,"NT",52.7,66200
107,"Saraswati College of Engineering (SCOE)","Kharghar","Automobile Engineering",2021,3,"NT",47.2,73900
107,"Saraswati College of Engineering (SCOE)","Kharghar","Computer Engineering",2021,3,"SC",71,40600
107,"Saraswati College of Engineering (SCOE)","Kharghar","Information Technology",2021,3,"SC",79.2,29100
107,"Saraswati College of Engineering (SCOE)","Kharghar","Electronics & Telecommunication",2021,3,"SC",71.8,39500
107,"Saraswati College of Engineering (SCOE)","Kharghar","Mechanical Engineering",2021,3,"SC",56.5,60900
107,"Saraswati College of Engineering (SCOE)","Kharghar","Civil Engineering",2021,3,"SC",51,68600
107,"Saraswati College of Engineering (SCOE)","Kharghar","Automobile Engineering",2021,3,"SC",45.5,76300
107,"Saraswati College of Engineering (SCOE)","Kharghar","Computer Engineering",2021,3,"ST",69.5,42700
107,"Saraswati College of Engineering (SCOE)","Kharghar","Information Technology",2021,3,"ST",77.7,31200
107,"Saraswati College of Engineering (SCOE)","Kharghar","Electronics & Telecommunication",2021,3,"ST",70.3,41600
107,"Saraswati College of Engineering (SCOE)","Kharghar","Mechanical Engineering",2021,3,"ST",55,63000
107,"Saraswati College of Engineering (SCOE)","Kharghar","Civil Engineering",2021,3,"ST",49.5,70700
107,"Saraswati College of Engineering (SCOE)","Kharghar","Automobile Engineering",2021,3,"ST",44,78400
107,"Saraswati College of Engineering (SCOE)","Kharghar","Computer Engineering",2021,3,"Others",72.3,38800
107,"Saraswati College of Engineering (SCOE)","Kharghar","Information Technology",2021,3,"Others",80.5,27300
107,"Saraswati College of Engineering (SCOE)","Kharghar","Electronics & Telecommunication",2021,3,"Others",73.1,37650
107,"Saraswati College of Engineering (SCOE)","Kharghar","Mechanical Engineering",2021,3,"Others",57.8,59100
107,"Saraswati College of Engineering (SCOE)","Kharghar","Civil Engineering",2021,3,"Others",52.3,66800
107,"Saraswati College of Engineering (SCOE)","Kharghar","Automobile Engineering",2021,3,"Others",46.8,74500
107,"Saraswati College of Engineering (SCOE)","Kharghar","Computer Engineering",2022,1,"Open",75.32,34550
107,"Saraswati College of Engineering (SCOE)","Kharghar","Information Technology",2022,1,"Open",83.52,23050
107,"Saraswati College of Engineering (SCOE)","Kharghar","Electronics & Telecommunication",2022,1,"Open",76.12,33450
107,"Saraswati College of Engineering (SCOE)","Kharghar","Mechanical Engineering",2022,1,"Open",60.82,54850
107,"Saraswati College of Engineering (SCOE)","Kharghar","Civil Engineering",2022,1,"Open",55.32,62550
107,"Saraswati College of Engineering (SCOE)","Kharghar","Automobile Engineering",2022,1,"Open",49.82,70250
107,"Saraswati College of Engineering (SCOE)","Kharghar","Computer Engineering",2022,1,"OBC",75.32,34550
107,"Saraswati College of Engineering (SCOE)","Kharghar","Information Technology",2022,1,"OBC",83.52,23050
107,"Saraswati College of Engineering (SCOE)","Kharghar","Electronics & Telecommunication",2022,1,"OBC",76.12,33450
107,"Saraswati College of Engineering (SCOE)","Kharghar","Mechanical Engineering",2022,1,"OBC",60.82,54850
107,"Saraswati College of Engineering (SCOE)","Kharghar","Civil Engineering",2022,1,"OBC",55.32,62550
107,"Saraswati College of Engineering (SCOE)","Kharghar","Automobile Engineering",2022,1,"OBC",49.82,70250
107,"Saraswati College of Engineering (SCOE)","Kharghar","Computer Engineering",2022,1,"NT",74.52,35650
107,"Saraswati College of Engineering (SCOE)","Kharghar","Information Technology",2022,1,"NT",82.72,24200
107,"Saraswati College of Engineering (SCOE)","Kharghar","Electronics & Telecommunication",2022,1,"NT",75.32,34550
107,"Saraswati College of Engineering (SCOE)","Kharghar","Mechanical Engineering",2022,1,"NT",60.02,55950
107,"Saraswati College of Engineering (SCOE)","Kharghar","Civil Engineering",2022,1,"NT",54.52,63650
107,"Saraswati College of Engineering (SCOE)","Kharghar","Automobile Engineering",2022,1,"NT",49.02,71350
107,"Saraswati College of Engineering (SCOE)","Kharghar","Computer Engineering",2022,1,"SC",72.82,38050
107,"Saraswati College of Engineering (SCOE)","Kharghar","Information Technology",2022,1,"SC",81.02,26550
107,"Saraswati College of Engineering (SCOE)","Kharghar","Electronics & Telecommunication",2022,1,"SC",73.62,36950
107,"Saraswati College of Engineering (SCOE)","Kharghar","Mechanical Engineering",2022,1,"SC",58.32,58350
107,"Saraswati College of Engineering (SCOE)","Kharghar","Civil Engineering",2022,1,"SC",52.82,66050
107,"Saraswati College of Engineering (SCOE)","Kharghar","Automobile Engineering",2022,1,"SC",47.32,73750
107,"Saraswati College of Engineering (SCOE)","Kharghar","Computer Engineering",2022,1,"ST",71.32,40150
107,"Saraswati College of Engineering (SCOE)","Kharghar","Information Technology",2022,1,"ST",79.52,28650
107,"Saraswati College of Engineering (SCOE)","Kharghar","Electronics & Telecommunication",2022,1,"ST",72.12,39050
107,"Saraswati College of Engineering (SCOE)","Kharghar","Mechanical Engineering",2022,1,"ST",56.82,60450
107,"Saraswati College of Engineering (SCOE)","Kharghar","Civil Engineering",2022,1,"ST",51.32,68150
107,"Saraswati College of Engineering (SCOE)","Kharghar","Automobile Engineering",2022,1,"ST",45.82,75850
107,"Saraswati College of Engineering (SCOE)","Kharghar","Computer Engineering",2022,1,"Others",74.12,36250
107,"Saraswati College of Engineering (SCOE)","Kharghar","Information Technology",2022,1,"Others",82.32,24750
107,"Saraswati College of Engineering (SCOE)","Kharghar","Electronics & Telecommunication",2022,1,"Others",74.92,35100
107,"Saraswati College of Engineering (SCOE)","Kharghar","Mechanical Engineering",2022,1,"Others",59.62,56550
107,"Saraswati College of Engineering (SCOE)","Kharghar","Civil Engineering",2022,1,"Others",54.12,64250
107,"Saraswati College of Engineering (SCOE)","Kharghar","Automobile Engineering",2022,1,"Others",48.62,71950
107,"Saraswati College of Engineering (SCOE)","Kharghar","Computer Engineering",2022,2,"Open",74.98,35050
107,"Saraswati College of Engineering (SCOE)","Kharghar","Information Technology",2022,2,"Open",83.18,23550
107,"Saraswati College of Engineering (SCOE)","Kharghar","Electronics & Telecommunication",2022,2,"Open",75.78,33900
107,"Saraswati College of Engineering (SCOE)","Kharghar","Mechanical Engineering",2022,2,"Open",60.48,55350
107,"Saraswati College of Engineering (SCOE)","Kharghar","Civil Engineering",2022,2,"Open",54.98,63050
107,"Saraswati College of Engineering (SCOE)","Kharghar","Automobile Engineering",2022,2,"Open",49.48,70750
107,"Saraswati College of Engineering (SCOE)","Kharghar","Computer Engineering",2022,2,"OBC",74.98,35050
107,"Saraswati College of Engineering (SCOE)","Kharghar","Information Technology",2022,2,"OBC",83.18,23550
107,"Saraswati College of Engineering (SCOE)","Kharghar","Electronics & Telecommunication",2022,2,"OBC",75.78,33900
107,"Saraswati College of Engineering (SCOE)","Kharghar","Mechanical Engineering",2022,2,"OBC",60.48,55350
107,"Saraswati College of Engineering (SCOE)","Kharghar","Civil Engineering",2022,2,"OBC",54.98,63050
107,"Saraswati College of Engineering (SCOE)","Kharghar","Automobile Engineering",2022,2,"OBC",49.48,70750
107,"Saraswati College of Engineering (SCOE)","Kharghar","Computer Engineering",2022,2,"NT",74.18,36150
107,"Saraswati College of Engineering (SCOE)","Kharghar","Information Technology",2022,2,"NT",82.38,24650
107,"Saraswati College of Engineering (SCOE)","Kharghar","Electronics & Telecommunication",2022,2,"NT",74.98,35050
107,"Saraswati College of Engineering (SCOE)","Kharghar","Mechanical Engineering",2022,2,"NT",59.68,56450
107,"Saraswati College of Engineering (SCOE)","Kharghar","Civil Engineering",2022,2,"NT",54.18,64150
107,"Saraswati College of Engineering (SCOE)","Kharghar","Automobile Engineering",2022,2,"NT",48.68,71850
107,"Saraswati College of Engineering (SCOE)","Kharghar","Computer Engineering",2022,2,"SC",72.48,38550
107,"Saraswati College of Engineering (SCOE)","Kharghar","Information Technology",2022,2,"SC",80.68,27050
107,"Saraswati College of Engineering (SCOE)","Kharghar","Electronics & Telecommunication",2022,2,"SC",73.28,37400
107,"Saraswati College of Engineering (SCOE)","Kharghar","Mechanical Engineering",2022,2,"SC",57.98,58850
107,"Saraswati College of Engineering (SCOE)","Kharghar","Civil Engineering",2022,2,"SC",52.48,66550
107,"Saraswati College of Engineering (SCOE)","Kharghar","Automobile Engineering",2022,2,"SC",46.98,74250
107,"Saraswati College of Engineering (SCOE)","Kharghar","Computer Engineering",2022,2,"ST",70.98,40650
107,"Saraswati College of Engineering (SCOE)","Kharghar","Information Technology",2022,2,"ST",79.18,29150
107,"Saraswati College of Engineering (SCOE)","Kharghar","Electronics & Telecommunication",2022,2,"ST",71.78,39500
107,"Saraswati College of Engineering (SCOE)","Kharghar","Mechanical Engineering",2022,2,"ST",56.48,60950
107,"Saraswati College of Engineering (SCOE)","Kharghar","Civil Engineering",2022,2,"ST",50.98,68650
107,"Saraswati College of Engineering (SCOE)","Kharghar","Automobile Engineering",2022,2,"ST",45.48,76350
107,"Saraswati College of Engineering (SCOE)","Kharghar","Computer Engineering",2022,2,"Others",73.78,36700
107,"Saraswati College of Engineering (SCOE)","Kharghar","Information Technology",2022,2,"Others",81.98,25250
107,"Saraswati College of Engineering (SCOE)","Kharghar","Electronics & Telecommunication",2022,2,"Others",74.58,35600
107,"Saraswati College of Engineering (SCOE)","Kharghar","Mechanical Engineering",2022,2,"Others",59.28,57000
107,"Saraswati College of Engineering (SCOE)","Kharghar","Civil Engineering",2022,2,"Others",53.78,64700
107,"Saraswati College of Engineering (SCOE)","Kharghar","Automobile Engineering",2022,2,"Others",48.28,72400
107,"Saraswati College of Engineering (SCOE)","Kharghar","Computer Engineering",2022,3,"Open",74.24,36050
107,"Saraswati College of Engineering (SCOE)","Kharghar","Information Technology",2022,3,"Open",82.44,24600
107,"Saraswati College of Engineering (SCOE)","Kharghar","Electronics & Telecommunication",2022,3,"Open",75.04,34950
107,"Saraswati College of Engineering (SCOE)","Kharghar","Mechanical Engineering",2022,3,"Open",59.74,56350
107,"Saraswati College of Engineering (SCOE)","Kharghar","Civil Engineering",2022,3,"Open",54.24,64050
107,"Saraswati College of Engineering (SCOE)","Kharghar","Automobile Engineering",2022,3,"Open",48.74,71750
107,"Saraswati College of Engineering (SCOE)","Kharghar","Computer Engineering",2022,3,"OBC",74.24,36050
107,"Saraswati College of Engineering (SCOE)","Kharghar","Information Technology",2022,3,"OBC",82.44,24600
107,"Saraswati College of Engineering (SCOE)","Kharghar","Electronics & Telecommunication",2022,3,"OBC",75.04,34950
107,"Saraswati College of Engineering (SCOE)","Kharghar","Mechanical Engineering",2022,3,"OBC",59.74,56350
107,"Saraswati College of Engineering (SCOE)","Kharghar","Civil Engineering",2022,3,"OBC",54.24,64050
107,"Saraswati College of Engineering (SCOE)","Kharghar","Automobile Engineering",2022,3,"OBC",48.74,71750
107,"Saraswati College of Engineering (SCOE)","Kharghar","Computer Engineering",2022,3,"NT",73.44,37200
107,"Saraswati College of Engineering (SCOE)","Kharghar","Information Technology",2022,3,"NT",81.64,25700
107,"Saraswati College of Engineering (SCOE)","Kharghar","Electronics & Telecommunication",2022,3,"NT",74.24,36050
107,"Saraswati College of Engineering (SCOE)","Kharghar","Mechanical Engineering",2022,3,"NT",58.94,57500
107,"Saraswati College of Engineering (SCOE)","Kharghar","Civil Engineering",2022,3,"NT",53.44,65200
107,"Saraswati College of Engineering (SCOE)","Kharghar","Automobile Engineering",2022,3,"NT",47.94,72900
107,"Saraswati College of Engineering (SCOE)","Kharghar","Computer Engineering",2022,3,"SC",71.74,39550
107,"Saraswati College of Engineering (SCOE)","Kharghar","Information Technology",2022,3,"SC",79.94,28100
107,"Saraswati College of Engineering (SCOE)","Kharghar","Electronics & Telecommunication",2022,3,"SC",72.54,38450
107,"Saraswati College of Engineering (SCOE)","Kharghar","Mechanical Engineering",2022,3,"SC",57.24,59850
107,"Saraswati College of Engineering (SCOE)","Kharghar","Civil Engineering",2022,3,"SC",51.74,67550
107,"Saraswati College of Engineering (SCOE)","Kharghar","Automobile Engineering",2022,3,"SC",46.24,75250
107,"Saraswati College of Engineering (SCOE)","Kharghar","Computer Engineering",2022,3,"ST",70.24,41650
107,"Saraswati College of Engineering (SCOE)","Kharghar","Information Technology",2022,3,"ST",78.44,30200
107,"Saraswati College of Engineering (SCOE)","Kharghar","Electronics & Telecommunication",2022,3,"ST",71.04,40550
107,"Saraswati College of Engineering (SCOE)","Kharghar","Mechanical Engineering",2022,3,"ST",55.74,61950
107,"Saraswati College of Engineering (SCOE)","Kharghar","Civil Engineering",2022,3,"ST",50.24,69650
107,"Saraswati College of Engineering (SCOE)","Kharghar","Automobile Engineering",2022,3,"ST",44.74,77350
107,"Saraswati College of Engineering (SCOE)","Kharghar","Computer Engineering",2022,3,"Others",73.04,37750
107,"Saraswati College of Engineering (SCOE)","Kharghar","Information Technology",2022,3,"Others",81.24,26250
107,"Saraswati College of Engineering (SCOE)","Kharghar","Electronics & Telecommunication",2022,3,"Others",73.84,36600
107,"Saraswati College of Engineering (SCOE)","Kharghar","Mechanical Engineering",2022,3,"Others",58.54,58050
107,"Saraswati College of Engineering (SCOE)","Kharghar","Civil Engineering",2022,3,"Others",53.04,65750
107,"Saraswati College of Engineering (SCOE)","Kharghar","Automobile Engineering",2022,3,"Others",47.54,73450
107,"Saraswati College of Engineering (SCOE)","Kharghar","Computer Engineering",2023,1,"Open",76.06,33500
107,"Saraswati College of Engineering (SCOE)","Kharghar","Information Technology",2023,1,"Open",84.26,22050
107,"Saraswati College of Engineering (SCOE)","Kharghar","Electronics & Telecommunication",2023,1,"Open",76.86,32400
107,"Saraswati College of Engineering (SCOE)","Kharghar","Mechanical Engineering",2023,1,"Open",61.56,53800
107,"Saraswati College of Engineering (SCOE)","Kharghar","Civil Engineering",2023,1,"Open",56.06,61500
107,"Saraswati College of Engineering (SCOE)","Kharghar","Automobile Engineering",2023,1,"Open",50.56,69200
107,"Saraswati College of Engineering (SCOE)","Kharghar","Computer Engineering",2023,1,"OBC",76.06,33500
107,"Saraswati College of Engineering (SCOE)","Kharghar","Information Technology",2023,1,"OBC",84.26,22050
107,"Saraswati College of Engineering (SCOE)","Kharghar","Electronics & Telecommunication",2023,1,"OBC",76.86,32400
107,"Saraswati College of Engineering (SCOE)","Kharghar","Mechanical Engineering",2023,1,"OBC",61.56,53800
107,"Saraswati College of Engineering (SCOE)","Kharghar","Civil Engineering",2023,1,"OBC",56.06,61500
107,"Saraswati College of Engineering (SCOE)","Kharghar","Automobile Engineering",2023,1,"OBC",50.56,69200
107,"Saraswati College of Engineering (SCOE)","Kharghar","Computer Engineering",2023,1,"NT",75.26,34650
107,"Saraswati College of Engineering (SCOE)","Kharghar","Information Technology",2023,1,"NT",83.46,23150
107,"Saraswati College of Engineering (SCOE)","Kharghar","Electronics & Telecommunication",2023,1,"NT",76.06,33500
107,"Saraswati College of Engineering (SCOE)","Kharghar","Mechanical Engineering",2023,1,"NT",60.76,54950
107,"Saraswati College of Engineering (SCOE)","Kharghar","Civil Engineering",2023,1,"NT",55.26,62650
107,"Saraswati College of Engineering (SCOE)","Kharghar","Automobile Engineering",2023,1,"NT",49.76,70350
107,"Saraswati College of Engineering (SCOE)","Kharghar","Computer Engineering",2023,1,"SC",73.56,37000
107,"Saraswati College of Engineering (SCOE)","Kharghar","Information Technology",2023,1,"SC",81.76,25550
107,"Saraswati College of Engineering (SCOE)","Kharghar","Electronics & Telecommunication",2023,1,"SC",74.36,35900
107,"Saraswati College of Engineering (SCOE)","Kharghar","Mechanical Engineering",2023,1,"SC",59.06,57300
107,"Saraswati College of Engineering (SCOE)","Kharghar","Civil Engineering",2023,1,"SC",53.56,65000
107,"Saraswati College of Engineering (SCOE)","Kharghar","Automobile Engineering",2023,1,"SC",48.06,72700
107,"Saraswati College of Engineering (SCOE)","Kharghar","Computer Engineering",2023,1,"ST",72.06,39100
107,"Saraswati College of Engineering (SCOE)","Kharghar","Information Technology",2023,1,"ST",80.26,27650
107,"Saraswati College of Engineering (SCOE)","Kharghar","Electronics & Telecommunication",2023,1,"ST",72.86,38000
107,"Saraswati College of Engineering (SCOE)","Kharghar","Mechanical Engineering",2023,1,"ST",57.56,59400
107,"Saraswati College of Engineering (SCOE)","Kharghar","Civil Engineering",2023,1,"ST",52.06,67100
107,"Saraswati College of Engineering (SCOE)","Kharghar","Automobile Engineering",2023,1,"ST",46.56,74800
107,"Saraswati College of Engineering (SCOE)","Kharghar","Computer Engineering",2023,1,"Others",74.86,35200
107,"Saraswati College of Engineering (SCOE)","Kharghar","Information Technology",2023,1,"Others",83.06,23700
107,"Saraswati College of Engineering (SCOE)","Kharghar","Electronics & Telecommunication",2023,1,"Others",75.66,34100
107,"Saraswati College of Engineering (SCOE)","Kharghar","Mechanical Engineering",2023,1,"Others",60.36,55500
107,"Saraswati College of Engineering (SCOE)","Kharghar","Civil Engineering",2023,1,"Others",54.86,63200
107,"Saraswati College of Engineering (SCOE)","Kharghar","Automobile Engineering",2023,1,"Others",49.36,70900
107,"Saraswati College of Engineering (SCOE)","Kharghar","Computer Engineering",2023,2,"Open",75.32,34550
107,"Saraswati College of Engineering (SCOE)","Kharghar","Information Technology",2023,2,"Open",83.52,23050
107,"Saraswati College of Engineering (SCOE)","Kharghar","Electronics & Telecommunication",2023,2,"Open",76.12,33450
107,"Saraswati College of Engineering (SCOE)","Kharghar","Mechanical Engineering",2023,2,"Open",60.82,54850
107,"Saraswati College of Engineering (SCOE)","Kharghar","Civil Engineering",2023,2,"Open",55.32,62550
107,"Saraswati College of Engineering (SCOE)","Kharghar","Automobile Engineering",2023,2,"Open",49.82,70250
107,"Saraswati College of Engineering (SCOE)","Kharghar","Computer Engineering",2023,2,"OBC",75.32,34550
107,"Saraswati College of Engineering (SCOE)","Kharghar","Information Technology",2023,2,"OBC",83.52,23050
107,"Saraswati College of Engineering (SCOE)","Kharghar","Electronics & Telecommunication",2023,2,"OBC",76.12,33450
107,"Saraswati College of Engineering (SCOE)","Kharghar","Mechanical Engineering",2023,2,"OBC",60.82,54850
107,"Saraswati College of Engineering (SCOE)","Kharghar","Civil Engineering",2023,2,"OBC",55.32,62550
107,"Saraswati College of Engineering (SCOE)","Kharghar","Automobile Engineering",2023,2,"OBC",49.82,70250
107,"Saraswati College of Engineering (SCOE)","Kharghar","Computer Engineering",2023,2,"NT",74.52,35650
107,"Saraswati College of Engineering (SCOE)","Kharghar","Information Technology",2023,2,"NT",82.72,24200
107,"Saraswati College of Engineering (SCOE)","Kharghar","Electronics & Telecommunication",2023,2,"NT",75.32,34550
107,"Saraswati College of Engineering (SCOE)","Kharghar","Mechanical Engineering",2023,2,"NT",60.02,55950
107,"Saraswati College of Engineering (SCOE)","Kharghar","Civil Engineering",2023,2,"NT",54.52,63650
107,"Saraswati College of Engineering (SCOE)","Kharghar","Automobile Engineering",2023,2,"NT",49.02,71350
107,"Saraswati College of Engineering (SCOE)","Kharghar","Computer Engineering",2023,2,"SC",72.82,38050
107,"Saraswati College of Engineering (SCOE)","Kharghar","Information Technology",2023,2,"SC",81.02,26550
107,"Saraswati College of Engineering (SCOE)","Kharghar","Electronics & Telecommunication",2023,2,"SC",73.62,36950
107,"Saraswati College of Engineering (SCOE)","Kharghar","Mechanical Engineering",2023,2,"SC",58.32,58350
107,"Saraswati College of Engineering (SCOE)","Kharghar","Civil Engineering",2023,2,"SC",52.82,66050
107,"Saraswati College of Engineering (SCOE)","Kharghar","Automobile Engineering",2023,2,"SC",47.32,73750
107,"Saraswati College of Engineering (SCOE)","Kharghar","Computer Engineering",2023,2,"ST",71.32,40150
107,"Saraswati College of Engineering (SCOE)","Kharghar","Information Technology",2023,2,"ST",79.52,28650
107,"Saraswati College of Engineering (SCOE)","Kharghar","Electronics & Telecommunication",2023,2,"ST",72.12,39050
107,"Saraswati College of Engineering (SCOE)","Kharghar","Mechanical Engineering",2023,2,"ST",56.82,60450
107,"Saraswati College of Engineering (SCOE)","Kharghar","Civil Engineering",2023,2,"ST",51.32,68150
107,"Saraswati College of Engineering (SCOE)","Kharghar","Automobile Engineering",2023,2,"ST",45.82,75850
107,"Saraswati College of Engineering (SCOE)","Kharghar","Computer Engineering",2023,2,"Others",74.12,36250
107,"Saraswati College of Engineering (SCOE)","Kharghar","Information Technology",2023,2,"Others",82.32,24750
107,"Saraswati College of Engineering (SCOE)","Kharghar","Electronics & Telecommunication",2023,2,"Others",74.92,35100
107,"Saraswati College of Engineering (SCOE)","Kharghar","Mechanical Engineering",2023,2,"Others",59.62,56550
107,"Saraswati College of Engineering (SCOE)","Kharghar","Civil Engineering",2023,2,"Others",54.12,64250
107,"Saraswati College of Engineering (SCOE)","Kharghar","Automobile Engineering",2023,2,"Others",48.62,71950
107,"Saraswati College of Engineering (SCOE)","Kharghar","Computer Engineering",2023,3,"Open",74.98,35050
107,"Saraswati College of Engineering (SCOE)","Kharghar","Information Technology",2023,3,"Open",83.18,23550
107,"Saraswati College of Engineering (SCOE)","Kharghar","Electronics & Telecommunication",2023,3,"Open",75.78,33900
107,"Saraswati College of Engineering (SCOE)","Kharghar","Mechanical Engineering",2023,3,"Open",60.48,55350
107,"Saraswati College of Engineering (SCOE)","Kharghar","Civil Engineering",2023,3,"Open",54.98,63050
107,"Saraswati College of Engineering (SCOE)","Kharghar","Automobile Engineering",2023,3,"Open",49.48,70750
107,"Saraswati College of Engineering (SCOE)","Kharghar","Computer Engineering",2023,3,"OBC",74.98,35050
107,"Saraswati College of Engineering (SCOE)","Kharghar","Information Technology",2023,3,"OBC",83.18,23550
107,"Saraswati College of Engineering (SCOE)","Kharghar","Electronics & Telecommunication",2023,3,"OBC",75.78,33900
107,"Saraswati College of Engineering (SCOE)","Kharghar","Mechanical Engineering",2023,3,"OBC",60.48,55350
107,"Saraswati College of Engineering (SCOE)","Kharghar","Civil Engineering",2023,3,"OBC",54.98,63050
107,"Saraswati College of Engineering (SCOE)","Kharghar","Automobile Engineering",2023,3,"OBC",49.48,70750
107,"Saraswati College of Engineering (SCOE)","Kharghar","Computer Engineering",2023,3,"NT",74.18,36150
107,"Saraswati College of Engineering (SCOE)","Kharghar","Information Technology",2023,3,"NT",82.38,24650
107,"Saraswati College of Engineering (SCOE)","Kharghar","Electronics & Telecommunication",2023,3,"NT",74.98,35050
107,"Saraswati College of Engineering (SCOE)","Kharghar","Mechanical Engineering",2023,3,"NT",59.68,56450
107,"Saraswati College of Engineering (SCOE)","Kharghar","Civil Engineering",2023,3,"NT",54.18,64150
107,"Saraswati College of Engineering (SCOE)","Kharghar","Automobile Engineering",2023,3,"NT",48.68,71850
107,"Saraswati College of Engineering (SCOE)","Kharghar","Computer Engineering",2023,3,"SC",72.48,38550
107,"Saraswati College of Engineering (SCOE)","Kharghar","Information Technology",2023,3,"SC",80.68,27050
107,"Saraswati College of Engineering (SCOE)","Kharghar","Electronics & Telecommunication",2023,3,"SC",73.28,37400
107,"Saraswati College of Engineering (SCOE)","Kharghar","Mechanical Engineering",2023,3,"SC",57.98,58850
107,"Saraswati College of Engineering (SCOE)","Kharghar","Civil Engineering",2023,3,"SC",52.48,66550
107,"Saraswati College of Engineering (SCOE)","Kharghar","Automobile Engineering",2023,3,"SC",46.98,74250
107,"Saraswati College of Engineering (SCOE)","Kharghar","Computer Engineering",2023,3,"ST",70.98,40650
107,"Saraswati College of Engineering (SCOE)","Kharghar","Information Technology",2023,3,"ST",79.18,29150
107,"Saraswati College of Engineering (SCOE)","Kharghar","Electronics & Telecommunication",2023,3,"ST",71.78,39500
107,"Saraswati College of Engineering (SCOE)","Kharghar","Mechanical Engineering",2023,3,"ST",56.48,60950
107,"Saraswati College of Engineering (SCOE)","Kharghar","Civil Engineering",2023,3,"ST",50.98,68650
107,"Saraswati College of Engineering (SCOE)","Kharghar","Automobile Engineering",2023,3,"ST",45.48,76350
107,"Saraswati College of Engineering (SCOE)","Kharghar","Computer Engineering",2023,3,"Others",73.78,36700
107,"Saraswati College of Engineering (SCOE)","Kharghar","Information Technology",2023,3,"Others",81.98,25250
107,"Saraswati College of Engineering (SCOE)","Kharghar","Electronics & Telecommunication",2023,3,"Others",74.58,35600
107,"Saraswati College of Engineering (SCOE)","Kharghar","Mechanical Engineering",2023,3,"Others",59.28,57000
107,"Saraswati College of Engineering (SCOE)","Kharghar","Civil Engineering",2023,3,"Others",53.78,64700
107,"Saraswati College of Engineering (SCOE)","Kharghar","Automobile Engineering",2023,3,"Others",48.28,72400
107,"Saraswati College of Engineering (SCOE)","Kharghar","Computer Engineering",2024,1,"Open",76.4,33050
107,"Saraswati College of Engineering (SCOE)","Kharghar","Information Technology",2024,1,"Open",84.6,21550
107,"Saraswati College of Engineering (SCOE)","Kharghar","Electronics & Telecommunication",2024,1,"Open",77.2,31900
107,"Saraswati College of Engineering (SCOE)","Kharghar","Mechanical Engineering",2024,1,"Open",61.9,53350
107,"Saraswati College of Engineering (SCOE)","Kharghar","Civil Engineering",2024,1,"Open",56.4,61050
107,"Saraswati College of Engineering (SCOE)","Kharghar","Automobile Engineering",2024,1,"Open",50.9,68750
107,"Saraswati College of Engineering (SCOE)","Kharghar","Computer Engineering",2024,1,"OBC",76.4,33050
107,"Saraswati College of Engineering (SCOE)","Kharghar","Information Technology",2024,1,"OBC",84.6,21550
107,"Saraswati College of Engineering (SCOE)","Kharghar","Electronics & Telecommunication",2024,1,"OBC",77.2,31900
107,"Saraswati College of Engineering (SCOE)","Kharghar","Mechanical Engineering",2024,1,"OBC",61.9,53350
107,"Saraswati College of Engineering (SCOE)","Kharghar","Civil Engineering",2024,1,"OBC",56.4,61050
107,"Saraswati College of Engineering (SCOE)","Kharghar","Automobile Engineering",2024,1,"OBC",50.9,68750
107,"Saraswati College of Engineering (SCOE)","Kharghar","Computer Engineering",2024,1,"NT",75.6,34150
107,"Saraswati College of Engineering (SCOE)","Kharghar","Information Technology",2024,1,"NT",83.8,22700
107,"Saraswati College of Engineering (SCOE)","Kharghar","Electronics & Telecommunication",2024,1,"NT",76.4,33050
107,"Saraswati College of Engineering (SCOE)","Kharghar","Mechanical Engineering",2024,1,"NT",61.1,54450
107,"Saraswati College of Engineering (SCOE)","Kharghar","Civil Engineering",2024,1,"NT",55.6,62150
107,"Saraswati College of Engineering (SCOE)","Kharghar","Automobile Engineering",2024,1,"NT",50.1,69850
107,"Saraswati College of Engineering (SCOE)","Kharghar","Computer Engineering",2024,1,"SC",73.9,36550
107,"Saraswati College of Engineering (SCOE)","Kharghar","Information Technology",2024,1,"SC",82.1,25050
107,"Saraswati College of Engineering (SCOE)","Kharghar","Electronics & Telecommunication",2024,1,"SC",74.7,35400
107,"Saraswati College of Engineering (SCOE)","Kharghar","Mechanical Engineering",2024,1,"SC",59.4,56850
107,"Saraswati College of Engineering (SCOE)","Kharghar","Civil Engineering",2024,1,"SC",53.9,64550
107,"Saraswati College of Engineering (SCOE)","Kharghar","Automobile Engineering",2024,1,"SC",48.4,72250
107,"Saraswati College of Engineering (SCOE)","Kharghar","Computer Engineering",2024,1,"ST",72.4,38650
107,"Saraswati College of Engineering (SCOE)","Kharghar","Information Technology",2024,1,"ST",80.6,27150
107,"Saraswati College of Engineering (SCOE)","Kharghar","Electronics & Telecommunication",2024,1,"ST",73.2,37500
107,"Saraswati College of Engineering (SCOE)","Kharghar","Mechanical Engineering",2024,1,"ST",57.9,58950
107,"Saraswati College of Engineering (SCOE)","Kharghar","Civil Engineering",2024,1,"ST",52.4,66650
107,"Saraswati College of Engineering (SCOE)","Kharghar","Automobile Engineering",2024,1,"ST",46.9,74350
107,"Saraswati College of Engineering (SCOE)","Kharghar","Computer Engineering",2024,1,"Others",75.2,34700
107,"Saraswati College of Engineering (SCOE)","Kharghar","Information Technology",2024,1,"Others",83.4,23250
107,"Saraswati College of Engineering (SCOE)","Kharghar","Electronics & Telecommunication",2024,1,"Others",76,33600
107,"Saraswati College of Engineering (SCOE)","Kharghar","Mechanical Engineering",2024,1,"Others",60.7,55000
107,"Saraswati College of Engineering (SCOE)","Kharghar","Civil Engineering",2024,1,"Others",55.2,62700
107,"Saraswati College of Engineering (SCOE)","Kharghar","Automobile Engineering",2024,1,"Others",49.7,70400
107,"Saraswati College of Engineering (SCOE)","Kharghar","Computer Engineering",2024,2,"Open",76.06,33500
107,"Saraswati College of Engineering (SCOE)","Kharghar","Information Technology",2024,2,"Open",84.26,22050
107,"Saraswati College of Engineering (SCOE)","Kharghar","Electronics & Telecommunication",2024,2,"Open",76.86,32400
107,"Saraswati College of Engineering (SCOE)","Kharghar","Mechanical Engineering",2024,2,"Open",61.56,53800
107,"Saraswati College of Engineering (SCOE)","Kharghar","Civil Engineering",2024,2,"Open",56.06,61500
107,"Saraswati College of Engineering (SCOE)","Kharghar","Automobile Engineering",2024,2,"Open",50.56,69200
107,"Saraswati College of Engineering (SCOE)","Kharghar","Computer Engineering",2024,2,"OBC",76.06,33500
107,"Saraswati College of Engineering (SCOE)","Kharghar","Information Technology",2024,2,"OBC",84.26,22050
107,"Saraswati College of Engineering (SCOE)","Kharghar","Electronics & Telecommunication",2024,2,"OBC",76.86,32400
107,"Saraswati College of Engineering (SCOE)","Kharghar","Mechanical Engineering",2024,2,"OBC",61.56,53800
107,"Saraswati College of Engineering (SCOE)","Kharghar","Civil Engineering",2024,2,"OBC",56.06,61500
107,"Saraswati College of Engineering (SCOE)","Kharghar","Automobile Engineering",2024,2,"OBC",50.56,69200
107,"Saraswati College of Engineering (SCOE)","Kharghar","Computer Engineering",2024,2,"NT",75.26,34650
107,"Saraswati College of Engineering (SCOE)","Kharghar","Information Technology",2024,2,"NT",83.46,23150
107,"Saraswati College of Engineering (SCOE)","Kharghar","Electronics & Telecommunication",2024,2,"NT",76.06,33500
107,"Saraswati College of Engineering (SCOE)","Kharghar","Mechanical Engineering",2024,2,"NT",60.76,54950
107,"Saraswati College of Engineering (SCOE)","Kharghar","Civil Engineering",2024,2,"NT",55.26,62650
107,"Saraswati College of Engineering (SCOE)","Kharghar","Automobile Engineering",2024,2,"NT",49.76,70350
107,"Saraswati College of Engineering (SCOE)","Kharghar","Computer Engineering",2024,2,"SC",73.56,37000
107,"Saraswati College of Engineering (SCOE)","Kharghar","Information Technology",2024,2,"SC",81.76,25550
107,"Saraswati College of Engineering (SCOE)","Kharghar","Electronics & Telecommunication",2024,2,"SC",74.36,35900
107,"Saraswati College of Engineering (SCOE)","Kharghar","Mechanical Engineering",2024,2,"SC",59.06,57300
107,"Saraswati College of Engineering (SCOE)","Kharghar","Civil Engineering",2024,2,"SC",53.56,65000
107,"Saraswati College of Engineering (SCOE)","Kharghar","Automobile Engineering",2024,2,"SC",48.06,72700
107,"Saraswati College of Engineering (SCOE)","Kharghar","Computer Engineering",2024,2,"ST",72.06,39100
107,"Saraswati College of Engineering (SCOE)","Kharghar","Information Technology",2024,2,"ST",80.26,27650
107,"Saraswati College of Engineering (SCOE)","Kharghar","Electronics & Telecommunication",2024,2,"ST",72.86,38000
107,"Saraswati College of Engineering (SCOE)","Kharghar","Mechanical Engineering",2024,2,"ST",57.56,59400
107,"Saraswati College of Engineering (SCOE)","Kharghar","Civil Engineering",2024,2,"ST",52.06,67100
107,"Saraswati College of Engineering (SCOE)","Kharghar","Automobile Engineering",2024,2,"ST",46.56,74800
107,"Saraswati College of Engineering (SCOE)","Kharghar","Computer Engineering",2024,2,"Others",74.86,35200
107,"Saraswati College of Engineering (SCOE)","Kharghar","Information Technology",2024,2,"Others",83.06,23700
107,"Saraswati College of Engineering (SCOE)","Kharghar","Electronics & Telecommunication",2024,2,"Others",75.66,34100
107,"Saraswati College of Engineering (SCOE)","Kharghar","Mechanical Engineering",2024,2,"Others",60.36,55500
107,"Saraswati College of Engineering (SCOE)","Kharghar","Civil Engineering",2024,2,"Others",54.86,63200
107,"Saraswati College of Engineering (SCOE)","Kharghar","Automobile Engineering",2024,2,"Others",49.36,70900
107,"Saraswati College of Engineering (SCOE)","Kharghar","Computer Engineering",2024,3,"Open",75.32,34550
107,"Saraswati College of Engineering (SCOE)","Kharghar","Information Technology",2024,3,"Open",83.52,23050
107,"Saraswati College of Engineering (SCOE)","Kharghar","Electronics & Telecommunication",2024,3,"Open",76.12,33450
107,"Saraswati College of Engineering (SCOE)","Kharghar","Mechanical Engineering",2024,3,"Open",60.82,54850
107,"Saraswati College of Engineering (SCOE)","Kharghar","Civil Engineering",2024,3,"Open",55.32,62550
107,"Saraswati College of Engineering (SCOE)","Kharghar","Automobile Engineering",2024,3,"Open",49.82,70250
107,"Saraswati College of Engineering (SCOE)","Kharghar","Computer Engineering",2024,3,"OBC",75.32,34550
107,"Saraswati College of Engineering (SCOE)","Kharghar","Information Technology",2024,3,"OBC",83.52,23050
107,"Saraswati College of Engineering (SCOE)","Kharghar","Electronics & Telecommunication",2024,3,"OBC",76.12,33450
107,"Saraswati College of Engineering (SCOE)","Kharghar","Mechanical Engineering",2024,3,"OBC",60.82,54850
107,"Saraswati College of Engineering (SCOE)","Kharghar","Civil Engineering",2024,3,"OBC",55.32,62550
107,"Saraswati College of Engineering (SCOE)","Kharghar","Automobile Engineering",2024,3,"OBC",49.82,70250
107,"Saraswati College of Engineering (SCOE)","Kharghar","Computer Engineering",2024,3,"NT",74.52,35650
107,"Saraswati College of Engineering (SCOE)","Kharghar","Information Technology",2024,3,"NT",82.72,24200
107,"Saraswati College of Engineering (SCOE)","Kharghar","Electronics & Telecommunication",2024,3,"NT",75.32,34550
107,"Saraswati College of Engineering (SCOE)","Kharghar","Mechanical Engineering",2024,3,"NT",60.02,55950
107,"Saraswati College of Engineering (SCOE)","Kharghar","Civil Engineering",2024,3,"NT",54.52,63650
107,"Saraswati College of Engineering (SCOE)","Kharghar","Automobile Engineering",2024,3,"NT",49.02,71350
107,"Saraswati College of Engineering (SCOE)","Kharghar","Computer Engineering",2024,3,"SC",72.82,38050
107,"Saraswati College of Engineering (SCOE)","Kharghar","Information Technology",2024,3,"SC",81.02,26550
107,"Saraswati College of Engineering (SCOE)","Kharghar","Electronics & Telecommunication",2024,3,"SC",73.62,36950
107,"Saraswati College of Engineering (SCOE)","Kharghar","Mechanical Engineering",2024,3,"SC",58.32,58350
107,"Saraswati College of Engineering (SCOE)","Kharghar","Civil Engineering",2024,3,"SC",52.82,66050
107,"Saraswati College of Engineering (SCOE)","Kharghar","Automobile Engineering",2024,3,"SC",47.32,73750
107,"Saraswati College of Engineering (SCOE)","Kharghar","Computer Engineering",2024,3,"ST",71.32,40150
107,"Saraswati College of Engineering (SCOE)","Kharghar","Information Technology",2024,3,"ST",79.52,28650
107,"Saraswati College of Engineering (SCOE)","Kharghar","Electronics & Telecommunication",2024,3,"ST",72.12,39050
107,"Saraswati College of Engineering (SCOE)","Kharghar","Mechanical Engineering",2024,3,"ST",56.82,60450
107,"Saraswati College of Engineering (SCOE)","Kharghar","Civil Engineering",2024,3,"ST",51.32,68150
107,"Saraswati College of Engineering (SCOE)","Kharghar","Automobile Engineering",2024,3,"ST",45.82,75850
107,"Saraswati College of Engineering (SCOE)","Kharghar","Computer Engineering",2024,3,"Others",74.12,36250
107,"Saraswati College of Engineering (SCOE)","Kharghar","Information Technology",2024,3,"Others",82.32,24750
107,"Saraswati College of Engineering (SCOE)","Kharghar","Electronics & Telecommunication",2024,3,"Others",74.92,35100
107,"Saraswati College of Engineering (SCOE)","Kharghar","Mechanical Engineering",2024,3,"Others",59.62,56550
107,"Saraswati College of Engineering (SCOE)","Kharghar","Civil Engineering",2024,3,"Others",54.12,64250
107,"Saraswati College of Engineering (SCOE)","Kharghar","Automobile Engineering",2024,3,"Others",48.62,71950
107,"Saraswati College of Engineering (SCOE)","Kharghar","Computer Engineering",2025,1,"Open",77.04,32150
107,"Saraswati College of Engineering (SCOE)","Kharghar","Information Technology",2025,1,"Open",85.24,20650
107,"Saraswati College of Engineering (SCOE)","Kharghar","Electronics & Telecommunication",2025,1,"Open",77.84,31000
107,"Saraswati College of Engineering (SCOE)","Kharghar","Mechanical Engineering",2025,1,"Open",62.54,52450
107,"Saraswati College of Engineering (SCOE)","Kharghar","Civil Engineering",2025,1,"Open",57.04,60150
107,"Saraswati College of Engineering (SCOE)","Kharghar","Automobile Engineering",2025,1,"Open",51.54,67850
107,"Saraswati College of Engineering (SCOE)","Kharghar","Computer Engineering",2025,1,"OBC",77.04,32150
107,"Saraswati College of Engineering (SCOE)","Kharghar","Information Technology",2025,1,"OBC",85.24,20650
107,"Saraswati College of Engineering (SCOE)","Kharghar","Electronics & Telecommunication",2025,1,"OBC",77.84,31000
107,"Saraswati College of Engineering (SCOE)","Kharghar","Mechanical Engineering",2025,1,"OBC",62.54,52450
107,"Saraswati College of Engineering (SCOE)","Kharghar","Civil Engineering",2025,1,"OBC",57.04,60150
107,"Saraswati College of Engineering (SCOE)","Kharghar","Automobile Engineering",2025,1,"OBC",51.54,67850
107,"Saraswati College of Engineering (SCOE)","Kharghar","Computer Engineering",2025,1,"NT",76.24,33250
107,"Saraswati College of Engineering (SCOE)","Kharghar","Information Technology",2025,1,"NT",84.44,21800
107,"Saraswati College of Engineering (SCOE)","Kharghar","Electronics & Telecommunication",2025,1,"NT",77.04,32150
107,"Saraswati College of Engineering (SCOE)","Kharghar","Mechanical Engineering",2025,1,"NT",61.74,53550
107,"Saraswati College of Engineering (SCOE)","Kharghar","Civil Engineering",2025,1,"NT",56.24,61250
107,"Saraswati College of Engineering (SCOE)","Kharghar","Automobile Engineering",2025,1,"NT",50.74,68950
107,"Saraswati College of Engineering (SCOE)","Kharghar","Computer Engineering",2025,1,"SC",74.54,35650
107,"Saraswati College of Engineering (SCOE)","Kharghar","Information Technology",2025,1,"SC",82.74,24150
107,"Saraswati College of Engineering (SCOE)","Kharghar","Electronics & Telecommunication",2025,1,"SC",75.34,34500
107,"Saraswati College of Engineering (SCOE)","Kharghar","Mechanical Engineering",2025,1,"SC",60.04,55950
107,"Saraswati College of Engineering (SCOE)","Kharghar","Civil Engineering",2025,1,"SC",54.54,63650
107,"Saraswati College of Engineering (SCOE)","Kharghar","Automobile Engineering",2025,1,"SC",49.04,71350
107,"Saraswati College of Engineering (SCOE)","Kharghar","Computer Engineering",2025,1,"ST",73.04,37750
107,"Saraswati College of Engineering (SCOE)","Kharghar","Information Technology",2025,1,"ST",81.24,26250
107,"Saraswati College of Engineering (SCOE)","Kharghar","Electronics & Telecommunication",2025,1,"ST",73.84,36600
107,"Saraswati College of Engineering (SCOE)","Kharghar","Mechanical Engineering",2025,1,"ST",58.54,58050
107,"Saraswati College of Engineering (SCOE)","Kharghar","Civil Engineering",2025,1,"ST",53.04,65750
107,"Saraswati College of Engineering (SCOE)","Kharghar","Automobile Engineering",2025,1,"ST",47.54,73450
107,"Saraswati College of Engineering (SCOE)","Kharghar","Computer Engineering",2025,1,"Others",75.84,33800
107,"Saraswati College of Engineering (SCOE)","Kharghar","Information Technology",2025,1,"Others",84.04,22350
107,"Saraswati College of Engineering (SCOE)","Kharghar","Electronics & Telecommunication",2025,1,"Others",76.64,32700
107,"Saraswati College of Engineering (SCOE)","Kharghar","Mechanical Engineering",2025,1,"Others",61.34,54100
107,"Saraswati College of Engineering (SCOE)","Kharghar","Civil Engineering",2025,1,"Others",55.84,61800
107,"Saraswati College of Engineering (SCOE)","Kharghar","Automobile Engineering",2025,1,"Others",50.34,69500
107,"Saraswati College of Engineering (SCOE)","Kharghar","Computer Engineering",2025,2,"Open",76.3,33200
107,"Saraswati College of Engineering (SCOE)","Kharghar","Information Technology",2025,2,"Open",84.5,21700
107,"Saraswati College of Engineering (SCOE)","Kharghar","Electronics & Telecommunication",2025,2,"Open",77.1,32050
107,"Saraswati College of Engineering (SCOE)","Kharghar","Mechanical Engineering",2025,2,"Open",61.8,53500
107,"Saraswati College of Engineering (SCOE)","Kharghar","Civil Engineering",2025,2,"Open",56.3,61200
107,"Saraswati College of Engineering (SCOE)","Kharghar","Automobile Engineering",2025,2,"Open",50.8,68900
107,"Saraswati College of Engineering (SCOE)","Kharghar","Computer Engineering",2025,2,"OBC",76.3,33200
107,"Saraswati College of Engineering (SCOE)","Kharghar","Information Technology",2025,2,"OBC",84.5,21700
107,"Saraswati College of Engineering (SCOE)","Kharghar","Electronics & Telecommunication",2025,2,"OBC",77.1,32050
107,"Saraswati College of Engineering (SCOE)","Kharghar","Mechanical Engineering",2025,2,"OBC",61.8,53500
107,"Saraswati College of Engineering (SCOE)","Kharghar","Civil Engineering",2025,2,"OBC",56.3,61200
107,"Saraswati College of Engineering (SCOE)","Kharghar","Automobile Engineering",2025,2,"OBC",50.8,68900
107,"Saraswati College of Engineering (SCOE)","Kharghar","Computer Engineering",2025,2,"NT",75.5,34300
107,"Saraswati College of Engineering (SCOE)","Kharghar","Information Technology",2025,2,"NT",83.7,22800
107,"Saraswati College of Engineering (SCOE)","Kharghar","Electronics & Telecommunication",2025,2,"NT",76.3,33200
107,"Saraswati College of Engineering (SCOE)","Kharghar","Mechanical Engineering",2025,2,"NT",61,54600
107,"Saraswati College of Engineering (SCOE)","Kharghar","Civil Engineering",2025,2,"NT",55.5,62300
107,"Saraswati College of Engineering (SCOE)","Kharghar","Automobile Engineering",2025,2,"NT",50,70000
107,"Saraswati College of Engineering (SCOE)","Kharghar","Computer Engineering",2025,2,"SC",73.8,36700
107,"Saraswati College of Engineering (SCOE)","Kharghar","Information Technology",2025,2,"SC",82,25200
107,"Saraswati College of Engineering (SCOE)","Kharghar","Electronics & Telecommunication",2025,2,"SC",74.6,35550
107,"Saraswati College of Engineering (SCOE)","Kharghar","Mechanical Engineering",2025,2,"SC",59.3,57000
107,"Saraswati College of Engineering (SCOE)","Kharghar","Civil Engineering",2025,2,"SC",53.8,64700
107,"Saraswati College of Engineering (SCOE)","Kharghar","Automobile Engineering",2025,2,"SC",48.3,72400
107,"Saraswati College of Engineering (SCOE)","Kharghar","Computer Engineering",2025,2,"ST",72.3,38800
107,"Saraswati College of Engineering (SCOE)","Kharghar","Information Technology",2025,2,"ST",80.5,27300
107,"Saraswati College of Engineering (SCOE)","Kharghar","Electronics & Telecommunication",2025,2,"ST",73.1,37650
107,"Saraswati College of Engineering (SCOE)","Kharghar","Mechanical Engineering",2025,2,"ST",57.8,59100
107,"Saraswati College of Engineering (SCOE)","Kharghar","Civil Engineering",2025,2,"ST",52.3,66800
107,"Saraswati College of Engineering (SCOE)","Kharghar","Automobile Engineering",2025,2,"ST",46.8,74500
107,"Saraswati College of Engineering (SCOE)","Kharghar","Computer Engineering",2025,2,"Others",75.1,34850
107,"Saraswati College of Engineering (SCOE)","Kharghar","Information Technology",2025,2,"Others",83.3,23400
107,"Saraswati College of Engineering (SCOE)","Kharghar","Electronics & Telecommunication",2025,2,"Others",75.9,33750
107,"Saraswati College of Engineering (SCOE)","Kharghar","Mechanical Engineering",2025,2,"Others",60.6,55150
107,"Saraswati College of Engineering (SCOE)","Kharghar","Civil Engineering",2025,2,"Others",55.1,62850
107,"Saraswati College of Engineering (SCOE)","Kharghar","Automobile Engineering",2025,2,"Others",49.6,70550
107,"Saraswati College of Engineering (SCOE)","Kharghar","Computer Engineering",2025,3,"Open",75.96,33650
107,"Saraswati College of Engineering (SCOE)","Kharghar","Information Technology",2025,3,"Open",84.16,22200
107,"Saraswati College of Engineering (SCOE)","Kharghar","Electronics & Telecommunication",2025,3,"Open",76.76,32550
107,"Saraswati College of Engineering (SCOE)","Kharghar","Mechanical Engineering",2025,3,"Open",61.46,53950
107,"Saraswati College of Engineering (SCOE)","Kharghar","Civil Engineering",2025,3,"Open",55.96,61650
107,"Saraswati College of Engineering (SCOE)","Kharghar","Automobile Engineering",2025,3,"Open",50.46,69350
107,"Saraswati College of Engineering (SCOE)","Kharghar","Computer Engineering",2025,3,"OBC",75.96,33650
107,"Saraswati College of Engineering (SCOE)","Kharghar","Information Technology",2025,3,"OBC",84.16,22200
107,"Saraswati College of Engineering (SCOE)","Kharghar","Electronics & Telecommunication",2025,3,"OBC",76.76,32550
107,"Saraswati College of Engineering (SCOE)","Kharghar","Mechanical Engineering",2025,3,"OBC",61.46,53950
107,"Saraswati College of Engineering (SCOE)","Kharghar","Civil Engineering",2025,3,"OBC",55.96,61650
107,"Saraswati College of Engineering (SCOE)","Kharghar","Automobile Engineering",2025,3,"OBC",50.46,69350
107,"Saraswati College of Engineering (SCOE)","Kharghar","Computer Engineering",2025,3,"NT",75.16,34800
107,"Saraswati College of Engineering (SCOE)","Kharghar","Information Technology",2025,3,"NT",83.36,23300
107,"Saraswati College of Engineering (SCOE)","Kharghar","Electronics & Telecommunication",2025,3,"NT",75.96,33650
107,"Saraswati College of Engineering (SCOE)","Kharghar","Mechanical Engineering",2025,3,"NT",60.66,55100
107,"Saraswati College of Engineering (SCOE)","Kharghar","Civil Engineering",2025,3,"NT",55.16,62800
107,"Saraswati College of Engineering (SCOE)","Kharghar","Automobile Engineering",2025,3,"NT",49.66,70500
107,"Saraswati College of Engineering (SCOE)","Kharghar","Computer Engineering",2025,3,"SC",73.46,37150
107,"Saraswati College of Engineering (SCOE)","Kharghar","Information Technology",2025,3,"SC",81.66,25700
107,"Saraswati College of Engineering (SCOE)","Kharghar","Electronics & Telecommunication",2025,3,"SC",74.26,36050
107,"Saraswati College of Engineering (SCOE)","Kharghar","Mechanical Engineering",2025,3,"SC",58.96,57450
107,"Saraswati College of Engineering (SCOE)","Kharghar","Civil Engineering",2025,3,"SC",53.46,65150
107,"Saraswati College of Engineering (SCOE)","Kharghar","Automobile Engineering",2025,3,"SC",47.96,72850
107,"Saraswati College of Engineering (SCOE)","Kharghar","Computer Engineering",2025,3,"ST",71.96,39250
107,"Saraswati College of Engineering (SCOE)","Kharghar","Information Technology",2025,3,"ST",80.16,27800
107,"Saraswati College of Engineering (SCOE)","Kharghar","Electronics & Telecommunication",2025,3,"ST",72.76,38150
107,"Saraswati College of Engineering (SCOE)","Kharghar","Mechanical Engineering",2025,3,"ST",57.46,59550
107,"Saraswati College of Engineering (SCOE)","Kharghar","Civil Engineering",2025,3,"ST",51.96,67250
107,"Saraswati College of Engineering (SCOE)","Kharghar","Automobile Engineering",2025,3,"ST",46.46,74950
107,"Saraswati College of Engineering (SCOE)","Kharghar","Computer Engineering",2025,3,"Others",74.76,35350
107,"Saraswati College of Engineering (SCOE)","Kharghar","Information Technology",2025,3,"Others",82.96,23850
107,"Saraswati College of Engineering (SCOE)","Kharghar","Electronics & Telecommunication",2025,3,"Others",75.56,34200
107,"Saraswati College of Engineering (SCOE)","Kharghar","Mechanical Engineering",2025,3,"Others",60.26,55650
107,"Saraswati College of Engineering (SCOE)","Kharghar","Civil Engineering",2025,3,"Others",54.76,63350
107,"Saraswati College of Engineering (SCOE)","Kharghar","Automobile Engineering",2025,3,"Others",49.26,71050